# AIP viewmodel
# verts 14737 tris 29620
v 12.658583 -0.318957 5.439267
v 13.200021 -0.304588 5.435705
v 12.417738 -0.571862 5.234888
v 13.200050 -0.571773 5.235360
v 13.176170 0.305913 5.434556
v 12.874240 -0.482908 5.078918
v 12.859870 0.563896 5.183139
v 12.815673 0.553193 5.112073
v 12.815879 -0.545729 5.068759
v 12.930376 -0.546185 5.124381
v 12.883456 -0.482319 5.053742
v 12.898663 0.490224 5.108216
v 12.946130 -0.567563 5.197523
v 12.872340 -0.520244 5.099647
v 12.874240 -0.582874 5.197523
v 12.525094 0.434647 5.333471
v 12.960514 0.551411 5.226276
v 12.946130 0.530682 5.168770
v 13.032403 0.561349 5.211892
v 13.176170 0.548997 5.245209
v 12.989267 0.559244 4.493018
v 13.176170 0.557418 5.226276
v 13.209060 0.011726 5.432863
v 13.195883 0.377597 5.376579
v 13.204245 -0.533966 5.265629
v 13.214950 -0.543447 4.435512
v 13.224622 0.490460 5.259873
v 13.222781 0.529460 5.227233
v 13.194427 -0.454272 5.333176
v 13.276328 -0.433308 5.254499
v 13.220278 -0.565560 5.197523
v 13.219219 0.342263 5.384308
v 13.233588 0.500398 5.240571
v 13.261384 0.500560 4.773380
v 13.238433 0.284889 5.403491
v 13.267597 0.332148 5.331557
v 13.244203 -0.490490 5.254499
v 13.190025 0.553355 4.407348
v 13.276741 0.471807 4.464265
v 13.242303 -0.543064 4.402769
v 13.205350 -0.567990 4.407966
v 13.265962 -0.505316 4.422188
v 13.268304 -0.510277 4.773380
v 13.263696 -0.520244 4.119213
v 13.266934 0.489047 5.111249
v 13.257158 0.509658 4.126397
v 13.253582 0.505816 5.168770
v 13.268245 0.433307 5.245754
v 13.259558 0.498881 5.154386
v 13.273339 0.476827 5.039373
v 13.260707 0.500560 5.024989
v 13.268318 -0.432041 5.266969
v 13.298411 -0.448413 4.253997
v 13.314519 -0.415773 4.234225
v 13.289284 0.443039 5.039373
v 13.272472 0.483850 4.784172
v 13.279110 -0.487015 4.672737
v 13.286678 0.411135 5.237273
v 13.277608 0.471807 5.125633
v 13.267920 -0.509585 5.183139
v 13.198313 0.551205 4.470993
v 13.310057 0.400476 4.507402
v 13.268437 0.491550 4.564909
v 13.273765 -0.419218 5.269384
v 13.293302 -0.456805 4.751811
v 13.298162 -0.447942 4.960283
v 13.283070 0.462840 5.140016
v 13.290520 -0.462738 4.672737
v 13.290461 -0.462738 4.651168
v 13.284145 0.464946 4.047322
v 13.312943 0.393144 4.219856
v 13.321835 -0.406424 4.593662
v 13.310763 -0.422648 4.895592
v 13.297042 0.432144 4.068891
v 13.296748 -0.452447 4.464265
v 13.313871 -0.414801 5.024989
v 13.304787 -0.433985 5.082495
v 13.304537 0.414286 4.356437
v 13.300473 -0.445262 4.464265
v 13.334938 -0.394322 3.975432
v 13.310249 0.398473 4.908592
v 13.304492 0.414286 4.406759
v 13.348337 0.375241 5.197066
v 13.334320 -0.338156 5.273521
v 13.310366 0.398503 4.276420
v 13.296865 0.431805 4.708690
v 13.312913 0.393541 4.665920
v 13.321497 -0.405762 4.953099
v 13.282481 -0.481038 5.154386
v 13.328931 -0.399578 4.449881
v 13.312782 0.392761 4.271002
v 13.320761 -0.405232 5.183139
v 13.314238 -0.415199 3.917925
v 13.334320 -0.392452 5.197523
v 13.367416 0.395411 5.082495
v 13.328386 -0.398960 4.104829
v 13.358185 0.377332 4.299726
v 13.324618 0.376743 4.306115
v 13.317830 0.385532 4.665552
v 13.324470 0.376758 5.111249
v 13.305272 -0.276335 5.352684
v 13.371332 -0.411238 4.636799
v 13.348703 -0.393247 4.852455
v 13.379812 -0.420999 4.463514
v 13.358907 0.376934 4.967483
v 13.381152 -0.423399 4.924345
v 13.381211 -0.423355 4.730243
v 13.374145 0.388212 4.246474
v 13.412158 0.444997 4.349252
v 13.441647 -0.506641 4.435512
v 13.381226 -0.423355 4.507402
v 13.463716 -0.533892 4.564909
v 13.478101 -0.538824 4.334868
v 13.390472 -0.434235 4.715874
v 13.402913 -0.450062 4.191088
v 13.406269 -0.455435 3.946679
v 13.443341 0.491564 4.169534
v 13.438055 0.487545 5.024753
v 13.439336 -0.502901 4.176719
v 13.455605 0.508643 4.665552
v 13.412614 -0.463857 4.212657
v 13.478101 -0.528415 5.033646
v 13.431137 -0.494288 5.039373
v 13.413027 -0.470423 5.053742
v 13.439115 -0.503063 3.867603
v 13.450289 -0.520244 4.996236
v 13.478101 -0.538750 3.817282
v 13.463701 -0.536218 4.844652
v 13.478101 -0.536822 5.010605
v 13.442737 -0.512103 4.881209
v 13.780031 0.519213 4.593662
v 13.478101 0.517859 4.086322
v 13.478101 0.517550 5.010605
v 13.780031 0.258373 5.344704
v 13.679387 0.515974 4.852455
v 13.618201 0.495245 4.737443
v 13.616008 -0.514885 4.766195
v 13.617936 0.494288 4.809333
v 13.593127 -0.537956 4.823702
v 13.669331 0.494097 4.737443
v 13.621880 0.515753 4.708704
v 13.626813 -0.511543 4.712900
v 13.680330 -0.508422 4.738443
v 13.600504 -0.541901 4.723058
v 13.304815 0.255797 5.350402
v 13.645201 -0.498764 4.771820
v 13.686188 -0.527723 4.800499
v 13.666976 -0.500693 4.766195
v 13.688722 0.521746 4.699385
v 13.708141 -0.540532 4.723058
v 13.677120 -0.507892 4.766195
v 13.679387 -0.539266 4.852455
v 13.688472 -0.519699 4.750737
v 13.790469 -0.342145 5.264157
v 13.791368 -0.528857 5.034765
v 13.780031 -0.278647 5.344896
v 13.852408 -0.492139 5.011724
v 13.810403 -0.478476 5.084012
v 13.813967 0.506419 4.442696
v 13.974708 0.378907 4.975521
v 13.878510 0.184245 5.281559
v 13.802262 -0.244358 5.348885
v 13.795445 0.504712 5.039432
v 13.837183 0.456996 5.053257
v 13.945675 -0.212189 5.219356
v 13.841615 0.244932 5.301626
v 13.951196 0.184643 5.213659
v 13.848151 0.399062 5.110100
v 13.884135 -0.307989 5.197523
v 13.889067 -0.356220 5.134422
v 13.991300 0.367954 4.845271
v 13.995437 -0.232698 5.140016
v 13.953124 -0.421529 4.726651
v 13.991845 -0.388006 4.464265
v 13.927315 0.288408 5.142725
v 13.990754 0.354159 4.981852
v 13.957027 0.397296 4.679936
v 13.989960 -0.045795 5.177824
v 13.990770 0.367262 4.378006
v 13.977181 0.298375 5.066742
v 13.999207 -0.081733 5.118448
v 13.970408 0.245285 5.142593
v 13.998808 0.284889 5.024989
v 13.998793 -0.362021 4.509596
v 13.988532 0.220257 5.147274
v 13.998823 -0.318957 4.996236
v 13.990166 -0.372135 4.981852
v 13.982511 -0.175191 5.184184
v 13.931453 0.220684 5.219592
v 13.998278 -0.052538 5.154386
v 13.997882 0.169876 5.140016
v 13.998470 0.126739 5.125633
v 13.998632 0.306457 4.298931
v 13.995231 0.356764 4.096554
v 13.990726 0.367218 4.007998
v 13.998882 -0.318530 4.427650
v 13.996982 -0.376464 4.444272
v 13.996909 -0.376449 4.412133
v 13.998454 0.299273 5.010605
v 13.997380 -0.376478 3.637564
v 13.998308 -0.362094 4.953099
v 13.995010 0.356779 4.406759
v 13.998868 -0.333341 4.981852
v 13.999074 -0.333341 4.953099
v 13.991300 0.368042 4.823702
v 13.998661 0.293884 4.732952
v 13.998911 0.276806 4.767992
v 13.997851 0.198629 5.125633
v 13.999310 -0.304588 4.924345
v 13.998588 -0.362094 4.421128
v 13.998676 -0.362094 4.435512
v 13.999176 -0.352981 4.048559
v 13.999043 -0.347725 4.953099
v 13.997910 0.342322 4.034837
v 13.998440 0.328026 4.032938
v 13.999102 0.205711 5.086839
v 13.998911 -0.347725 4.938729
v 13.999383 0.209406 4.101236
v 13.999192 0.184245 5.003421
v 13.999043 0.294326 4.814721
v 13.999544 0.270520 5.010605
v 13.999500 0.234567 4.989051
v 13.999102 0.295680 4.904573
v 13.999117 -0.317706 4.964567
v 13.999855 -0.212925 4.953099
v 13.999397 -0.130037 4.031599
v 13.999500 0.171672 4.196035
v 13.999574 -0.210349 4.501778
v 13.999192 -0.297403 4.485834
v 13.999662 -0.225955 3.802000
v 13.999559 -0.268636 4.430124
v 13.999192 0.166284 4.972871
v 13.999383 0.241310 3.883769
v 13.999647 0.008473 4.859257
v 13.999294 0.029688 5.024989
v 13.999427 0.000935 5.046558
v 13.999427 0.155492 4.126397
v 13.999485 -0.015231 4.792254
v 13.999485 0.079627 4.397631
v 13.999559 0.035076 4.435056
v 13.999516 -0.009842 4.099440
v 13.999691 -0.060164 4.249051
v 13.999647 -0.061960 3.793917
v 13.176170 -0.579370 4.478649
v 13.210724 -0.569756 4.536156
v 13.281584 0.345973 5.302215
v 13.312119 -0.411091 5.217178
v 13.267642 -0.509129 4.507402
v 13.325384 0.377391 5.154386
v 13.478056 0.517535 4.727770
v 13.578744 0.526413 4.780565
v 13.780031 0.518271 4.996236
v 13.780031 -0.538117 5.010605
v 13.970481 -0.394366 4.981852
v 13.994303 -0.290204 5.068126
v 13.989887 0.062048 5.177706
v 13.989592 0.198629 5.164014
v 13.997674 0.342366 4.124012
v 13.997337 -0.376478 3.961048
v 13.991948 -0.388183 4.379228
v 13.996012 -0.376478 4.938729
v 13.998926 -0.362109 4.078696
v 13.998499 0.311846 4.037428
v 13.997322 -0.376478 4.870402
v 13.999456 -0.193153 4.744627
v 12.241639 -0.496143 4.560462
v 12.320715 -0.527444 4.586477
v 12.170221 -0.390524 4.349562
v 12.140996 -0.495569 4.464265
v 12.199400 -0.485941 4.421452
v 12.342417 0.528945 5.255147
v 12.496738 0.284889 5.435645
v 11.878787 0.535865 4.831814
v 12.241639 0.562674 5.211892
v 12.116704 0.535923 5.005378
v 12.112243 0.561320 4.938729
v 12.150345 0.227383 4.342995
v 12.155366 0.538411 5.039373
v 12.299147 0.463591 4.545283
v 12.112243 0.155492 4.362606
v 12.129646 0.155065 4.335472
v 12.147798 0.206683 4.329583
v 12.218909 -0.315468 4.267071
v 12.166733 -0.290204 4.331806
v 12.142058 -0.203680 4.347221
v 12.186651 0.270063 4.305674
v 12.141218 -0.393954 4.105182
v 12.269054 -0.428596 4.047484
v 12.278535 -0.441390 3.998413
v 12.248546 -0.369235 4.169461
v 12.170354 0.252705 4.305747
v 12.188492 0.385532 4.338682
v 12.236502 -0.325067 4.234225
v 11.867819 -0.580430 4.866839
v 12.399790 0.563204 5.183139
v 12.227257 0.395058 4.088722
v 12.249782 0.319826 4.228704
v 12.327900 -0.580209 4.665552
v 12.486049 0.560554 4.823702
v 12.229199 0.315055 4.261550
v 12.212886 0.538735 5.096879
v 12.270201 -0.337905 4.204824
v 12.279551 0.407690 4.041742
v 12.299147 0.558876 4.636799
v 12.285205 0.334048 4.176513
v 12.257806 0.343058 4.233342
v 12.336880 -0.367100 4.116665
v 12.284763 -0.481833 4.291731
v 11.882203 -0.571022 4.629099
v 12.284511 -0.474104 4.263331
v 12.299147 0.412990 3.989801
v 12.382785 0.458129 4.378138
v 12.319051 -0.497572 4.572623
v 12.270393 -0.427816 3.749264
v 12.331286 0.360136 4.076075
v 12.331772 -0.433985 4.165117
v 12.332685 0.538411 5.178325
v 12.308731 -0.362831 4.160951
v 12.240668 0.455347 4.334074
v 12.339295 -0.389537 3.701945
v 12.378486 -0.484557 4.614951
v 12.302974 -0.376478 4.179516
v 12.330447 -0.391142 4.147215
v 12.323292 -0.429097 3.889172
v 12.364426 0.363287 3.759776
v 12.414159 -0.476341 3.702254
v 12.367342 0.500560 4.611520
v 12.335394 -0.440095 3.665949
v 12.343447 0.383324 3.945869
v 12.261030 0.443039 3.568029
v 12.362218 -0.540444 4.631322
v 12.334127 0.423899 4.167885
v 12.370242 0.453639 4.147391
v 12.356712 0.347946 4.074927
v 12.359612 0.365363 3.740990
v 12.344860 0.462752 4.576407
v 12.549416 -0.540473 4.817607
v 12.356182 -0.463695 4.147259
v 12.356478 0.356396 4.032158
v 12.356653 0.459381 3.630364
v 12.381947 0.443171 3.702755
v 12.375379 -0.420823 3.746555
v 12.379767 -0.418806 3.774660
v 12.379487 0.361844 3.946679
v 12.377029 0.382897 3.860404
v 12.363146 -0.368852 4.055729
v 12.372054 0.516593 5.241367
v 12.398642 0.555357 5.213144
v 12.374864 -0.402390 3.903541
v 12.374688 -0.402846 3.874788
v 12.385612 -0.448354 4.061691
v 12.384272 -0.419601 3.975432
v 12.385642 0.414286 3.889172
v 12.388439 0.462149 4.622415
v 12.442926 0.553443 5.236965
v 12.347966 -0.555520 5.217001
v 12.441852 0.528606 4.724163
v 12.442926 -0.476798 4.406759
v 12.470576 0.447249 4.391359
v 12.308893 -0.571332 5.234992
v 12.436552 -0.483747 5.276259
v 12.385142 -0.460058 3.715284
v 12.413054 0.471674 5.283061
v 12.395227 0.445674 4.047322
v 12.414159 0.459572 3.817282
v 12.467043 -0.470511 4.550525
v 12.515554 0.461383 4.751341
v 12.471680 0.359061 5.386546
v 12.505234 0.362860 5.361841
v 12.466439 -0.458778 4.521772
v 12.587253 0.501767 4.834479
v 12.461669 0.431275 4.464265
v 12.465822 0.424091 4.464265
v 12.474611 -0.432792 4.478296
v 12.476539 0.403420 4.464265
v 12.447697 0.449826 4.547595
v 12.529187 0.439019 4.569178
v 12.623382 0.450032 4.572476
v 12.458358 0.440506 4.493858
v 12.521781 0.406777 4.543517
v 12.476274 -0.436561 4.507402
v 12.529187 0.454066 4.320485
v 12.502686 -0.447883 4.493018
v 12.475715 -0.448810 4.421849
v 12.471592 0.414286 4.449881
v 12.497797 0.400019 4.448792
v 12.486064 -0.433793 4.421025
v 12.491011 -0.423561 4.424514
v 12.531763 0.286229 5.412781
v 12.543557 -0.471292 4.583886
v 12.515215 0.432247 4.378153
v 12.563874 0.406748 4.557813
v 12.520235 0.410870 4.516221
v 12.516717 0.443156 4.449881
v 12.490525 0.403700 4.503781
v 12.519528 -0.465255 4.411264
v 12.512991 0.471807 4.449881
v 12.544262 -0.333312 5.393672
v 12.519749 -0.462738 4.516383
v 12.520235 0.480537 4.435512
v 12.507471 -0.441066 4.557783
v 12.529436 0.430009 4.411397
v 12.524682 0.399916 4.415681
v 12.507736 -0.483467 4.485172
v 12.534208 -0.500104 4.502794
v 12.514804 0.054849 5.437943
v 12.522988 0.477534 4.483346
v 12.542201 0.415537 4.534889
v 12.504747 -0.430599 4.439885
v 12.558750 -0.448148 4.415357
v 12.529187 -0.425269 4.415960
v 12.522047 -0.498646 4.414002
v 12.521972 0.464651 4.413914
v 12.543570 0.478182 4.414518
v 12.557940 0.414286 4.406303
v 12.543557 -0.491491 4.403741
v 12.542026 0.471807 4.782685
v 12.552595 -0.201383 5.405744
v 12.557940 0.478343 4.513881
v 12.571469 0.413034 4.541014
v 12.601078 -0.420249 4.393170
v 12.572324 0.403891 4.383394
v 12.597278 0.391480 4.396910
v 12.593628 -0.497881 4.428578
v 12.543557 -0.518595 4.435512
v 12.541451 -0.290204 5.408173
v 12.615903 -0.232698 5.436794
v 12.566317 0.318000 5.405273
v 12.629830 0.562409 4.967483
v 12.615446 -0.416494 4.406759
v 12.568113 0.494023 4.454592
v 12.586693 0.485911 4.478649
v 12.576785 0.447647 4.528088
v 12.562593 -0.491491 4.804607
v 12.721788 -0.524190 4.961609
v 12.557940 -0.500914 4.517237
v 12.615580 0.429052 4.380965
v 12.557940 -0.516063 4.423719
v 12.579096 0.464195 4.816885
v 12.577786 0.457423 4.414930
v 12.557203 0.226941 5.407187
v 12.557940 -0.462738 4.531709
v 12.585502 -0.490313 4.523626
v 12.608998 -0.443760 4.503869
v 12.586089 -0.514988 4.493195
v 12.855793 0.462590 4.435512
v 12.607114 0.465829 4.119213
v 12.654858 0.449340 4.380538
v 12.874240 0.554444 5.238614
v 12.580597 -0.430760 4.555575
v 12.611795 0.413314 4.435895
v 12.664752 0.463842 4.889291
v 12.596719 -0.514915 4.464265
v 12.572324 -0.424224 4.415533
v 12.630772 -0.434102 4.392036
v 12.609985 0.405746 4.544253
v 12.633202 -0.516829 4.119213
v 12.677046 -0.574217 4.061691
v 12.607555 0.461206 4.464265
v 12.615726 0.428669 4.464265
v 12.610235 -0.501812 4.478649
v 12.605362 -0.477122 4.509949
v 12.621865 0.420233 4.478649
v 12.606333 -0.485690 3.591055
v 12.708154 -0.599702 3.620912
v 12.626297 -0.483070 3.544105
v 12.606569 -0.448354 4.447084
v 12.625664 -0.428478 4.493018
v 12.707756 0.580312 3.620427
v 12.629860 -0.427522 4.522596
v 12.642286 -0.535983 3.838850
v 12.649646 -0.429273 4.497111
v 12.657332 -0.473544 4.549303
v 12.640003 -0.433955 4.406965
v 12.633497 -0.471586 4.375002
v 12.680918 0.449988 4.473246
v 12.706388 -0.600497 3.991789
v 12.650471 0.408249 4.478649
v 12.802422 0.500781 5.039167
v 12.586693 0.457172 4.147966
v 12.787759 0.471865 4.334957
v 12.780914 -0.599246 4.198125
v 12.697599 -0.581696 4.119213
v 12.751645 0.464210 4.975065
v 12.741927 -0.491491 4.970589
v 12.917377 -0.604693 3.558489
v 12.776880 -0.490343 4.320455
v 12.820811 -0.482790 5.035354
v 12.787111 -0.597656 3.514247
v 12.865759 -0.514605 4.415239
v 12.899813 0.487310 4.478649
v 12.708301 0.579988 4.099307
v 12.903008 0.582506 4.306115
v 12.888196 0.581769 4.320971
v 12.865171 -0.486058 4.430271
v 12.931760 -0.532626 4.449881
v 12.881262 0.551147 4.356687
v 12.888625 0.586451 3.644748
v 12.953240 0.550808 3.565467
v 12.874240 0.463429 5.078093
v 12.907100 -0.515916 4.464265
v 12.917848 0.528179 4.417168
v 12.930936 0.516607 4.478649
v 12.924193 0.565442 4.399810
v 12.957113 0.522025 4.427827
v 12.891230 -0.491064 4.493018
v 12.908543 -0.599790 4.343672
v 12.931760 -0.583860 4.381406
v 12.940388 -0.571641 4.262978
v 12.954492 0.579973 3.524126
v 12.974883 -0.567872 4.392375
v 12.945512 -0.567371 3.616378
v 12.970024 -0.572421 3.554351
v 12.989267 -0.578708 4.493018
v 13.003579 -0.580091 4.198037
v 13.002386 0.547201 3.514115
v 13.003636 0.561982 3.745392
v 13.032403 0.559376 4.392375
v 12.974883 0.551191 4.400237
v 13.176170 -0.580725 4.392375
v 13.003636 -0.554297 4.445405
v 13.176170 0.533067 4.438236
v 13.227831 -0.557168 4.169534
v 13.268922 -0.511632 3.989801
v 13.218806 0.542136 4.248609
v 13.212814 0.551397 3.745392
v 13.204143 0.549203 3.530545
v 13.250196 0.516990 3.723823
v 13.228774 -0.557095 3.486598
v 13.257173 0.509703 4.090445
v 13.252874 -0.538544 3.515351
v 13.270072 0.494023 4.061691
v 13.273221 -0.505684 3.630364
v 13.242098 0.523144 4.083260
v 13.310190 0.400594 3.601611
v 13.284617 0.465962 3.925110
v 13.281245 0.473087 3.939494
v 13.321644 -0.405776 3.745392
v 13.293567 0.443039 3.921518
v 13.292845 0.443039 4.054507
v 13.304594 0.414286 3.874788
v 13.298514 -0.448678 3.937683
v 13.294229 0.443039 3.709454
v 13.310881 -0.422472 3.687885
v 13.313295 0.393777 3.764222
v 13.297396 0.432939 3.745392
v 13.313326 0.394042 3.673501
v 13.318302 0.385532 3.659132
v 13.327636 -0.398371 3.486598
v 13.323911 0.376110 3.544105
v 13.324737 0.376728 4.090445
v 13.433167 -0.493155 3.698662
v 13.390250 -0.434117 3.314065
v 13.366164 0.380865 4.004185
v 12.172445 -0.355631 4.199377
v 12.220145 0.378127 4.299019
v 12.232011 -0.472425 4.338166
v 12.313531 0.520627 4.588111
v 12.304844 -0.440669 3.860404
v 12.368034 -0.395515 3.946679
v 12.399790 -0.477549 4.119213
v 12.596204 -0.482599 4.061691
v 12.621983 0.306678 5.434865
v 12.883942 0.461987 4.608591
v 12.712482 -0.482437 4.252408
v 13.190555 0.557168 4.004185
v 12.482765 0.410075 4.432567
v 10.818263 0.121674 4.430860
v 10.444442 -0.489503 4.449881
v 11.134563 -0.402243 3.759775
v 10.027498 0.252941 3.562744
v 11.120193 0.217636 3.538378
v 11.159030 0.035135 3.464220
v 10.324763 0.464445 4.428563
v 10.271922 0.378863 4.355892
v 10.286291 0.394042 4.369039
v 9.739951 -0.493537 3.385955
v 10.041882 -0.321858 4.179163
v 10.279107 -0.255871 4.242617
v 11.134563 -0.314658 4.187289
v 11.134563 -0.352363 3.656084
v 10.214402 0.460706 4.737443
v 10.415688 0.457997 4.564909
v 9.524281 0.337375 5.408394
v 10.177846 -0.484144 4.772409
v 10.300676 -0.476091 4.665552
v 10.041882 0.401035 3.946679
v 11.163315 0.389596 4.004185
v 10.037525 0.350198 4.112941
v 10.433399 0.133791 4.384999
v 10.294640 -0.483703 4.861053
v 10.237809 0.419350 4.933385
v 10.216257 -0.518536 4.954954
v 10.289075 0.368101 4.340375
v 10.315044 -0.429067 4.397513
v 10.026748 0.352362 3.687753
v 11.148946 0.376699 3.742815
v 10.350866 0.550955 4.902645
v 10.329238 0.356234 4.326639
v 10.458825 0.561820 4.852455
v 10.027498 0.549174 5.244812
v 10.358182 0.470364 4.794949
v 10.343798 0.431467 4.390211
v 10.305490 0.394881 4.349252
v 10.306035 0.467876 4.856784
v 10.372565 -0.486294 4.784128
v 10.372565 -0.154594 3.462085
v 10.803879 -0.151694 3.442180
v 10.013129 -0.558258 5.250597
v 9.553048 -0.319752 5.432716
v 10.434135 -0.468848 4.755757
v 10.401319 0.459896 4.776296
v 10.414320 -0.567489 4.837718
v 10.336584 0.407219 4.341935
v 10.451715 0.335196 4.342024
v 10.444442 -0.473868 4.521772
v 10.386935 0.510026 4.813838
v 10.545086 -0.170937 4.372809
v 11.134563 -0.367954 4.109540
v 11.073478 -0.240707 3.536419
v 10.358182 -0.424386 4.374457
v 10.401319 -0.421765 4.374030
v 11.134563 -0.402022 4.032938
v 11.134563 0.333164 3.655128
v 10.487903 0.467095 4.491988
v 10.439288 0.134056 3.380243
v 10.415688 -0.530138 4.799734
v 10.343798 -0.466845 4.415430
v 10.444442 -0.481804 4.431714
v 11.120193 -0.302321 3.589259
v 10.487579 0.473618 4.521772
v 10.430485 0.439873 4.765769
v 10.458074 -0.390318 4.378963
v 10.027498 -0.164253 4.297385
v 11.171412 -0.139695 4.299093
v 10.530716 -0.476680 4.665552
v 10.530716 -0.493817 4.507402
v 10.483647 0.399062 4.781743
v 10.415688 0.500560 4.796288
v 10.452201 -0.456466 4.772158
v 10.488799 -0.461693 4.463087
v 10.933289 -0.491844 3.371571
v 10.501963 0.324419 4.368951
v 10.478363 0.419541 4.429829
v 10.440083 -0.385709 4.354685
v 10.457529 0.456201 4.436690
v 10.476832 -0.422604 4.766195
v 10.568258 0.422810 4.631204
v 10.513034 -0.459558 4.704655
v 10.486533 -0.318309 4.357291
v 10.495853 -0.397487 4.399898
v 10.525652 -0.406262 4.376563
v 11.019549 -0.138076 3.494121
v 10.526490 0.414389 4.391256
v 10.501963 0.410310 4.425736
v 10.564534 0.134041 4.385426
v 11.364603 0.136750 3.456461
v 10.520410 0.438799 4.438589
v 10.536532 -0.373711 4.341626
v 10.556187 0.463003 4.431213
v 10.522456 0.342410 4.353993
v 10.545086 0.398370 4.352124
v 10.594641 0.133938 3.378814
v 10.545702 -0.405791 4.352418
v 10.597717 0.464843 4.586742
v 11.263959 0.227383 3.504722
v 11.263959 -0.141433 4.430830
v 11.163315 0.365834 4.073087
v 10.742764 -0.154123 3.363429
v 10.581229 -0.470143 4.629850
v 10.558895 -0.403774 4.693319
v 10.587735 -0.487030 4.594206
v 10.548810 -0.153579 3.364371
v 11.148946 0.398341 3.831651
v 10.897278 0.133953 3.378697
v 11.206452 -0.261451 4.346794
v 10.605315 0.377391 4.655556
v 11.148946 -0.002658 3.454798
v 10.545086 0.356779 4.335340
v 11.548752 0.356764 4.347662
v 10.041882 0.112355 4.305232
v 11.134563 0.131112 4.297944
v 10.027410 0.213499 4.259828
v 11.177698 0.180948 4.272371
v 11.171015 0.133953 4.385235
v 11.177698 0.287156 3.599874
v 10.501579 -0.394823 4.766755
v 10.766291 0.134248 3.328448
v 10.763480 -0.155419 3.338371
v 11.177698 0.240309 4.231987
v 10.752938 -0.143096 3.334397
v 10.789509 0.425254 3.202997
v 10.774300 0.136750 3.185272
v 10.758003 0.054849 3.299695
v 10.777584 0.069233 3.242174
v 10.769443 0.026096 3.187598
v 10.779410 -0.002658 3.256558
v 10.866096 -0.153829 3.378564
v 11.135916 -0.161912 3.461099
v 12.486049 -0.323418 5.432863
v 11.465245 0.169317 4.358513
v 11.158089 0.306884 4.170006
v 11.120193 0.132952 3.379756
v 11.398685 -0.397959 4.787808
v 11.386318 -0.354939 3.508167
v 10.826786 -0.469378 3.252392
v 10.906171 0.473264 3.256573
v 10.847016 0.469422 3.371571
v 10.631359 -0.395794 4.641392
v 11.752807 -0.394882 4.640435
v 11.148946 -0.218314 4.264627
v 11.319242 -0.234523 3.513070
v 11.163315 0.402419 3.903541
v 11.143836 -0.068188 3.464794
v 10.569407 -0.483747 4.429314
v 11.393370 -0.390848 4.348929
v 11.352676 -0.153696 3.378652
v 11.350232 -0.189561 4.363195
v 12.092485 0.120673 4.430315
v 11.695286 -0.513722 4.787352
v 11.249589 0.054849 4.307823
v 11.249589 -0.149280 3.429092
v 11.173018 -0.031411 3.463896
v 11.249589 -0.398459 3.998561
v 11.249589 0.374638 4.018569
v 11.220836 -0.160807 3.512672
v 11.269200 0.278440 4.184639
v 11.249589 -0.227957 4.243176
v 10.518996 0.377376 4.788486
v 11.235206 0.357913 3.731008
v 11.249589 0.296255 3.631984
v 11.196882 0.011726 3.480621
v 11.307096 0.134233 3.392286
v 11.327221 0.422265 3.820712
v 11.267889 -0.155905 4.285475
v 11.263959 0.054849 3.488380
v 11.336407 0.403538 3.731449
v 11.249589 -0.155257 4.387943
v 11.327826 -0.169538 3.478648
v 11.365839 -0.231284 4.295117
v 11.332949 -0.088917 4.340669
v 11.320434 0.424636 3.931853
v 11.340354 -0.442406 4.004185
v 11.278342 -0.423061 3.889172
v 11.249589 0.332708 4.107964
v 11.350232 0.323330 4.201173
v 11.278342 0.198629 3.531635
v 11.249589 -0.352230 4.106934
v 11.337483 -0.317691 4.218752
v 11.249589 -0.017042 4.313830
v 11.309392 0.026096 4.344188
v 11.350115 0.242576 4.275316
v 11.343342 0.147910 3.479546
v 11.335010 -0.360445 3.614994
v 11.340044 -0.088917 3.449542
v 11.328355 0.165239 3.486009
v 11.332271 0.216326 3.506592
v 11.364603 -0.278559 3.518031
v 11.344594 0.377965 3.667023
v 11.243008 -0.383472 3.753357
v 11.351588 -0.438004 3.761145
v 11.349628 -0.409648 3.688371
v 11.351530 0.012330 3.437499
v 11.350232 0.422398 4.014682
v 11.332463 -0.210216 3.494549
v 11.353795 -0.384752 4.142695
v 11.364603 0.438755 3.860404
v 11.321790 0.313421 3.587448
v 11.364603 0.393409 4.099028
v 11.798534 0.134218 3.377916
v 11.378986 0.069233 4.351652
v 11.378986 -0.122382 4.341553
v 11.589739 -0.150943 3.379816
v 12.094340 -0.017042 4.433804
v 11.479674 0.419424 3.760306
v 11.465245 -0.337596 4.209638
v 11.479629 -0.352171 3.597798
v 11.422123 -0.113857 3.449762
v 11.451730 0.027332 3.435114
v 11.479629 -0.422280 3.716638
v 11.364603 0.322652 3.578114
v 11.489420 0.350493 3.621943
v 11.465245 0.440138 3.903541
v 11.459282 -0.455715 3.954732
v 11.479629 0.303896 4.224523
v 11.407740 -0.060164 4.352506
v 11.450876 -0.277896 3.517781
v 11.465245 0.283682 3.546166
v 11.503892 -0.198762 4.299903
v 11.443957 0.234611 4.284576
v 11.480159 0.097736 4.340493
v 11.488846 -0.083808 4.342495
v 11.896572 0.133791 4.384955
v 11.461860 0.421809 4.026843
v 11.646818 -0.397767 4.787911
v 11.479645 0.381837 4.120184
v 12.140996 -0.376478 3.502425
v 11.479629 0.040480 4.352138
v 11.508383 -0.155743 3.429092
v 12.198503 0.469657 4.449881
v 11.551519 -0.153755 3.392521
v 11.537136 -0.117670 3.471891
v 11.565889 0.126739 4.304496
v 11.458282 -0.441199 4.025856
v 11.465421 -0.456495 3.846359
v 11.551519 0.246831 4.239746
v 11.580273 0.054849 4.323768
v 11.565889 0.407660 3.943116
v 11.557423 0.363640 4.096952
v 11.551519 -0.330058 4.174157
v 11.535928 -0.423149 3.789589
v 11.565889 0.040480 3.455239
v 11.561310 -0.298081 3.579336
v 11.551519 -0.429686 3.932295
v 11.580273 -0.213014 4.271370
v 11.552197 0.406011 3.816089
v 11.526448 0.204106 3.508874
v 11.550400 -0.394204 4.074794
v 11.552211 -0.046207 4.329583
v 11.543157 -0.205166 3.499319
v 11.541302 -0.353187 3.640155
v 11.500344 -0.180698 3.477382
v 11.575694 -0.203105 3.499260
v 11.534869 0.165283 3.491722
v 11.565889 -0.175191 3.498097
v 11.575664 0.135322 3.493503
v 11.595996 0.171290 3.504280
v 11.868233 -0.558494 4.823216
v 11.555745 0.191077 3.496993
v 11.896572 -0.158643 3.443461
v 11.817851 0.464445 4.572903
v 11.669757 0.235112 3.536523
v 11.743016 -0.153741 3.378579
v 11.939710 0.126739 4.303201
v 12.031580 0.406983 3.825600
v 11.709891 0.486662 4.778769
v 11.795929 0.560525 4.852455
v 12.033404 -0.412460 4.011488
v 12.024571 -0.364877 4.117769
v 11.997216 -0.132054 4.305291
v 11.493998 0.137045 3.466723
v 11.782664 0.155227 3.490161
v 11.910956 0.141123 3.499054
v 11.706829 -0.405232 4.764665
v 11.678133 0.375771 4.777635
v 11.707153 0.414286 4.765283
v 11.695551 0.384355 4.766784
v 11.714970 0.428669 4.754874
v 11.717207 0.405202 4.745408
v 11.905126 0.554636 5.238864
v 11.726114 0.386416 4.721910
v 11.715734 -0.487590 4.771466
v 11.757841 -0.516593 4.698045
v 11.895645 0.181537 3.505105
v 12.025822 0.199689 3.518061
v 12.025969 -0.245094 4.245149
v 11.742944 0.510954 4.737443
v 11.782915 -0.566120 4.736603
v 12.011600 -0.283859 3.564952
v 11.748228 -0.395721 4.679936
v 11.770886 0.471807 4.666789
v 11.768840 -0.477122 4.665552
v 11.755957 -0.420175 4.678597
v 11.815173 -0.505875 4.596915
v 11.775935 -0.410046 4.636799
v 11.780853 0.545537 4.737443
v 11.724039 -0.516299 4.781168
v 11.738335 0.509894 4.794713
v 11.835062 -0.568151 4.648032
v 12.094047 -0.141418 4.430580
v 11.828230 0.500000 4.594413
v 11.810313 0.560716 4.737443
v 11.788053 -0.448354 4.628348
v 11.773947 0.394440 4.641098
v 11.760301 0.378186 4.644587
v 11.797416 0.443878 4.607221
v 12.033007 0.248922 4.227011
v 11.954080 0.322137 4.156740
v 11.953387 -0.430849 3.903409
v 11.824683 -0.579326 4.723058
v 12.083476 -0.162486 4.379272
v 11.853671 0.499529 4.576701
v 12.177406 0.406409 4.371322
v 11.824683 -0.492227 4.550525
v 12.040354 0.396648 3.989801
v 11.925327 0.560643 4.895592
v 12.039573 -0.379953 3.703359
v 12.165201 0.342410 4.344203
v 12.108461 -0.146011 3.444698
v 12.037114 0.133983 3.378550
v 12.039557 -0.425343 3.845844
v 12.023275 0.364509 4.084261
v 11.969288 0.476429 4.551953
v 11.925327 -0.559509 4.838086
v 12.025969 0.198629 4.263494
v 12.106001 -0.140019 3.375561
v 12.090970 0.262996 4.197978
v 12.055340 0.156066 3.505149
v 12.092796 -0.218314 4.252952
v 11.867819 0.560672 4.651168
v 12.112243 0.563852 5.082495
v 12.107724 0.152680 3.490971
v 12.120635 -0.245757 3.515617
v 12.098522 -0.379850 4.047042
v 12.093841 0.347342 4.078652
v 12.083476 0.388050 3.846035
v 12.097860 -0.406674 3.846035
v 12.083476 -0.002658 4.323312
v 12.091868 -0.088917 4.311754
v 12.097860 0.131377 4.383439
v 12.106591 -0.367586 3.716638
v 12.093678 0.086429 3.481357
v 12.096477 -0.303351 3.614567
v 12.107459 -0.261451 3.554204
v 12.105515 -0.133482 4.391138
v 12.156691 0.380350 4.104637
v 12.083476 0.383383 3.975432
v 12.145222 0.422736 3.860404
v 12.155366 -0.352333 3.598770
v 12.127069 0.126739 4.363622
v 12.107239 0.112355 3.443461
v 12.102203 -0.060164 4.392375
v 12.093517 0.290336 3.625992
v 12.109269 0.312626 3.630983
v 12.092044 0.320046 3.667289
v 12.135843 -0.275835 3.520814
v 12.104824 -0.022194 4.384425
v 12.103527 0.027406 4.405360
v 12.107163 -0.074548 4.375974
v 12.103926 -0.002658 4.395157
v 12.104352 0.011726 4.397027
v 12.094665 -0.336654 4.133581
v 12.123051 -0.334033 4.192310
v 12.110329 -0.002658 4.378006
v 12.106531 0.011726 4.389843
v 12.105369 0.101460 3.472214
v 12.111610 -0.002658 3.443461
v 12.120622 0.069233 3.375737
v 12.155366 0.416788 4.004185
v 12.115793 -0.147498 4.335928
v 12.105133 -0.081453 3.465118
v 12.150935 -0.422869 3.476013
v 12.313015 -0.495348 3.356804
v 12.121298 -0.146438 3.481814
v 12.146561 -0.427507 3.791959
v 12.112243 0.356779 3.502572
v 12.097874 0.130243 3.458699
v 12.125347 0.112355 4.363622
v 12.120754 -0.205063 3.500997
v 12.145767 0.408294 3.774145
v 12.091323 0.117376 4.298357
v 12.161225 0.307282 3.529721
v 12.117883 -0.060164 3.414708
v 12.125671 -0.161367 4.362959
v 12.152245 -0.233419 4.320485
v 12.135992 0.288570 3.544105
v 12.101231 0.178857 3.521506
v 12.091690 0.218534 4.240365
v 12.132339 -0.384958 3.691831
v 12.137743 0.414286 3.461482
v 12.155366 -0.436178 3.932295
v 12.134622 0.305766 4.211773
v 12.106119 0.210172 3.507902
v 12.179128 0.464063 3.463572
v 12.241448 0.346179 3.588169
v 12.131353 0.337728 3.619028
v 12.208014 -0.466683 3.505899
v 12.270084 -0.365127 3.616392
v 12.284763 0.427433 3.889172
v 12.241596 -0.376522 3.572887
v 12.169721 -0.315954 3.530442
v 12.277003 0.421426 3.810480
v 12.304712 -0.471174 3.610577
v 12.304181 0.363139 3.668937
v 12.309658 0.372238 3.659795
v 10.473209 0.227383 4.350460
v 10.027498 -0.424282 3.903541
v 10.479967 -0.383692 3.493812
v 10.631359 -0.002658 3.463705
v 10.525636 -0.483291 4.474026
v 10.530716 0.452196 4.607104
v 10.777967 -0.060164 3.256558
v 11.249589 0.011726 3.489337
v 11.177698 -0.060164 4.318541
v 11.235206 0.387829 3.831651
v 11.262766 -0.293693 4.191250
v 11.249589 0.160027 4.268646
v 11.249589 -0.271182 3.577804
v 11.354031 -0.456407 3.846035
v 11.364603 -0.171040 3.465884
v 11.545895 0.321445 3.622355
v 11.968463 -0.209112 3.497449
v 11.724039 -0.168434 3.464588
v 12.011600 0.350655 3.664521
v 12.099067 -0.217887 3.529986
v 12.117323 -0.074548 3.400324
v 12.236973 0.134704 3.051164
v 12.169383 0.135028 3.140353
v 12.120871 -0.154977 3.336899
v 12.140657 0.112458 2.055005
v 12.148197 0.033516 3.191970
v 12.220440 -0.060164 3.091724
v 12.142778 0.054849 3.227805
v 12.152009 0.069233 3.183755
v 12.158959 0.054849 3.171638
v 12.248250 -0.189560 2.185977
v 12.198724 0.343558 2.979906
v 12.240359 0.372135 2.968040
v 12.225754 -0.189561 2.936548
v 12.231216 -0.166858 2.945529
v 12.112243 0.474471 3.371571
v 12.387820 -0.334666 2.824112
v 12.340209 0.256136 2.853984
v 12.131840 -0.152268 2.056728
v 12.296688 -0.139857 2.069110
v 12.224443 -0.155934 3.069641
v 12.261384 -0.152489 2.187302
v 12.293655 -0.261451 2.226906
v 12.155130 0.144215 2.997353
v 12.169749 0.121572 2.066548
v 12.323703 -0.117670 2.951138
v 12.358214 0.097986 2.913199
v 12.309217 0.134542 2.950800
v 12.327900 -0.494627 3.055271
v 12.329034 -0.166299 2.883886
v 12.243040 0.146379 2.926817
v 12.371037 0.463385 3.375988
v 12.007565 -0.381351 3.136702
v 12.368211 -0.395544 2.878512
v 12.256010 0.474707 3.213421
v 12.291387 0.508113 3.204544
v 12.264887 0.477445 3.270927
v 12.278579 0.491358 3.289404
v 12.291255 -0.528224 3.227805
v 12.328120 -0.496114 3.128104
v 12.356653 -0.145761 2.278891
v 12.369462 0.328026 2.849715
v 12.329049 0.509438 3.328375
v 12.335158 -0.268297 2.271559
v 12.313531 0.146512 2.887743
v 12.312838 -0.531242 3.314609
v 12.342283 -0.534451 3.170284
v 12.337175 0.260494 2.269130
v 12.336366 0.155595 2.308263
v 12.341606 0.129728 2.277743
v 12.323027 0.491800 3.149599
v 12.385406 0.508009 3.162555
v 12.442926 -0.465888 2.922091
v 12.345655 -0.147145 2.911844
v 12.335864 0.155802 2.840660
v 12.336027 0.225969 2.841028
v 12.338030 0.141123 2.624283
v 12.337911 0.141123 2.293261
v 12.335893 0.227618 2.647721
v 12.336145 -0.232698 2.796478
v 12.336263 -0.232698 2.782094
v 12.341400 -0.160807 2.767725
v 12.338191 0.141123 2.609560
v 12.336513 -0.232698 2.588006
v 12.346701 -0.151179 2.560578
v 12.357374 0.270343 2.472979
v 12.344550 0.128565 2.697631
v 12.336659 0.227383 2.825231
v 12.343609 0.256136 2.810847
v 12.338264 0.141094 2.510831
v 12.343948 -0.275835 2.307645
v 12.338500 0.241767 2.350767
v 12.336291 -0.189560 2.293261
v 12.347525 -0.151753 2.352357
v 12.337146 -0.247082 2.767725
v 12.342004 -0.160807 2.379535
v 12.336850 -0.217239 2.440310
v 12.341355 -0.160807 2.472979
v 12.338574 -0.261451 2.796478
v 12.340811 -0.160807 2.537684
v 12.337013 -0.189796 2.383466
v 12.345376 0.255311 2.393904
v 12.344550 -0.275835 2.336398
v 12.371802 0.300598 2.838305
v 12.349821 0.262864 2.609560
v 12.355034 -0.291014 2.753341
v 12.338853 -0.261451 2.782094
v 12.347746 -0.132054 2.916187
v 12.420754 -0.527340 3.349855
v 12.362350 -0.299008 2.336398
v 12.365103 -0.086252 2.905160
v 12.399142 0.110441 2.883562
v 12.415793 0.341011 2.796478
v 12.389367 -0.329072 2.264507
v 12.442926 0.517947 3.199052
v 12.414159 -0.382176 2.847845
v 12.184119 -0.380630 1.962577
v 12.375307 -0.527885 3.350591
v 12.411054 -0.485278 3.382024
v 12.399142 -0.341262 2.375928
v 12.507795 -0.110633 2.875641
v 12.452085 -0.528430 3.175584
v 12.524814 -0.113489 2.408288
v 12.450921 -0.541916 3.231854
v 12.399790 0.497969 3.353300
v 12.456163 0.470585 3.345203
v 12.429868 0.510601 3.329833
v 12.442926 0.416406 2.892528
v 12.457296 -0.484733 2.946339
v 12.399790 0.353511 2.844135
v 12.628579 0.452020 3.056155
v 12.483326 -0.530977 3.256558
v 12.486021 -0.483173 3.156121
v 12.462920 0.506493 3.319335
v 12.514816 -0.461957 2.957911
v 12.557866 0.361682 2.969203
v 12.507191 0.464357 3.195312
v 12.475626 0.476901 3.166677
v 12.486299 0.500560 3.285311
v 12.457296 0.455229 2.927082
v 12.465187 -0.513810 3.336310
v 12.530968 0.083602 2.264507
v 12.522930 -0.111546 2.836111
v 12.522916 0.083602 2.876083
v 12.586693 0.459322 3.587242
v 12.471680 0.515253 3.242174
v 12.466100 0.464975 2.946354
v 12.523282 -0.112090 2.254658
v 12.510238 -0.485028 3.296176
v 12.522988 -0.099856 2.853984
v 12.580612 -0.470408 3.018597
v 12.526492 0.097073 2.667081
v 12.515024 0.099561 2.249078
v 12.530527 -0.074548 2.717403
v 12.529997 -0.088917 2.322014
v 12.528672 -0.074548 2.839615
v 12.528774 -0.088917 2.825231
v 12.532941 0.069233 2.796478
v 12.532838 -0.045795 2.620352
v 12.533383 -0.017041 2.336398
v 12.532396 -0.024226 2.810847
v 12.533088 -0.045368 2.584149
v 12.533809 0.040480 2.839615
v 12.712541 -0.471218 3.131357
v 12.802363 -0.475178 3.314065
v 12.774935 -0.383000 3.154575
v 12.666048 -0.456201 3.076604
v 12.751423 0.374932 3.149290
v 12.690840 -0.487766 3.475247
v 12.758358 0.362668 3.142414
v 12.816734 0.363169 3.194252
v 12.773022 -0.460529 3.170475
v 12.823535 0.428670 3.206546
v 12.846207 -0.462561 3.241497
v 12.845427 -0.432777 3.217249
v 12.817351 -0.390568 3.187627
v 12.859944 0.443966 3.229616
v 12.870102 -0.381455 3.195047
v 12.869896 0.362992 3.194900
v 12.867908 -0.452417 3.221621
v 12.879613 0.372370 3.183314
v 12.868896 0.375035 3.207606
v 12.880954 0.385532 3.188290
v 12.882292 0.371163 2.667081
v 12.881542 0.363846 2.877953
v 12.882219 0.371163 2.552054
v 12.884722 0.414286 2.681450
v 12.882043 0.371163 3.055271
v 12.882528 0.385532 3.069641
v 12.884089 0.414286 2.940244
v 12.884252 0.414286 2.897122
v 12.888639 0.443009 2.781078
v 12.890936 0.443039 3.084024
v 12.882279 -0.382485 2.437041
v 12.883779 0.399916 2.681450
v 12.883707 0.399916 2.695834
v 12.884001 -0.448354 2.365151
v 12.896072 -0.483968 3.206737
v 12.884192 -0.405231 3.127161
v 12.885782 0.428670 2.595191
v 12.888549 0.428670 3.112778
v 12.888447 -0.462738 3.040887
v 12.881659 0.363699 2.608235
v 12.885473 0.428640 2.873757
v 12.885546 0.428670 2.767725
v 12.884487 0.414286 2.588006
v 12.913682 0.475679 2.645513
v 12.883970 0.414286 2.444226
v 12.886474 0.414286 3.112778
v 12.882190 0.363243 2.264507
v 12.893453 0.453610 2.537684
v 12.885428 0.428567 2.530485
v 12.884237 0.414286 2.537684
v 12.881616 0.363728 3.026518
v 12.878258 0.443039 2.246663
v 12.907410 -0.501414 3.213421
v 12.889242 0.428670 3.127162
v 13.061438 0.567798 3.414958
v 12.750938 0.580135 3.564495
v 12.986308 -0.566929 2.868368
v 13.018020 -0.581210 3.213421
v 12.946396 -0.593018 3.559298
v 13.028929 -0.577162 3.472141
v 13.040487 -0.558405 3.467179
v 13.010630 0.550941 2.285958
v 13.069961 -0.573024 3.423762
v 13.233691 -0.580621 2.307645
v 13.081313 0.531742 3.419993
v 13.003636 -0.562174 3.529721
v 13.154144 -0.527267 3.349134
v 12.989767 -0.597876 3.486598
v 13.091589 -0.579915 3.387957
v 13.119091 0.507170 3.386750
v 13.134903 -0.583949 3.314065
v 13.130132 0.543079 3.357364
v 13.124156 -0.563381 3.362251
v 13.156441 -0.560496 3.323605
v 13.190555 -0.573687 3.572858
v 13.153924 0.514929 3.334838
v 13.254935 0.550734 2.825231
v 13.216391 0.529769 3.243131
v 13.205071 -0.574085 3.241379
v 13.219248 0.503490 3.257339
v 13.250784 0.492345 3.256558
v 13.256687 -0.518919 3.171035
v 13.240875 0.522143 3.206251
v 13.245278 -0.562498 3.155915
v 13.257953 0.510365 3.443461
v 13.281909 0.474560 3.558489
v 13.261840 -0.524631 3.356377
v 13.300370 -0.487751 3.270927
v 13.263681 -0.563381 2.810847
v 13.234590 0.544904 3.184668
v 13.258601 0.516151 3.055448
v 13.261561 0.504137 3.370467
v 13.298323 -0.469746 3.118490
v 13.272985 -0.547599 2.969012
v 13.300487 0.453521 3.213421
v 13.280611 -0.520244 2.810847
v 13.279391 0.487118 3.357202
v 13.256895 0.552074 2.537684
v 13.279170 0.514929 2.631129
v 13.280789 -0.492374 3.472214
v 13.290432 -0.491491 3.040887
v 13.283188 -0.510277 3.057951
v 13.272058 0.528165 2.810847
v 13.303094 0.443039 2.997765
v 13.291963 0.471807 3.314065
v 13.277563 0.514929 2.767725
v 13.288120 -0.477122 3.486598
v 13.279669 0.500560 2.839615
v 13.289284 0.457423 3.565673
v 13.283394 0.491638 2.810847
v 13.289814 -0.505875 2.954628
v 13.300428 0.444231 3.385764
v 13.282909 0.490033 2.839615
v 13.284204 -0.513619 2.504323
v 13.312471 0.389876 2.810847
v 13.308482 0.414286 3.400324
v 13.287796 -0.505875 2.853984
v 13.311941 0.415125 2.918690
v 13.332907 -0.386004 2.838187
v 13.306171 -0.448354 3.328448
v 13.307834 -0.433985 2.609560
v 13.305965 0.443039 3.285311
v 13.298338 0.435722 3.519989
v 13.302991 -0.462738 2.983381
v 13.305302 -0.448354 3.141531
v 13.311766 -0.423443 2.667081
v 13.319641 -0.405231 3.400324
v 13.320790 -0.405231 3.414708
v 13.323175 -0.406586 2.983381
v 13.319024 -0.405231 3.242174
v 13.309556 0.428670 3.213421
v 13.311574 0.414286 3.199052
v 13.311823 -0.447544 3.241983
v 13.310440 0.400211 3.515352
v 13.308850 0.428670 3.285311
v 13.325192 -0.395971 2.595191
v 13.311766 -0.423546 2.652697
v 13.314930 0.386489 3.329523
v 13.323690 -0.391407 3.213421
v 13.313502 -0.414963 2.566438
v 13.312560 0.391422 3.199052
v 13.312809 0.406512 3.000547
v 13.312663 0.395588 2.954628
v 13.314782 -0.419601 3.199052
v 13.315387 -0.419601 3.213421
v 13.316830 -0.405231 2.552054
v 13.315872 -0.419601 3.227805
v 13.317359 -0.419571 2.963417
v 13.313796 0.382662 2.638328
v 13.321525 0.375065 3.069641
v 13.320658 -0.405231 3.112777
v 13.325060 -0.394101 3.069640
v 13.318847 -0.405231 3.227805
v 13.322703 -0.390847 2.767725
v 13.334320 -0.386210 3.055271
v 13.371303 -0.411327 3.012134
v 13.334320 -0.386519 3.342818
v 13.363500 -0.404319 3.371571
v 13.319907 -0.405231 3.127161
v 13.312677 0.392452 3.472214
v 13.359230 0.376655 3.640361
v 13.348703 -0.392806 2.580807
v 13.356830 -0.397252 3.831651
v 13.381050 0.397693 3.421893
v 13.386069 0.405099 3.234990
v 13.422272 0.457423 3.134346
v 13.455883 0.508407 3.501188
v 13.373453 0.389154 3.156621
v 13.780015 -0.539663 4.447246
v 13.807679 -0.531036 2.300445
v 13.846885 0.480699 2.566438
v 13.985146 -0.394926 3.443461
v 13.984733 0.374476 3.256558
v 13.991006 0.367424 3.119962
v 13.984954 0.374829 2.818047
v 13.999441 0.328026 3.357202
v 13.996335 0.356779 3.644748
v 13.991770 -0.387756 2.990566
v 13.998705 -0.362124 2.834845
v 13.997056 -0.376478 3.177483
v 13.996909 -0.376478 2.976196
v 13.999043 -0.336933 3.438971
v 13.992020 -0.388183 3.664255
v 13.998588 0.342410 3.306880
v 13.998572 0.342322 3.037516
v 13.998955 -0.345590 2.806136
v 13.996584 -0.376478 2.897122
v 13.999721 -0.268635 2.843208
v 13.999824 0.227810 3.353433
v 13.999146 -0.318957 3.447054
v 13.999368 -0.290204 3.163099
v 13.999500 0.239632 2.873300
v 13.999310 0.298375 2.985854
v 13.999882 0.327791 3.523066
v 13.999779 0.236982 3.191632
v 13.999662 0.155492 3.013930
v 13.999544 -0.258757 3.175687
v 13.999736 0.077772 2.740311
v 13.999662 0.173807 2.969792
v 13.999751 0.182449 3.563877
v 13.999897 0.069233 3.429092
v 13.999751 0.000037 3.673060
v 13.999279 -0.318957 3.738207
v 13.999795 -0.147778 2.865674
v 13.999838 0.116330 3.208180
v 13.999765 0.062490 3.054491
v 13.999795 -0.009842 3.062456
v 14.000000 -0.045795 3.314065
v 13.999824 0.169876 3.522536
v 13.999927 0.313642 3.515352
v 13.999972 -0.117229 3.290258
v 13.999838 -0.055673 2.853543
v 13.999972 0.212999 3.249374
v 13.999927 0.178460 3.305319
v 13.999809 0.328026 3.580042
v 12.335761 0.212999 2.746156
v 12.345052 -0.287524 2.264507
v 12.332611 -0.248201 2.852600
v 12.305316 -0.146438 2.974783
v 12.429633 -0.483320 3.112262
v 12.518734 0.102197 2.868368
v 12.534811 0.040995 2.542145
v 12.465982 0.365348 2.888229
v 12.885428 0.428596 2.938904
v 12.978608 -0.559539 3.155915
v 12.988222 0.555505 3.241247
v 13.209444 -0.525382 3.273710
v 13.248060 -0.576219 2.853984
v 13.312088 0.414801 3.012134
v 12.450730 0.363758 1.796977
v 12.198503 0.362006 1.962577
v 12.302370 0.097986 2.057670
v 12.418782 0.421294 1.767915
v 12.320775 0.435810 1.566761
v 12.299147 -0.442759 1.534621
v 12.283967 0.314717 1.401043
v 12.274059 0.184246 1.390325
v 12.292771 0.241767 1.352930
v 12.308436 0.270520 1.338369
v 12.305153 0.113283 1.336323
v 12.282289 -0.045795 1.373100
v 12.277093 -0.326318 1.394463
v 12.290946 0.011727 1.349926
v 12.278932 0.026096 1.383877
v 12.256010 -0.382117 1.793091
v 12.436891 -0.383471 1.782638
v 12.346274 -0.341983 1.349882
v 12.270393 -0.128683 2.054519
v 12.306154 -0.283903 1.337030
v 12.342283 0.304750 1.338207
v 12.442926 -0.380247 2.221370
v 12.418679 0.437680 1.713471
v 12.342740 -0.133423 2.091856
v 12.322203 0.120114 2.083640
v 13.204924 -0.328689 1.335837
v 12.382211 -0.466963 1.470283
v 12.458165 0.543167 1.616317
v 12.299147 0.423708 1.533576
v 12.241639 0.359459 2.020083
v 12.435492 0.551014 1.565583
v 12.407196 -0.469495 1.681862
v 12.457296 -0.573231 1.548416
v 12.447844 -0.457806 1.757123
v 12.428543 -0.429214 1.769829
v 12.706388 -0.385636 2.073040
v 12.471680 -0.577103 1.603140
v 12.429191 -0.566002 1.574799
v 12.443589 -0.129286 2.192057
v 12.481089 0.414286 1.809212
v 12.628623 -0.478402 1.949636
v 12.497828 0.363007 1.837538
v 12.642095 -0.405879 1.990211
v 12.701028 0.444217 2.049646
v 12.695374 -0.467964 2.040636
v 12.899194 0.548423 2.138099
v 13.003636 -0.579679 2.192617
v 12.798271 -0.405231 2.167824
v 12.860400 -0.448354 2.235754
v 12.802629 -0.560672 2.033952
v 12.960042 -0.566591 2.207413
v 13.233691 0.552899 1.549314
v 12.457296 0.552958 1.549800
v 12.883323 -0.390847 2.393904
v 12.852774 -0.383574 2.228422
v 12.877581 -0.390847 2.263462
v 12.888490 -0.462738 2.278891
v 13.218762 0.312538 1.341505
v 13.238710 0.256136 1.338517
v 12.882176 -0.433499 2.277920
v 12.883147 -0.390847 2.322014
v 12.881925 -0.383015 2.365151
v 12.949089 -0.531242 2.393904
v 12.989267 0.553090 2.218293
v 12.906364 0.468303 2.365151
v 13.219277 0.558508 1.958087
v 13.003636 0.528798 2.250123
v 13.003636 -0.569800 2.227377
v 12.994640 -0.557433 2.284486
v 13.094650 0.522070 2.257278
v 13.018020 -0.577000 2.307645
v 13.003636 -0.549557 2.250123
v 13.219307 -0.571699 2.216188
v 13.233691 -0.539752 2.252876
v 13.233691 -0.572377 2.283691
v 13.219602 0.513928 2.254334
v 13.243187 -0.318957 1.348513
v 13.233691 -0.558920 1.535578
v 13.250489 -0.375963 1.402516
v 13.233691 0.553178 2.283603
v 13.244704 0.284889 1.346820
v 13.252742 0.313642 1.369993
v 13.274517 0.527517 2.163864
v 13.219307 0.558243 2.207001
v 13.248369 0.545449 1.840365
v 13.271719 0.524690 2.221370
v 13.264108 0.501694 2.251493
v 13.266523 0.299553 1.388235
v 13.261458 -0.196760 1.373100
v 13.284410 -0.527944 1.579923
v 13.275812 -0.304588 1.401853
v 13.264712 0.486294 1.517455
v 13.271396 0.047664 1.391606
v 13.296143 0.313642 1.457327
v 13.296424 0.484807 1.890378
v 13.297955 0.477151 1.732537
v 13.286103 0.510719 1.574387
v 13.299677 0.469834 2.149480
v 13.271469 -0.547289 2.537684
v 13.262503 -0.563293 2.293422
v 13.295216 -0.505875 1.675030
v 13.238358 -0.569771 1.556455
v 13.257482 -0.558111 2.207001
v 13.295231 -0.505875 2.149480
v 13.284882 -0.514914 2.230160
v 13.307303 0.428670 2.207001
v 13.300708 -0.477122 1.883502
v 13.319759 -0.275481 1.462201
v 13.272368 0.524749 1.869133
v 13.312354 0.398753 2.091163
v 13.283600 -0.526221 2.350767
v 13.286398 -0.477122 2.248239
v 13.301988 -0.433985 2.250123
v 13.264814 -0.564912 2.350767
v 13.284072 -0.527649 2.310722
v 13.284160 0.508172 2.341006
v 13.286075 -0.519758 2.336398
v 13.287148 -0.404745 1.487980
v 13.312029 0.399916 2.552054
v 13.270012 0.537028 2.307645
v 13.302975 0.443039 2.379520
v 13.319950 0.241767 1.459669
v 13.313605 -0.405231 1.549800
v 13.300576 -0.491491 1.631893
v 13.298441 -0.498882 1.640417
v 13.322749 -0.391054 2.106357
v 13.308320 -0.448354 2.149480
v 13.299560 0.469643 2.163864
v 13.300281 0.456716 2.307645
v 13.307259 0.428670 2.293261
v 13.301988 0.457423 2.178248
v 13.312486 0.390155 2.192617
v 13.298455 0.479242 1.646278
v 13.314621 0.399917 1.718167
v 13.305081 0.457423 1.617524
v 13.309601 -0.433985 1.976961
v 13.318244 -0.405231 1.660646
v 13.293832 -0.477122 2.566438
v 13.307893 -0.433985 2.508931
v 13.309145 0.369986 1.518147
v 13.312795 0.393188 2.085820
v 13.309777 -0.375595 1.518014
v 13.307981 0.428670 2.307645
v 13.312869 0.414860 1.689400
v 13.299854 0.454758 2.293261
v 13.326737 -0.383412 1.718167
v 13.307878 0.428670 1.790043
v 13.308098 0.428670 1.804427
v 13.310395 0.414286 1.847564
v 13.309070 0.428670 1.987738
v 13.313796 -0.318957 1.491926
v 13.311676 0.399917 1.790043
v 13.326841 -0.383442 2.149480
v 13.311397 0.429273 1.631893
v 13.314444 -0.419601 2.149480
v 13.326385 -0.383059 2.350767
v 13.312060 -0.423605 1.969762
v 13.325309 -0.396339 1.948208
v 13.312264 -0.424474 1.919455
v 13.312162 0.399917 2.020083
v 13.321938 0.375345 2.149480
v 13.313693 -0.415714 2.494547
v 13.321584 0.375418 1.919455
v 13.315063 0.384281 2.005714
v 13.312560 0.391466 2.005714
v 13.312604 0.391775 1.962577
v 13.312531 0.398577 2.394463
v 13.320878 0.374667 2.322014
v 13.316093 0.385533 1.761290
v 13.323911 -0.393733 2.508931
v 13.317124 -0.405231 2.379535
v 13.324219 -0.394719 2.566438
v 13.313148 0.416200 1.675030
v 13.322512 0.375345 1.775674
v 13.315151 -0.385606 2.233340
v 13.372319 -0.410178 2.235754
v 13.325957 -0.382352 1.631893
v 13.312119 -0.423944 2.034467
v 13.313635 -0.416317 2.020083
v 13.323352 -0.389552 1.904511
v 13.356507 -0.397473 1.905070
v 13.364928 -0.403288 2.163864
v 13.412040 -0.456849 1.718167
v 13.370772 -0.411915 1.739721
v 13.327120 -0.383589 2.530824
v 13.365046 -0.403259 2.322014
v 13.326104 0.359901 1.603140
v 13.373849 0.377479 1.626858
v 13.412350 0.437003 1.732537
v 13.358935 0.376905 2.192617
v 13.365546 0.381351 1.861933
v 13.391722 0.414286 1.804427
v 13.379460 -0.418791 2.221370
v 13.410362 -0.459852 2.300445
v 13.322246 -0.347725 1.545633
v 13.390869 -0.433985 2.393904
v 13.373555 0.389037 2.925874
v 13.410965 0.439432 2.300445
v 13.411216 -0.458071 1.761290
v 13.404120 -0.449679 1.746921
v 13.410420 -0.459705 2.084789
v 13.411304 -0.457923 1.746921
v 13.478101 -0.528695 1.794327
v 13.424997 -0.480935 2.215982
v 13.457593 0.506906 1.830442
v 13.435552 -0.497836 2.278891
v 13.456664 -0.527311 1.855544
v 13.452189 -0.518890 1.833180
v 13.478101 -0.538279 2.753341
v 13.788688 -0.269563 1.465867
v 13.535607 -0.539266 1.818811
v 13.567820 0.521672 2.029064
v 13.779987 0.520229 2.135597
v 13.773081 -0.527473 1.782814
v 13.780031 0.241767 1.461362
v 13.600873 -0.513280 1.985132
v 13.578744 -0.538382 1.933824
v 13.607497 0.517727 1.905070
v 13.592156 -0.541091 2.121934
v 13.623118 0.503799 2.092150
v 13.655199 -0.513310 2.099040
v 13.595926 -0.509438 2.048851
v 13.603728 -0.515695 2.081638
v 13.679387 0.515739 1.933824
v 13.659880 -0.511528 1.981157
v 13.621880 0.485219 1.991330
v 13.794400 0.515400 1.818811
v 13.679387 -0.540885 2.120727
v 13.665003 -0.537396 1.933824
v 13.765647 -0.539589 1.818811
v 13.795504 -0.391333 1.616994
v 13.809079 0.212999 1.472345
v 13.801702 -0.527502 1.797095
v 13.837728 0.228796 1.502070
v 13.790543 0.264763 1.479161
v 13.882633 -0.232698 1.543999
v 13.933719 -0.218314 1.593394
v 13.960927 0.194713 1.623457
v 13.929567 -0.252691 1.612312
v 13.990917 0.367291 2.310766
v 13.966375 -0.404760 1.863023
v 13.968392 0.388448 2.774909
v 13.924253 0.421780 2.074012
v 13.989459 -0.241443 1.680154
v 13.999588 -0.362183 2.083110
v 13.926845 -0.440728 3.048087
v 13.993259 -0.203944 1.660646
v 13.994260 0.054849 1.660646
v 13.982083 0.242473 1.702871
v 13.994082 -0.376478 1.876318
v 13.994495 0.299273 1.804427
v 13.977431 0.339215 1.818811
v 13.963224 0.356102 1.820092
v 13.993404 0.342410 1.861933
v 13.998971 0.183377 1.765471
v 13.938136 0.371060 1.804574
v 13.995525 0.356779 2.395141
v 13.989873 0.323668 1.822212
v 13.997882 0.227383 1.732537
v 13.999294 0.197275 1.848462
v 13.998219 0.198630 1.703784
v 13.998323 -0.124869 1.689400
v 13.995422 0.356765 2.106814
v 13.998632 0.328026 2.343582
v 13.999779 0.075519 1.954038
v 13.991108 0.357604 1.876155
v 13.998000 0.342337 2.349545
v 13.998366 0.342498 2.494739
v 13.998337 0.328026 1.987738
v 13.999338 -0.340526 2.588006
v 13.999574 -0.286612 1.971572
v 13.997925 0.313642 1.905070
v 13.997424 -0.376493 2.377871
v 13.985602 -0.395441 2.379535
v 13.998544 0.306458 1.957188
v 13.999146 0.291411 2.441752
v 13.999014 0.151414 1.728915
v 13.998661 0.184246 1.718167
v 13.999133 0.328026 2.550169
v 13.998513 0.169876 1.689400
v 13.999043 0.327099 2.872358
v 13.998779 -0.362065 2.897799
v 13.999779 0.112812 2.134890
v 13.992052 -0.388212 2.252258
v 13.999500 -0.347725 2.070405
v 13.999603 -0.347769 2.100616
v 13.999677 0.142021 2.386263
v 13.999500 -0.318957 2.127926
v 13.999736 -0.297403 2.127926
v 13.999647 0.213985 2.496800
v 13.999516 0.040480 2.451410
v 13.999603 0.004836 2.449967
v 13.999647 0.142919 2.464440
v 13.999868 0.002392 1.988695
v 13.999838 -0.062858 1.923047
v 13.999751 0.089167 2.873462
v 11.886590 0.378127 1.797081
v 12.475508 0.440256 1.787452
v 12.442926 0.359356 2.221370
v 12.521737 0.422251 1.855028
v 12.658583 0.557154 1.818811
v 12.853907 0.363419 2.226788
v 12.939063 -0.512971 2.272016
v 13.234221 -0.347975 1.358584
v 13.296453 -0.504550 1.645629
v 13.312029 0.399917 1.962577
v 13.313811 -0.416582 2.393904
v 13.333083 -0.395176 2.466354
v 13.443738 -0.510527 2.307645
v 13.447258 0.500560 2.063220
v 13.478116 0.518404 2.313769
v 13.506854 0.516387 1.804427
v 13.564360 -0.547834 2.048851
v 13.463716 -0.533598 2.192617
v 13.575122 0.509968 1.962577
v 13.665003 0.522791 2.124054
v 13.794400 0.505256 1.786951
v 10.732002 -0.485690 3.218971
v 10.458825 -0.148308 2.853984
v 10.405617 0.256136 2.714827
v 10.358182 0.133659 2.731448
v 10.372565 0.251616 2.730212
v 10.605506 -0.358649 2.612137
v 10.424683 0.169876 2.690505
v 10.448476 0.144053 2.671130
v 10.428968 0.130847 2.709055
v 10.577254 0.132540 2.555852
v 10.479834 -0.139695 2.890275
v 10.505819 -0.175191 2.613403
v 10.493483 -0.153122 2.644114
v 10.601369 0.258315 2.521946
v 10.415688 -0.376316 2.825231
v 10.717619 -0.378849 2.537684
v 10.616754 -0.143008 3.012281
v 10.550974 0.120423 2.948753
v 10.731296 0.343073 2.493929
v 10.605492 0.155492 2.511994
v 10.601369 -0.277969 2.522152
v 10.818115 -0.151400 2.321940
v 10.458825 0.120335 2.876289
v 10.737406 -0.154918 3.136098
v 10.648908 0.121321 3.052415
v 10.487579 0.318206 3.123319
v 10.668680 0.349904 3.091665
v 10.907629 -0.286980 2.224330
v 10.679884 0.305250 3.133345
v 10.760107 -0.203944 2.357333
v 10.718458 -0.160881 2.409098
v 10.918906 0.359827 2.350767
v 10.752851 0.247508 3.133698
v 10.660701 0.329601 3.127868
v 10.730824 0.284109 3.126455
v 10.719724 0.097986 3.124791
v 10.918862 -0.372930 2.321896
v 10.777671 0.241767 2.339136
v 10.679752 -0.351906 3.134655
v 10.746696 -0.302586 3.143209
v 10.746828 0.139489 3.140824
v 10.616975 -0.352584 3.121567
v 10.751304 0.377126 3.163703
v 10.843512 0.155492 2.275461
v 10.760755 0.472867 3.242174
v 10.749553 -0.293708 3.129753
v 10.793543 -0.175191 2.326195
v 10.775287 0.196745 3.141487
v 10.812358 0.155492 3.092328
v 10.759931 -0.202840 3.157313
v 10.645729 0.359871 3.055271
v 10.846633 0.352156 2.925462
v 11.092351 0.130920 2.797332
v 10.876004 0.270961 3.012429
v 10.766115 -0.211983 3.163246
v 10.766424 -0.217386 3.155385
v 10.777054 -0.132054 3.256558
v 10.879007 -0.157215 3.015344
v 10.718605 -0.373710 3.056331
v 11.110019 -0.182243 3.148656
v 10.861399 -0.472352 3.218545
v 10.818263 0.454935 3.256558
v 10.861399 0.454095 3.216793
v 10.934394 0.212999 2.977227
v 10.951486 0.136132 2.944322
v 10.904213 -0.275202 2.997515
v 10.901871 -0.261451 2.218794
v 10.965973 -0.175191 2.153293
v 10.890152 -0.495054 3.256558
v 10.765039 -0.160807 3.165661
v 10.943096 -0.165298 2.963962
v 11.005372 -0.275702 2.120977
v 10.890152 -0.379261 2.868368
v 11.032697 -0.289173 2.867087
v 10.970950 0.135396 2.158372
v 11.071401 -0.155257 2.057714
v 11.055532 -0.153593 2.846829
v 11.118190 -0.176428 2.797376
v 11.029250 0.252794 2.878056
v 11.048022 0.140166 2.077192
v 11.062685 0.358605 2.695834
v 11.198442 -0.369794 2.040916
v 11.133531 0.346753 2.105018
v 11.177698 -0.380188 2.091974
v 11.121267 0.139445 2.783227
v 11.474404 -0.182523 3.148745
v 11.131500 -0.175191 1.988415
v 11.097152 0.145982 2.025840
v 11.078292 -0.275835 1.545633
v 11.088142 0.133924 1.499390
v 11.076938 0.169876 1.545633
v 11.100258 0.227383 1.579525
v 11.081369 0.271889 1.532501
v 11.074876 0.241767 1.531250
v 11.078071 0.241767 1.545633
v 11.155056 0.265043 1.640417
v 11.203641 -0.152195 2.692875
v 11.237148 -0.158731 2.668745
v 11.268007 -0.287392 1.771964
v 11.147519 0.265720 2.752001
v 11.117896 -0.261804 1.601874
v 11.233631 0.177061 1.741503
v 11.954080 -0.366393 3.149348
v 11.317902 0.318206 1.887197
v 11.163566 0.298964 1.445196
v 11.155276 0.365054 1.508460
v 11.120193 -0.378804 2.638328
v 11.075613 -0.275835 1.516881
v 11.168203 -0.400962 1.504955
v 11.260322 -0.261451 1.325664
v 11.982228 0.357309 3.155826
v 12.078677 0.134100 3.351048
v 11.170795 -0.203944 2.746436
v 11.195910 -0.428832 1.516881
v 11.264002 0.256342 1.327136
v 11.154098 -0.261451 1.967671
v 11.202359 -0.294753 1.944041
v 11.191611 0.403465 1.501466
v 11.235014 0.241251 2.681244
v 11.256745 -0.153608 1.883472
v 11.206761 -0.405202 1.474009
v 11.478834 -0.166269 3.160788
v 11.247970 0.142713 2.665521
v 11.278342 -0.232698 1.314592
v 11.001779 0.241767 2.117237
v 11.322172 -0.418997 1.688605
v 11.278342 -0.379496 1.991330
v 11.415468 -0.175191 2.502262
v 11.284158 -0.166048 1.839054
v 11.781560 -0.436340 1.516881
v 11.479629 0.355675 2.293261
v 12.011600 0.138988 3.170284
v 11.158795 0.259566 1.972588
v 11.414572 -0.153755 2.487024
v 11.284055 -0.160807 1.799068
v 11.275913 0.227383 1.791633
v 11.292726 -0.274819 1.318818
v 12.025969 -0.488164 3.229763
v 11.288929 -0.232698 1.805399
v 11.301354 -0.278264 1.818811
v 11.302531 0.256136 1.821461
v 11.382034 -0.275835 2.526230
v 11.292726 0.227383 1.311192
v 11.407740 0.410635 1.772450
v 11.401423 -0.412063 1.782579
v 11.449699 0.132790 2.450321
v 11.264121 0.140829 1.861978
v 11.294361 0.141123 1.818811
v 11.422815 0.155492 2.495416
v 11.463642 -0.288849 2.435422
v 11.345684 -0.103301 1.879395
v 11.394607 0.345796 1.833931
v 11.345949 -0.141108 1.890687
v 11.344300 0.120350 1.881191
v 11.436493 -0.149898 2.063220
v 11.465245 0.366540 1.818811
v 11.396109 -0.002657 1.952860
v 11.367341 -0.074548 1.909679
v 11.422123 0.361078 1.808108
v 11.417367 0.120894 1.991330
v 11.320272 -0.305795 1.818811
v 11.431693 -0.383486 1.811273
v 11.536369 -0.371576 2.249270
v 11.463509 0.241767 2.449673
v 11.444280 -0.178857 2.473568
v 11.751540 0.268591 1.329389
v 11.724039 -0.261451 1.312782
v 11.436493 0.421397 1.768106
v 11.430162 -0.132054 2.025928
v 11.616256 0.133909 2.286105
v 11.493998 0.122381 2.053150
v 11.593405 -0.261451 2.320910
v 11.645832 0.378392 1.797286
v 11.580273 -0.392540 1.792458
v 11.465245 -0.143935 2.051825
v 11.612177 0.256136 2.296573
v 11.968463 -0.166682 3.160066
v 11.840479 -0.145555 2.055329
v 11.968463 0.155492 3.142473
v 11.606273 -0.163649 2.304612
v 11.735037 0.256136 2.174847
v 11.196779 0.408735 1.527569
v 11.629490 0.241767 2.285001
v 11.713307 -0.275835 2.196342
v 11.679105 0.142963 2.233928
v 11.954080 -0.232698 3.142974
v 11.896572 0.422560 1.535196
v 11.798388 0.135720 2.095404
v 11.824683 0.124443 2.054122
v 11.680003 0.132422 2.220531
v 11.722051 0.143199 2.190541
v 11.752807 0.241767 1.318361
v 11.829172 -0.189560 2.096626
v 11.739954 -0.218314 2.180383
v 11.732284 0.169876 2.186537
v 11.858485 -0.261451 2.054313
v 11.748802 -0.275835 1.321350
v 11.855172 0.198630 2.064560
v 11.852891 -0.318692 1.392092
v 11.853450 0.294267 2.029226
v 12.054752 0.467949 3.227054
v 11.824683 0.364538 1.943379
v 11.867819 0.299273 1.399674
v 11.816276 0.151429 2.098127
v 11.910956 -0.297771 2.041872
v 11.991444 -0.186425 3.121832
v 11.999292 0.184245 3.116090
v 12.174756 -0.327172 2.028740
v 12.126613 -0.272552 2.057685
v 12.122285 -0.088917 3.337841
v 12.414159 -0.446263 1.732537
v 12.100951 0.146453 3.045010
v 12.023436 -0.203944 3.089089
v 12.066339 -0.170819 3.066563
v 12.069033 0.127078 3.387442
v 12.083240 0.111163 3.362193
v 12.096181 0.119540 3.360441
v 12.096579 -0.188913 3.028770
v 12.097860 0.129919 3.400324
v 12.113023 0.109440 3.387324
v 12.147680 0.161411 2.990124
v 12.137994 -0.103301 3.270927
v 12.128586 -0.002658 3.328448
v 12.003414 -0.343941 3.119197
v 12.125391 0.284565 2.037559
v 12.114526 0.241767 2.057744
v 12.133253 0.054849 3.315846
v 12.133841 0.045853 3.307189
v 12.112243 0.131863 3.345983
v 12.131530 0.112355 3.328448
v 12.139818 -0.103301 3.256558
v 12.149977 -0.146099 3.199449
v 12.122991 -0.169567 3.022455
v 12.156043 -0.045795 3.184668
v 12.156837 0.254369 2.090486
v 12.119840 0.149971 2.055830
v 12.277756 -0.498587 3.178396
v 10.660112 -0.379084 3.069640
v 10.683124 0.135028 2.445668
v 10.818263 -0.442082 3.205456
v 10.789509 -0.362094 3.151380
v 10.947291 0.130935 2.192190
v 11.073007 -0.275835 2.835861
v 11.029987 0.144303 2.878674
v 11.084696 0.276262 1.511448
v 11.117719 0.226455 1.601712
v 11.307096 -0.378628 2.451410
v 11.134563 0.127505 2.020083
v 11.422123 -0.434279 1.761290
v 11.387187 0.264204 2.517147
v 11.666533 -0.378539 2.091974
v 11.824683 -0.357692 1.986796
v 11.824683 -0.381204 1.948208
v 12.120547 -0.483747 3.178411
v 9.401804 -0.183112 4.788059
v 9.359947 -0.084824 4.743376
v 9.460871 -0.099930 4.858197
v 9.628958 -0.376478 4.862187
v 9.466553 0.194536 4.837968
v 9.424521 0.046295 4.765489
v 9.509911 -0.199778 4.891455
v 9.352336 -0.214412 4.708454
v 9.481232 -0.174706 4.881091
v 9.481954 0.183568 4.866088
v 9.481158 -0.061813 4.794949
v 9.509057 0.082719 4.885581
v 9.560734 -0.239500 4.801839
v 9.553048 0.074018 4.892338
v 9.567418 -0.210084 4.901658
v 9.537708 0.155212 4.904647
v 9.488240 0.216561 5.376535
v 9.487578 0.241766 5.384426
v 9.515403 -0.107806 4.903543
v 9.489359 0.300156 5.384426
v 9.488034 -0.017042 5.395232
v 9.488961 -0.304058 5.385147
v 9.491375 0.284889 5.355672
v 9.500961 -0.038595 5.289068
v 9.492496 -0.017042 5.326919
v 9.514152 -0.328821 5.421689
v 9.500915 0.323300 5.370042
v 9.489035 0.227382 5.402181
v 9.538665 -0.189561 4.908931
v 9.490302 -0.082763 4.872522
v 9.499856 0.257475 5.296738
v 9.495984 -0.045795 5.413179
v 9.499989 0.313642 5.409528
v 9.542831 0.212999 5.276097
v 9.549162 0.205593 4.872728
v 9.696815 0.065832 4.827044
v 9.632771 -0.238793 4.859124
v 9.624114 0.204989 4.866324
v 9.516845 -0.355072 5.389991
v 9.586175 -0.385282 5.345396
v 9.505171 -0.337626 5.367274
v 9.568140 -0.379290 5.383557
v 9.502638 0.206123 4.759114
v 9.673509 0.031764 4.472775
v 9.511015 -0.003085 4.559152
v 9.754174 -0.104862 4.925435
v 9.596172 0.299273 5.256075
v 9.581801 0.214618 4.827280
v 9.783811 -0.219433 5.261360
v 9.639103 0.342675 5.254749
v 9.513843 0.281679 5.288744
v 9.609128 -0.031455 4.558416
v 9.577842 -0.023093 4.547875
v 9.676528 -0.126563 4.516030
v 9.600353 0.032308 4.802972
v 9.653678 -0.117670 4.526027
v 9.649040 0.033457 4.571990
v 9.711832 0.423546 5.313610
v 9.602752 -0.026390 4.544930
v 9.661230 -0.053230 4.570945
v 9.673436 -0.427404 5.349416
v 9.610555 -0.141388 4.430227
v 9.716307 -0.139430 4.442917
v 9.667016 -0.222451 4.896593
v 9.790553 0.206844 5.262390
v 9.678515 -0.058751 4.536111
v 9.624571 -0.048018 4.551231
v 9.586264 -0.052523 4.802928
v 9.636186 -0.054246 4.789693
v 9.719914 0.031675 4.671309
v 9.641856 -0.002658 4.799115
v 9.643240 -0.031411 4.804150
v 9.765318 -0.376478 4.971914
v 9.653678 0.065243 4.457729
v 9.686421 0.011726 4.526719
v 9.625484 -0.029232 4.551055
v 9.677763 0.011726 4.582326
v 9.663351 -0.031411 4.788883
v 9.748593 0.362742 4.959356
v 9.704882 0.134616 4.931442
v 9.702306 -0.441920 5.326919
v 9.653251 0.183760 4.912803
v 9.668062 -0.029453 4.540616
v 9.672008 -0.031411 4.622415
v 9.665249 -0.141050 4.469551
v 9.673155 -0.132113 4.492592
v 9.676145 -0.022312 4.641260
v 9.739951 0.022017 4.774617
v 9.739951 -0.486500 4.424617
v 9.693222 0.035783 4.622415
v 9.610555 0.032632 4.787116
v 9.702144 0.342410 5.218414
v 9.645492 -0.342234 5.233078
v 9.685730 -0.103301 4.507402
v 9.811842 -0.486721 4.877336
v 9.682990 -0.047149 4.518591
v 9.686319 0.021384 4.513910
v 9.659654 -0.052773 4.647355
v 9.707812 -0.040053 4.685163
v 9.707076 -0.178430 4.340743
v 9.696815 -0.144480 4.363622
v 9.773830 0.338302 4.990568
v 9.639779 0.106010 4.450691
v 9.742675 0.120055 4.429446
v 9.524119 0.343234 4.780668
v 9.495527 0.474604 4.593662
v 9.804614 0.464622 4.874053
v 9.691058 0.106790 4.493018
v 9.639309 -0.096485 4.901820
v 9.638411 -0.476165 4.278555
v 9.697889 -0.218343 4.938671
v 9.685405 0.213043 4.307220
v 9.822354 -0.422619 5.178384
v 9.797458 -0.477637 5.312535
v 9.739951 -0.036166 4.688887
v 9.763404 0.391039 5.206386
v 9.653678 -0.189561 4.914614
v 9.761697 -0.168713 4.961888
v 9.811842 -0.083514 4.815943
v 9.711199 0.046265 4.766196
v 9.855510 -0.405953 5.163985
v 9.797076 -0.090654 4.824379
v 9.807101 -0.098163 4.933959
v 9.815862 0.236378 4.300197
v 9.746224 0.064065 4.328229
v 9.797458 0.385532 5.185347
v 9.721211 -0.074548 4.327345
v 9.797458 0.054849 4.361045
v 9.750169 0.034546 4.733585
v 9.811842 0.347681 5.002125
v 9.878152 -0.153490 4.384852
v 9.803067 -0.051080 4.773130
v 9.674098 -0.082027 4.816223
v 9.765172 -0.146438 4.996236
v 9.747255 -0.168080 4.931471
v 9.762772 0.184142 4.995088
v 9.770737 0.141123 4.996236
v 9.712406 -0.290027 4.205148
v 9.784356 -0.260376 4.276567
v 9.798105 -0.117214 4.353610
v 9.776596 0.011726 4.686679
v 9.805614 0.016761 4.717022
v 9.771826 0.126739 4.996236
v 9.774196 0.115741 4.953099
v 9.771385 0.126739 4.981852
v 9.805894 0.306178 4.241145
v 9.826816 0.155374 4.344998
v 9.783148 -0.017042 4.981852
v 9.779174 0.098280 5.009560
v 9.786489 0.011726 4.967483
v 9.796574 0.012992 4.764826
v 9.797458 -0.380748 4.987314
v 9.912486 -0.219433 4.355068
v 9.756236 0.429303 4.391286
v 9.841626 -0.494553 5.270252
v 9.817393 -0.341071 4.227511
v 9.777377 0.097044 4.966820
v 9.797458 -0.018779 4.719172
v 9.819071 0.017969 4.701593
v 9.818483 -0.013582 4.700901
v 9.800786 0.034502 4.734174
v 9.740069 -0.232551 4.967217
v 9.810827 -0.261996 5.001860
v 9.832056 -0.240280 5.046985
v 9.854966 -0.186307 4.345174
v 9.846396 0.029791 4.916410
v 9.812314 -0.045383 4.711722
v 9.826050 -0.074106 4.762603
v 9.824135 -0.060164 4.694306
v 9.854966 0.054849 4.372912
v 9.826211 -0.496467 4.651168
v 9.811842 -0.496040 4.852455
v 9.834662 -0.477122 4.674415
v 9.811842 0.476768 4.708690
v 9.841257 -0.489989 4.751046
v 9.835324 -0.463621 4.722175
v 9.885116 -0.087504 4.370011
v 9.816376 0.040480 4.711840
v 9.812004 -0.002466 4.772291
v 9.837312 0.083602 4.751811
v 9.833381 -0.168301 4.672722
v 9.843274 -0.406247 4.738856
v 9.829803 -0.419601 4.679936
v 9.787255 0.169876 5.034176
v 9.824725 -0.390848 4.694305
v 9.821103 -0.347725 4.694306
v 9.940901 -0.359179 4.206399
v 9.906935 0.063417 4.371027
v 9.832483 0.457423 4.704376
v 9.869348 0.474413 4.766196
v 9.840595 -0.097059 4.905089
v 9.877034 -0.110338 4.816679
v 9.829214 -0.002245 4.678626
v 9.831393 0.212999 4.721998
v 9.836899 -0.448354 4.723058
v 9.955491 -0.539899 5.255735
v 9.851873 0.094511 4.903704
v 9.816716 -0.456230 4.014020
v 9.950735 -0.427728 4.085380
v 9.916329 -0.455421 4.025268
v 9.921702 -0.482982 5.163543
v 9.926855 -0.477122 4.662652
v 9.884954 0.025551 5.180430
v 9.875679 -0.078479 4.902453
v 9.891034 -0.167933 5.190353
v 9.945523 0.348800 4.197360
v 9.883719 0.196480 4.330540
v 9.948027 0.464872 5.146951
v 9.881921 0.126739 5.192340
v 9.848722 0.399916 4.743287
v 9.883719 0.173454 5.101193
v 9.982536 -0.376478 5.149719
v 9.827360 0.433528 4.031584
v 9.956595 0.405216 4.091328
v 9.929608 -0.238336 4.312461
v 9.955609 0.272964 4.266556
v 9.846411 0.155492 4.760557
v 9.897395 -0.260111 5.013299
v 9.842700 -0.203945 4.749795
v 10.444442 0.471954 4.449881
v 9.952575 -0.261451 4.751811
v 9.870688 0.117155 4.879824
v 9.769234 0.108262 4.923330
v 9.898102 0.107261 4.890321
v 9.887501 0.025094 5.154901
v 9.876856 -0.108498 5.190618
v 9.969992 -0.497012 4.766195
v 9.788065 -0.241458 5.019969
v 9.925427 -0.261451 5.193681
v 10.228786 -0.496968 4.838086
v 9.918611 0.079053 5.163631
v 9.888605 -0.104229 5.170065
v 9.891034 -0.109676 5.175969
v 9.935307 0.284889 4.672207
v 9.826211 0.060502 4.831740
v 9.969992 0.097986 4.811541
v 10.047153 0.134012 4.385382
v 9.940268 -0.116949 4.357895
v 9.854966 0.467287 4.660826
v 9.947761 0.465020 4.673340
v 9.833529 0.464696 4.672987
v 9.883719 0.113783 4.852455
v 9.963926 -0.125105 4.872522
v 10.022447 -0.240604 5.061795
v 9.921554 0.073546 5.173216
v 9.891432 -0.138518 5.160923
v 10.041882 -0.573820 5.226276
v 9.941239 -0.477122 4.752091
v 9.845660 0.155492 5.091741
v 9.969992 0.131833 5.163587
v 9.934275 0.148499 4.342142
v 9.926855 0.469245 4.767594
v 9.949675 0.457423 4.746217
v 9.929563 -0.154138 5.134068
v 10.024907 0.026096 4.329097
v 9.977913 -0.031411 4.356791
v 10.025613 -0.002658 4.891573
v 9.949410 -0.152857 5.176440
v 9.948424 0.335328 4.687135
v 9.954489 -0.167992 4.723059
v 9.933025 0.106481 5.164338
v 9.984362 -0.247052 4.277362
v 9.954873 -0.477122 4.737442
v 9.941239 -0.117670 4.771570
v 9.969992 -0.106761 4.803179
v 9.969992 -0.112341 4.888967
v 9.955225 0.414286 4.723059
v 9.933230 0.069233 4.672855
v 9.955757 -0.247082 4.737443
v 9.954341 0.371163 4.723059
v 9.942653 -0.363331 4.760130
v 9.952943 -0.376478 4.737442
v 9.948202 -0.132054 4.687960
v 9.936130 -0.419601 4.671765
v 9.953326 -0.347725 4.737443
v 9.951088 0.155492 4.761793
v 9.953106 -0.476121 4.678641
v 9.955638 -0.132054 4.737443
v 9.950441 -0.405232 4.694305
v 9.954916 0.097986 4.708690
v 10.352721 -0.413329 4.341435
v 10.185649 -0.485381 4.875349
v 10.168452 0.361667 4.987211
v 10.041882 -0.060164 4.322811
v 9.956478 0.126739 4.751811
v 9.952192 0.126739 4.764444
v 10.027661 -0.400667 4.047720
v 9.941239 -0.493655 4.651168
v 10.034787 0.185629 5.119464
v 9.961983 0.451416 5.132464
v 9.991575 0.306560 5.147216
v 10.030841 0.290483 4.196506
v 9.993931 -0.254031 5.017333
v 10.067824 0.204415 5.082539
v 10.036817 -0.165136 5.119773
v 10.013129 0.146114 5.129372
v 10.027396 -0.410649 3.788013
v 10.024215 0.107467 4.828163
v 10.019520 -0.110074 4.873243
v 10.043089 0.485145 5.097719
v 10.057960 0.443039 5.085484
v 10.056251 0.401595 3.860404
v 10.034860 0.092318 4.888688
v 10.100405 0.228693 5.033764
v 10.113581 -0.520715 5.053536
v 10.021211 -0.111251 4.830018
v 10.020712 -0.060164 4.816223
v 10.027440 -0.088917 4.866839
v 10.127700 0.313348 5.023958
v 10.029912 -0.045795 4.866839
v 10.057076 -0.233979 5.043819
v 10.023434 0.106039 4.889277
v 10.036730 0.083602 4.838086
v 10.166333 -0.569521 5.077504
v 10.065114 -0.175191 5.085896
v 10.141112 -0.362094 5.022206
v 10.109179 0.202575 5.044688
v 10.243155 0.478123 4.794949
v 10.121959 0.258977 5.031467
v 10.109445 -0.222039 5.031555
v 10.121811 -0.251337 5.031600
v 10.559469 0.169876 4.360559
v 10.144337 -0.349477 5.010458
v 10.148164 0.371163 5.016450
v 10.178861 -0.381720 4.985739
v 10.237722 -0.434736 4.925788
v 10.202241 0.414286 4.969809
v 10.244729 0.486176 4.926068
v 10.328722 -0.485455 4.694173
v 10.013997 0.545788 5.212658
v 10.386935 -0.576838 4.881209
v 10.485723 -0.247067 4.349208
v 10.330385 0.314938 4.343643
v 9.690588 0.105848 4.453709
v 9.763111 -0.067776 4.773895
v 9.739951 -0.057455 4.709985
v 9.348640 0.083602 4.725841
v 9.412007 -0.079024 4.791621
v 9.489153 0.054790 5.371293
v 9.542360 0.088814 4.903911
v 9.529699 -0.299774 5.275714
v 9.671977 -0.159909 4.319278
v 9.747432 0.237806 4.974388
v 9.854966 0.214250 5.056451
v 9.841257 0.299818 5.208226
v 9.984362 -0.477122 5.124882
v 9.951030 0.141123 5.176852
v 9.955609 0.472719 4.665552
v 9.811842 -0.347725 4.998798
v 10.128142 0.475384 4.766196
v 10.085005 0.194448 4.356923
v 8.564885 -0.125562 4.571298
v 8.944167 -0.123604 4.529118
v 8.704765 -0.140726 4.520579
v 8.606727 -0.366084 4.611579
v 9.349142 -0.338229 4.642644
v 8.562072 -0.347725 4.653067
v 8.654369 -0.527355 4.471729
v 8.604120 -0.546391 4.507402
v 9.365793 0.312538 4.647134
v 8.547734 0.270520 4.667113
v 8.708724 0.432115 4.478649
v 8.618887 -0.454125 4.362650
v 8.711330 -0.440713 4.481697
v 8.637468 0.521054 4.478649
v 8.627014 0.522761 4.515882
v 8.685698 0.467817 4.507402
v 8.698300 -0.457438 4.502161
v 8.648539 -0.532906 4.494020
v 9.294800 0.169037 4.675181
v 8.699330 0.442185 4.507255
v 8.490110 0.094644 4.577864
v 9.222365 0.093790 4.622415
v 8.661523 -0.404893 4.561331
v 8.712347 -0.097265 4.357953
v 8.710401 0.069233 4.365668
v 8.733518 0.095365 4.403608
v 8.708415 -0.002658 4.392375
v 8.711743 -0.109190 4.341096
v 8.738877 -0.031411 4.349252
v 8.762285 -0.123707 4.382305
v 8.710668 -0.112620 4.392375
v 8.767364 0.091331 4.414209
v 8.733724 0.096941 4.363165
v 8.711345 0.106069 4.372161
v 8.791038 0.101063 4.392375
v 8.733518 0.169876 4.322811
v 8.719870 0.127299 4.329937
v 8.756867 -0.455053 4.344997
v 8.707164 -0.160807 4.316244
v 8.732663 -0.031411 4.363622
v 8.768704 -0.125208 4.414326
v 8.742556 0.079244 4.340227
v 8.738199 0.097942 4.349739
v 8.751788 0.026096 4.349252
v 8.808881 -0.108336 4.366978
v 8.776655 -0.461943 4.449881
v 8.949188 0.385532 4.302803
v 8.812210 0.435928 4.327595
v 8.789728 0.084161 4.411352
v 8.784162 0.031823 4.298710
v 8.806983 0.040671 4.321721
v 8.842420 0.163560 4.312873
v 8.829228 -0.143950 4.333338
v 8.782014 0.054849 4.354273
v 8.791980 0.083602 4.351152
v 8.783251 0.058736 4.371572
v 8.834160 0.099679 4.338034
v 8.787253 0.026096 4.347280
v 8.802197 -0.060164 4.334868
v 8.546614 -0.122220 4.647414
v 9.251118 -0.146909 4.660871
v 9.229815 -0.139283 4.529044
v 8.999480 0.119554 4.658353
v 8.796382 -0.031411 4.360118
v 8.633417 0.155507 4.671574
v 8.820911 -0.204813 4.306071
v 8.776655 0.102476 4.355671
v 8.816052 -0.051934 4.370350
v 8.848545 -0.455936 4.327286
v 8.830420 -0.185556 4.311828
v 8.752656 -0.139357 4.471096
v 8.791038 0.106510 4.453370
v 9.184514 -0.139371 4.471303
v 8.833939 -0.075269 4.354994
v 8.843376 0.203385 4.298121
v 8.840094 -0.045795 4.355333
v 8.963557 -0.281268 4.285607
v 8.874398 -0.149147 4.342745
v 8.861588 0.041746 4.402401
v 8.853182 0.113077 4.340581
v 8.915665 -0.049358 4.355407
v 8.845894 0.029953 4.392375
v 8.819423 -0.087695 4.414312
v 8.898322 -0.125046 4.414032
v 8.972375 -0.125326 4.571593
v 8.873661 0.083602 4.372514
v 8.946155 0.258653 4.292085
v 8.927825 -0.023637 4.414017
v 8.874487 0.103875 4.392375
v 9.222365 -0.116154 4.636799
v 8.919993 -0.147645 4.343702
v 8.858924 0.084750 4.391609
v 8.903225 0.069233 4.368524
v 9.064201 -0.464814 4.349252
v 8.848382 -0.248583 4.300153
v 8.903724 -0.260965 4.293866
v 9.021079 0.437842 4.325240
v 8.879889 0.107011 4.352668
v 8.927163 0.015481 4.386721
v 8.913898 -0.125223 4.375547
v 9.303899 0.376772 4.570224
v 8.927899 -0.103301 4.357468
v 8.928664 0.098693 4.393597
v 8.930034 -0.002658 4.404403
v 9.237898 0.432012 4.462955
v 8.913308 0.105185 4.356334
v 8.928767 0.087592 4.415048
v 8.925941 -0.088917 4.373442
v 8.943181 -0.127240 4.411912
v 8.934803 -0.371002 4.200422
v 9.006973 0.269180 4.277186
v 9.055794 -0.268474 4.284635
v 9.061609 -0.357059 4.172375
v 9.067587 -0.454611 4.328391
v 9.170320 0.380865 4.309958
v 9.251118 0.103625 4.528691
v 9.092777 0.339451 4.148687
v 9.157910 0.234081 4.270060
v 9.099035 -0.253795 4.269751
v 9.159779 -0.266486 4.271576
v 9.176535 0.432159 4.363622
v 9.159543 0.275378 4.224611
v 9.165655 -0.434721 4.337828
v 9.216078 -0.110751 4.571961
v 9.162076 -0.379703 4.315199
v 9.161870 -0.318957 4.287712
v 9.164844 0.333812 4.153649
v 9.175459 0.342410 4.176719
v 9.193597 -0.461059 4.406759
v 9.183070 -0.463356 4.348840
v 9.186000 -0.384487 4.147965
v 9.171748 -0.337493 4.262978
v 9.171970 0.371782 4.219856
v 9.171470 -0.319193 4.218678
v 9.176562 -0.448354 4.291731
v 9.176284 -0.433985 4.234225
v 9.625012 0.108851 4.462955
v 9.308625 0.049740 4.582311
v 9.183822 -0.475473 4.248609
v 9.197294 -0.486927 4.334868
v 9.182439 -0.449252 4.218855
v 9.197764 -0.486147 4.237272
v 9.196424 0.468303 4.234225
v 9.207848 0.398797 4.173686
v 9.200002 0.379290 4.147966
v 9.207981 -0.493008 4.248609
v 9.178699 -0.419601 4.205472
v 9.251118 -0.487251 4.223330
v 9.207981 -0.490814 4.349252
v 9.200591 -0.470158 4.385544
v 9.214740 -0.484601 4.385735
v 9.199708 0.465520 4.346396
v 9.308625 0.475340 4.435512
v 9.214268 0.450886 4.041654
v 9.251118 0.391377 4.153516
v 9.247894 -0.139460 4.515632
v 9.506467 -0.413844 4.162335
v 9.265665 -0.060885 4.581192
v 9.276544 0.081335 4.636799
v 9.252856 -0.105024 4.635327
v 9.336642 0.461309 4.493607
v 9.366132 -0.142493 4.468152
v 9.230610 0.464460 4.212804
v 9.567418 0.476297 4.234225
v 9.230434 0.091037 4.571828
v 9.509911 0.389419 4.171345
v 9.284097 -0.063977 4.636799
v 9.264221 0.078699 4.580588
v 9.308683 0.051507 4.651772
v 9.236734 -0.452800 4.465472
v 9.395459 -0.390421 4.650623
v 9.351762 0.210628 4.659972
v 9.289486 -0.053745 4.622415
v 9.287866 -0.175191 4.672074
v 9.397564 -0.243990 4.673694
v 9.322318 0.188073 4.680216
v 9.409268 -0.031411 4.562082
v 9.399433 0.169876 4.776560
v 9.402129 0.205770 4.672693
v 9.438021 -0.236982 4.697780
v 9.509911 0.456922 4.032938
v 9.561692 0.465167 4.212171
v 9.448475 -0.017042 4.541618
v 9.466656 -0.004792 4.550495
v 9.478803 -0.017042 4.547403
v 9.497721 -0.017042 4.548199
v 9.465758 -0.073238 4.527823
v 9.480997 -0.031661 4.549833
v 9.521057 -0.017071 4.549833
v 9.682607 0.070013 4.526542
v 9.495527 -0.493111 4.004185
v 9.518775 -0.471336 4.043406
v 9.682445 0.094968 4.517944
v 9.544627 -0.395809 4.093860
v 9.521748 0.473220 3.948004
v 9.531863 0.451136 3.975432
v 9.526667 0.441979 4.032320
v 9.538635 -0.029968 4.550908
v 9.547292 0.364612 4.098527
v 9.548779 0.339038 4.162335
v 9.539018 0.399916 4.061691
v 9.540225 0.100930 4.330746
v 9.494320 -0.003865 4.539807
v 9.545068 0.070411 4.335914
v 9.595111 -0.320326 4.191426
v 9.565976 0.085972 4.363931
v 9.567418 0.107688 4.326256
v 9.581493 -0.477343 4.223065
v 9.589134 -0.327452 4.195888
v 9.558188 -0.060164 4.326020
v 9.573925 0.031131 4.412309
v 9.569819 -0.133100 4.348664
v 9.555257 -0.117670 4.323606
v 9.606860 0.467316 4.248609
v 9.579152 -0.104052 4.422100
v 9.596172 0.083602 4.434408
v 9.573440 -0.074533 4.383880
v 9.581831 -0.118583 4.419141
v 9.639309 0.108836 4.324195
v 9.739951 0.472734 4.435512
v 9.711199 -0.349654 4.133581
v 9.544068 -0.367777 4.138101
v 9.725567 -0.404142 4.018569
v 9.581801 0.113989 4.378006
v 9.576178 0.103345 4.409880
v 9.624925 -0.149353 4.406759
v 9.652280 0.238336 4.248388
v 9.739951 0.397973 3.989801
v 9.558790 -0.009459 4.351888
v 9.673671 0.140210 4.305144
v 9.660229 0.230239 4.270928
v 9.652397 -0.144038 4.319101
v 9.740599 0.359635 4.103960
v 9.665029 0.467817 4.320485
v 9.658978 0.120511 4.332425
v 9.666310 -0.233036 4.263420
v 9.681841 0.211821 4.265908
v 9.709919 0.140667 4.352757
v 9.725567 0.239116 4.244634
v 9.755277 -0.405128 4.360000
v 9.666045 -0.247082 4.277362
v 9.743486 -0.376478 4.344144
v 9.744899 -0.126622 4.313933
v 9.739951 0.356779 4.345734
v 9.764495 -0.366541 4.147965
v 9.797591 0.403111 4.090783
v 9.811784 0.359518 4.175924
v 9.818924 -0.412446 4.126441
v 9.826211 0.404878 4.107582
v 9.845880 0.450415 3.852174
v 9.829744 -0.470173 3.865086
v 9.955609 -0.466124 3.903541
v 9.935379 0.436104 4.012282
v 9.941239 0.428316 3.759776
v 8.830494 0.040480 4.402460
v 9.545217 0.069233 4.343187
v 8.791038 0.443068 4.449881
v 9.379970 -0.065125 4.737972
v 9.539607 0.428670 3.975432
v 9.538665 -0.493891 4.234225
v 9.611158 0.287186 4.204221
v 9.645536 -0.451195 4.271326
v 9.671919 -0.161161 4.305747
v 9.936380 0.450680 3.860404
v 8.596523 0.306870 3.941673
v 8.752434 -0.455038 3.363105
v 8.686067 -0.389434 3.514291
v 8.587204 0.254840 4.060572
v 8.676702 0.309211 4.132698
v 8.618503 0.426343 3.299695
v 8.674391 0.387491 3.197462
v 8.740643 0.407130 3.148656
v 8.684815 -0.347725 4.312873
v 8.584480 -0.433985 4.210345
v 8.576280 -0.261451 4.061691
v 8.675953 -0.333135 4.119242
v 8.686920 0.124207 3.385955
v 8.676688 -0.287760 4.177676
v 8.685994 0.422560 4.326359
v 8.696814 0.350331 3.018597
v 8.707664 -0.439785 4.349252
v 8.644121 -0.204651 3.556383
v 8.612335 0.212999 4.240070
v 8.633492 0.160321 4.247240
v 8.661420 -0.177871 4.262286
v 8.703350 -0.396781 3.818018
v 8.681870 -0.101843 3.465677
v 8.661773 -0.135293 3.471979
v 8.507776 -0.456378 3.404623
v 8.713613 0.121233 3.307910
v 8.671505 -0.071279 3.476602
v 8.719915 -0.116419 3.496094
v 8.719397 0.126091 3.444507
v 8.611481 -0.455597 4.269986
v 8.670696 0.004645 3.477529
v 8.698610 -0.153961 3.336178
v 8.672596 0.375624 3.874788
v 8.690394 0.358634 3.759776
v 8.750111 -0.376478 3.461599
v 8.704765 -0.346518 3.687885
v 8.718500 -0.144745 4.291791
v 8.625689 -0.184879 4.241704
v 8.549337 0.414286 4.175040
v 8.619241 0.096646 3.525275
v 8.667899 -0.166638 4.285724
v 8.704765 0.323035 3.677197
v 8.639529 -0.167653 3.546755
v 8.741438 0.134130 3.015329
v 8.589545 0.135190 3.371777
v 8.704765 0.078317 3.478545
v 8.694237 0.379054 3.831651
v 8.777185 -0.232595 3.547255
v 8.775270 0.368292 3.443520
v 8.679986 0.065552 3.417535
v 8.669577 0.291499 3.652713
v 8.709210 0.249776 3.593808
v 8.657563 -0.396869 3.194311
v 8.696284 -0.442038 3.191043
v 8.704765 0.426594 3.357202
v 8.733518 -0.218314 4.321559
v 8.714789 -0.425298 4.328420
v 8.684992 -0.138930 3.479767
v 8.704351 -0.090934 3.476852
v 8.848545 0.416303 3.227805
v 8.642370 0.181581 3.562037
v 8.690394 0.262996 4.197316
v 8.762285 0.156287 4.266158
v 8.626086 0.162456 4.226775
v 8.749240 -0.423443 3.156989
v 8.675673 -0.453595 3.227614
v 8.791038 -0.455818 3.220002
v 8.664497 -0.017557 3.462394
v 8.776655 -0.366761 3.714931
v 8.787195 -0.366703 4.076075
v 8.777140 -0.316543 4.148613
v 8.787063 0.332634 4.104829
v 8.778436 -0.260656 4.204633
v 8.685537 0.342410 4.312667
v 8.711743 -0.139416 4.343467
v 8.710844 -0.384001 3.032554
v 8.791038 -0.300952 3.604261
v 8.754791 0.117891 3.234150
v 8.738816 -0.175191 2.960075
v 8.777229 -0.074224 3.477809
v 8.785914 0.377244 3.799144
v 8.704632 0.140446 4.280999
v 8.726054 -0.042070 3.306468
v 8.727098 -0.103301 3.323178
v 8.734562 -0.146438 3.285311
v 8.784428 -0.397649 3.964037
v 8.739700 -0.017042 4.312579
v 8.762285 -0.115050 4.286181
v 8.712861 -0.397826 3.149201
v 8.790346 -0.406247 3.426677
v 8.732311 0.094217 4.304894
v 8.776655 0.387859 3.414708
v 8.761741 0.170936 3.452030
v 8.766143 0.313642 3.463602
v 8.615031 0.328026 3.095037
v 8.742011 0.069233 2.999546
v 8.765847 -0.415316 3.100955
v 8.766319 -0.117670 3.055271
v 8.772046 0.054849 3.184668
v 8.769926 0.134321 3.141531
v 8.789935 -0.408765 3.846035
v 8.770691 0.123338 3.055271
v 8.731559 0.141476 2.982939
v 8.747959 -0.146629 2.971044
v 8.760900 -0.045795 2.954628
v 8.753055 -0.060164 3.468018
v 8.758943 -0.155522 3.055271
v 8.767571 -0.045795 2.943439
v 8.791215 -0.175191 2.897122
v 8.772386 0.331869 2.935164
v 8.819791 -0.419983 3.112777
v 8.819791 0.415655 3.357202
v 8.796587 0.097986 4.300108
v 8.762285 -0.140667 3.450351
v 8.848545 0.299273 3.442666
v 8.750964 -0.103301 3.242174
v 8.775064 0.040480 3.112778
v 8.769721 -0.140475 3.087337
v 8.834160 0.356779 3.426633
v 8.805408 -0.397708 3.035455
v 8.781644 0.278514 4.170182
v 8.803347 0.198364 4.262375
v 8.785061 0.262452 3.595339
v 8.800388 0.217253 3.539320
v 8.762285 0.023181 3.453237
v 8.834160 0.400844 3.098408
v 8.770501 -0.152607 3.508697
v 8.816509 -0.261775 3.529485
v 8.777816 -0.175530 4.259092
v 8.911675 -0.383501 2.976564
v 8.833336 0.271374 3.543427
v 8.834160 -0.456569 3.204234
v 8.919625 -0.429730 3.428606
v 8.834160 -0.362094 3.439722
v 8.794394 0.097986 3.476528
v 8.821087 -0.247082 2.870297
v 8.790067 -0.031411 4.307661
v 8.867845 0.299273 2.830443
v 8.795043 0.395073 3.889172
v 8.849870 0.417053 3.732348
v 8.896908 0.355616 3.457536
v 8.792010 0.358870 4.061191
v 8.787549 0.332281 3.687885
v 8.934803 -0.454390 3.285311
v 8.833440 0.371664 3.658396
v 8.810576 -0.103301 3.460392
v 8.824591 -0.302174 4.231163
v 8.848545 0.428022 4.004185
v 8.811988 -0.312744 3.593219
v 8.848810 -0.361829 4.190823
v 8.820145 0.112856 3.447642
v 8.838076 -0.357854 3.604791
v 8.733546 -0.347622 2.969071
v 8.819791 -0.362330 2.925874
v 8.851416 0.351906 2.871077
v 8.815698 -0.132054 3.449659
v 8.877739 -0.231991 3.460112
v 8.827373 0.176222 3.479723
v 8.828492 -0.353114 3.611063
v 8.840241 0.436664 3.831651
v 8.848545 0.346385 2.925874
v 8.963601 -0.399902 3.068522
v 8.842847 0.144995 3.449556
v 8.862781 0.199145 3.458920
v 8.943093 -0.427198 3.118917
v 8.805408 -0.413712 3.174185
v 8.848545 -0.437076 3.180236
v 8.934803 0.421146 3.242174
v 8.839196 0.437694 3.917925
v 8.949188 0.459454 3.889172
v 8.848501 -0.438475 4.047617
v 8.933641 -0.453654 4.046748
v 8.849251 -0.392953 4.147009
v 8.878210 0.240603 4.294470
v 8.842051 -0.368719 2.876922
v 8.877297 -0.378054 2.868368
v 8.877297 0.357309 2.868368
v 8.883261 0.334784 2.933574
v 8.934803 0.348917 2.949283
v 8.848545 0.390980 4.108656
v 8.948996 0.406821 4.109068
v 8.915061 -0.267384 3.486598
v 8.901530 -0.353320 2.818871
v 8.894111 0.393777 3.409246
v 8.934803 -0.366599 2.954628
v 8.935378 0.366643 2.982321
v 9.006695 0.369735 3.615995
v 8.830862 -0.177606 3.469285
v 8.929504 0.276232 3.509507
v 8.963557 -0.478506 3.917925
v 8.963557 0.424297 3.717551
v 8.888562 -0.390848 3.445832
v 8.921245 -0.418997 3.471007
v 8.924204 -0.347725 3.496889
v 8.911823 0.380718 3.466958
v 8.949188 -0.401153 3.632455
v 8.949188 -0.474177 3.831651
v 8.963557 0.443318 3.774145
v 8.963160 -0.387314 4.177631
v 8.992324 0.241767 2.738545
v 8.977941 -0.452461 3.745392
v 9.027085 0.377582 3.108479
v 8.931992 0.407219 3.393787
v 8.997331 0.339510 3.537612
v 8.976983 0.434235 3.428194
v 9.011406 0.450871 3.457845
v 8.988335 0.408838 3.242174
v 9.005576 0.396869 3.370806
v 8.959847 -0.453625 3.443461
v 9.009816 0.434706 3.989801
v 8.977941 -0.454478 4.036368
v 9.007431 -0.394440 3.630982
v 8.956019 0.378613 3.508343
v 8.986303 0.305898 3.537524
v 9.026746 -0.368558 3.036588
v 8.993400 0.372282 3.054285
v 9.035712 0.381911 4.119757
v 9.021079 -0.409840 3.184668
v 9.005987 0.417951 3.717448
v 9.059886 -0.428184 3.745392
v 9.107338 0.414079 3.946679
v 9.078585 -0.396457 4.094449
v 9.107338 -0.433852 3.846035
v 9.012613 -0.470423 3.480606
v 9.006695 -0.466742 3.427296
v 9.079380 -0.388035 3.171579
v 9.164844 0.451593 3.581986
v 8.930491 -0.408353 3.491575
v 9.119882 -0.464004 3.573977
v 9.089229 -0.427566 3.986047
v 9.095574 0.344000 3.242174
v 9.236734 0.462664 3.441798
v 9.043427 -0.324979 3.565305
v 9.072122 0.378569 3.694614
v 9.092968 0.413814 3.817282
v 9.087741 0.305265 3.582354
v 9.093101 -0.336183 3.601552
v 10.430072 0.359341 2.839615
v 9.078585 -0.390347 3.299695
v 9.222365 0.408235 3.377902
v 9.207981 -0.378966 3.069640
v 9.136090 -0.368307 3.075426
v 9.063729 -0.388433 3.357938
v 9.121413 -0.327644 3.112748
v 9.125595 -0.325582 3.337415
v 9.121795 0.378613 4.073057
v 9.024302 0.347740 3.055271
v 8.993753 0.353599 3.013562
v 9.212987 0.358266 3.069626
v 9.106321 -0.362094 3.227805
v 9.222365 -0.424798 3.379904
v 9.097179 -0.430451 3.582118
v 9.110723 0.313642 3.213421
v 9.168629 0.352789 3.644748
v 9.144615 -0.353864 3.621928
v 9.105940 0.328026 3.242174
v 9.100315 0.335314 3.349885
v 9.193597 -0.483291 3.576479
v 9.136399 -0.427786 3.802353
v 9.174782 0.419350 3.946679
v 9.161282 -0.322815 4.191088
v 9.175445 0.384590 3.702608
v 9.164903 0.375830 4.089753
v 9.294242 -0.324846 3.365549
v 9.197660 0.464931 3.558489
v 9.174266 -0.366423 4.133581
v 9.182054 -0.441876 3.609488
v 9.172765 -0.376478 3.650416
v 9.069796 0.333709 3.108420
v 9.125050 0.304661 3.328448
v 9.156453 0.306148 3.350194
v 9.179537 -0.433999 3.989992
v 9.208878 -0.414904 4.163027
v 9.180288 0.412681 3.616157
v 9.180066 0.385532 3.659132
v 9.185588 -0.428272 3.659132
v 9.175591 -0.438284 3.903541
v 9.188606 -0.461693 3.873728
v 9.188268 -0.447927 3.991052
v 9.173324 0.405246 3.759776
v 9.172867 -0.397208 3.696807
v 9.199309 -0.442318 3.644748
v 9.214561 -0.499132 3.932295
v 9.196749 -0.462738 3.759775
v 9.404881 -0.324066 3.239539
v 9.187503 -0.439005 3.788529
v 9.236734 0.474133 3.989801
v 9.342987 -0.484409 3.436144
v 9.200428 0.465049 3.779195
v 9.208835 0.459661 3.731361
v 9.251118 0.489459 3.831651
v 9.214092 -0.485087 3.748969
v 9.236734 -0.506420 3.932295
v 9.221040 -0.467832 4.047881
v 9.251118 -0.509718 3.874788
v 9.320138 0.389095 3.380920
v 9.517051 0.407086 3.610430
v 9.495527 0.490298 3.846035
v 9.509868 -0.466566 3.688754
v 9.098784 0.305736 3.119064
v 9.495527 0.482760 3.961048
v 9.596172 0.465505 3.567528
v 9.294242 -0.400432 3.377637
v 9.466774 -0.485764 3.332291
v 9.322995 -0.442170 3.594721
v 9.444323 0.364950 3.219722
v 9.371976 0.464931 3.435378
v 9.290118 0.305074 3.365417
v 9.495527 0.304279 3.130651
v 9.481158 -0.440418 3.608148
v 9.606786 0.451872 3.581265
v 9.633272 -0.484807 3.538657
v 9.509911 -0.325641 3.122215
v 9.581801 -0.482451 3.576568
v 9.484178 -0.387240 3.187907
v 9.532261 0.377803 3.149245
v 9.538945 0.321062 3.123893
v 9.540535 -0.404024 3.156960
v 9.521145 0.473014 3.817164
v 9.533172 -0.477828 3.959619
v 9.509911 -0.509394 3.903541
v 9.528991 0.459013 3.961048
v 9.519614 -0.500516 3.817282
v 9.539327 -0.405231 3.644748
v 9.517096 0.450238 3.709439
v 9.538503 0.414286 3.774145
v 9.528963 0.399534 3.643703
v 9.535353 0.371163 3.630364
v 9.545408 0.363154 3.711191
v 9.544627 0.331942 3.644748
v 9.556375 0.314084 3.643408
v 9.557127 -0.380380 3.716638
v 9.552268 -0.433985 3.917925
v 9.555242 -0.422383 3.975432
v 9.524281 -0.423326 3.619661
v 9.566962 -0.334048 3.644704
v 9.630166 -0.296726 3.607265
v 9.629032 -0.436620 3.592836
v 9.551003 -0.419601 3.817282
v 9.725567 -0.419159 3.903541
v 9.581801 -0.493596 3.242174
v 9.883719 -0.175191 2.720878
v 9.619080 -0.470791 3.580867
v 9.725567 0.361152 3.729418
v 9.585174 0.465829 3.218810
v 9.258833 -0.369264 3.091194
v 9.664366 0.385532 3.568780
v 9.730499 -0.398695 3.779371
v 9.553417 0.397649 3.818165
v 9.552047 0.387932 4.046895
v 9.626765 -0.088917 3.499245
v 9.628193 -0.117670 3.472214
v 9.627339 -0.002658 3.472214
v 9.633170 0.097986 3.454547
v 9.617371 -0.154536 3.506945
v 9.632963 0.451121 3.566439
v 9.629091 0.135926 3.510581
v 9.642635 0.299273 3.591261
v 9.658287 0.232315 3.564098
v 9.671714 -0.405231 3.561595
v 9.672126 -0.251042 3.561787
v 9.647243 0.115403 3.381921
v 9.668062 0.112355 3.365446
v 9.743249 0.371163 3.505311
v 9.668062 0.129551 3.385955
v 9.645565 -0.154477 3.376547
v 9.659448 -0.183377 3.521137
v 9.623615 0.126739 3.500967
v 9.668062 -0.154918 3.363341
v 9.729822 -0.481259 3.432360
v 9.733121 -0.354689 3.681054
v 9.725567 -0.261451 3.513747
v 9.739951 0.241767 3.511406
v 9.683786 0.191474 3.535669
v 9.769073 0.178312 3.493297
v 9.724669 -0.060458 3.491516
v 9.656652 0.138414 3.508697
v 10.092661 0.119628 3.364371
v 9.739951 -0.347725 3.509934
v 9.767925 -0.002658 3.454606
v 9.797458 0.390538 3.684749
v 9.797458 0.323668 3.591865
v 9.811842 -0.374078 3.615156
v 9.799594 0.158672 3.480385
v 9.694990 -0.203945 3.511627
v 9.811842 0.083602 3.445228
v 9.804907 -0.455465 3.796096
v 9.811533 -0.402110 3.658322
v 9.823120 -0.158614 3.456446
v 10.398138 -0.275835 2.720127
v 9.841949 0.240353 3.504148
v 9.812048 0.433984 3.788720
v 10.674482 0.371163 3.144799
v 9.747240 -0.412475 3.479458
v 9.797458 -0.275835 3.513644
v 9.777848 -0.204563 3.501321
v 9.795663 0.432983 3.817282
v 9.776671 0.176546 3.505046
v 9.826094 0.131229 3.444669
v 9.854966 -0.017041 3.426560
v 9.854966 -0.415316 3.675268
v 9.970374 -0.261466 3.516308
v 9.795736 -0.262982 3.528278
v 9.885160 -0.353379 3.581029
v 9.839432 0.125458 3.443947
v 9.926855 0.409501 3.704698
v 9.883719 -0.150001 2.729240
v 9.899014 0.129006 3.444079
v 9.875502 0.018911 2.767725
v 9.956108 0.313730 3.572622
v 9.873764 0.018911 2.753341
v 9.876504 -0.139283 2.833049
v 9.885029 -0.017041 2.881147
v 9.876430 -0.085457 2.861905
v 9.889164 -0.140166 2.876657
v 9.875930 -0.060164 2.853984
v 9.898102 -0.117670 2.885667
v 9.912486 0.132893 2.730639
v 9.941239 -0.452432 3.774145
v 9.876709 0.119334 2.731669
v 9.898102 0.123279 2.879484
v 9.941239 -0.017041 3.431477
v 9.951279 -0.127844 3.449630
v 9.930874 0.233360 3.508682
v 9.959687 -0.367969 3.610533
v 10.444442 -0.141315 2.877084
v 9.915400 -0.168360 3.465236
v 9.977073 -0.169096 3.476602
v 10.041882 0.026096 3.471081
v 10.386935 -0.152945 2.730771
v 10.343798 0.097986 2.888553
v 10.027498 -0.378024 3.702254
v 10.024612 0.122043 3.492929
v 10.384477 0.155492 2.718669
v 10.035876 -0.082351 3.479252
v 10.027365 -0.321622 3.617026
v 10.033313 -0.253766 3.551613
v 10.116422 0.134159 3.377607
v 10.329429 -0.195082 3.495226
v 10.530716 0.117081 3.364475
v 9.768853 0.467846 3.386706
v 8.654781 -0.024903 3.439398
v 8.728011 0.034119 3.460378
v 8.675274 0.353952 4.032968
v 8.689791 -0.386416 4.019261
v 8.680868 -0.399490 3.903541
v 8.752200 0.132201 3.216351
v 8.747902 -0.371752 2.972368
v 8.819791 0.383751 3.055271
v 8.848545 -0.463960 3.889172
v 8.848545 0.368543 2.969012
v 8.848339 0.315968 4.219444
v 8.911453 0.335770 2.817428
v 8.836266 -0.416641 3.702254
v 8.848058 -0.439196 3.744891
v 8.866050 -0.298434 3.521667
v 8.971346 -0.313260 3.522212
v 9.023537 -0.410797 3.357202
v 9.209218 0.470187 3.961048
v 9.413891 -0.373666 3.246135
v 9.011965 -0.270343 2.730874
v 9.869348 0.141123 2.721069
v 9.711463 0.242841 3.575361
v 9.745606 0.069233 3.478427
v 9.743249 -0.232698 3.549184
v 9.728336 0.393380 3.835641
v 9.788096 -0.328704 3.577849
v 9.035448 0.227383 2.720127
v 10.082870 -0.153593 3.436335
v 9.957154 0.134262 3.457668
v 9.988189 -0.185556 3.495447
v 10.027498 -0.218314 3.529147
v 7.396413 -0.557036 4.287035
v 6.749430 0.492374 4.326109
v 6.691924 -0.568358 4.516265
v 7.217343 0.823647 4.963360
v 7.152005 0.348417 3.729050
v 7.740037 0.310212 4.523214
v 7.750447 -0.628720 5.338624
v 6.612834 -0.608918 5.443242
v 7.626454 -0.614469 5.435896
v 6.404363 -0.499853 4.378006
v 7.425166 -0.496055 4.459701
v 7.160514 -0.828255 4.943278
v 7.318648 -0.512971 4.327595
v 6.663156 0.523954 4.483360
v 7.177651 0.834998 4.927894
v 7.511440 0.373622 5.648505
v 8.345326 -0.543035 4.152839
v 7.137620 -0.886542 4.858624
v 7.137620 0.806774 4.948299
v 7.280576 -0.874293 4.995956
v 7.525810 -0.393704 5.649049
v 8.079939 0.307429 4.355333
v 7.319267 0.866813 4.988183
v 7.539503 0.357589 5.648240
v 7.404083 0.478918 4.399147
v 7.094483 -0.898276 5.039373
v 7.655207 0.593459 5.433820
v 6.505006 0.608211 5.305115
v 7.741480 0.606945 5.301273
v 7.358650 -0.527164 4.471597
v 7.396413 0.496276 4.331703
v 7.295770 0.471689 4.449881
v 6.333105 0.789107 4.527381
v 7.468303 0.558066 4.523745
v 7.695119 0.795968 4.528603
v 7.488738 -0.627955 5.305248
v 7.131628 0.867211 5.175998
v 7.755849 0.866165 5.172171
v 7.310154 -0.884790 5.023369
v 7.468303 -0.538706 4.337386
v 8.066702 -0.383133 4.083834
v 7.454478 0.490519 4.391521
v 7.712727 -0.502165 4.435512
v 7.452829 0.518610 4.349841
v 7.439550 0.533053 4.306115
v 7.433559 0.536557 4.169343
v 7.545066 -0.541724 4.514690
v 7.952898 -0.887793 4.813676
v 7.605002 -0.627940 5.305218
v 7.741480 0.861498 4.622415
v 7.589941 -0.541872 4.342127
v 7.626454 0.492065 4.355127
v 7.583317 -0.505271 4.378006
v 7.713817 -0.535747 4.516001
v 7.627174 0.458365 5.561921
v 7.617017 -0.498720 4.455520
v 7.680853 -0.239882 5.514308
v 7.646623 -0.477122 5.548626
v 7.683371 -0.549410 5.496259
v 7.741480 -0.627189 5.301832
v 7.755849 0.601395 5.384426
v 7.727096 -0.600806 5.436485
v 7.719868 -0.742805 4.528971
v 7.751552 -0.577751 5.437044
v 7.712727 0.841490 4.569444
v 7.719354 -0.512898 4.500512
v 7.721312 -0.873542 4.585152
v 7.734945 -0.064301 4.528500
v 7.789742 0.514929 5.403654
v 7.881876 -0.088917 5.309149
v 7.821969 0.478815 4.601435
v 7.753023 0.759353 5.280190
v 7.727538 0.589705 5.426753
v 7.767894 0.585141 5.411309
v 7.913823 -0.822057 4.708822
v 8.020679 0.773722 4.803532
v 7.795219 0.855565 5.166134
v 7.734075 0.794879 4.543502
v 7.717587 0.492551 4.515882
v 7.749741 0.500560 4.556488
v 7.727096 0.744969 5.298181
v 7.779303 -0.601086 5.287698
v 7.787725 -0.511028 4.576834
v 7.784765 0.587364 5.385324
v 7.822897 0.730600 5.221594
v 7.781512 0.299273 4.568339
v 7.974053 0.865135 4.838086
v 7.781248 -0.807806 5.251010
v 7.779657 -0.721531 5.264378
v 7.805789 -0.584479 5.337711
v 7.835337 0.572435 5.205193
v 8.027555 0.141123 4.809657
v 7.841095 0.644326 5.197523
v 7.827990 0.513192 5.225481
v 7.928384 -0.506994 4.363622
v 7.817833 -0.547731 5.226850
v 7.836177 -0.816507 5.192163
v 8.059180 -0.544330 4.335737
v 7.847454 -0.870921 5.086824
v 7.850238 0.496025 5.335341
v 7.831672 -0.551088 5.341288
v 7.873837 -0.490652 5.253778
v 7.845261 0.516931 5.283782
v 7.866373 -0.707162 5.158258
v 7.932388 -0.595727 5.055847
v 7.907830 0.148308 5.278276
v 7.859717 0.644326 5.169727
v 7.802006 0.557418 5.254587
v 7.860365 0.489562 4.647076
v 7.932270 0.773722 5.055759
v 7.885026 0.443039 5.197523
v 7.897335 0.673079 5.111249
v 7.866843 0.644326 5.158464
v 7.873659 -0.160807 5.141915
v 7.862384 0.443039 5.160009
v 7.869949 -0.060164 5.154386
v 7.891298 0.414285 5.193077
v 7.863560 -0.326216 4.644072
v 7.910305 -0.096117 5.269413
v 7.866830 0.443039 5.152810
v 7.932816 0.435854 5.056495
v 7.868242 -0.203945 5.154386
v 7.878564 -0.429023 5.175454
v 7.880403 -0.459278 5.197523
v 7.860821 -0.461516 5.169844
v 7.906020 0.543682 5.095672
v 7.873484 0.443039 5.314464
v 7.929341 -0.510571 4.707320
v 8.039510 0.787532 4.881091
v 7.905917 0.385532 5.272343
v 7.908007 0.141123 5.226776
v 7.906050 0.475399 5.095745
v 7.906521 -0.110486 5.220696
v 7.979957 0.105170 4.983781
v 7.895774 -0.433985 5.294869
v 7.906345 -0.419601 5.250391
v 7.903474 -0.432925 5.282442
v 7.932595 0.507744 5.056171
v 8.017560 0.759353 4.925097
v 8.010404 0.491564 4.938479
v 7.977337 -0.327069 4.745658
v 8.129671 -0.501620 4.435512
v 7.972684 0.306457 4.996236
v 8.031472 -0.498558 4.644941
v 8.080101 0.307238 4.550525
v 7.978617 -0.498646 4.744627
v 8.025714 -0.834041 4.838086
v 7.971521 -0.500693 4.665552
v 8.000273 -0.510645 4.675460
v 7.980958 -0.275835 4.757598
v 7.961053 0.486176 4.734395
v 7.985390 0.471159 4.752150
v 8.030647 0.509673 4.694306
v 8.000863 0.414639 4.758172
v 7.998552 0.311198 4.766461
v 8.004087 -0.151827 4.947210
v 8.054836 -0.390848 4.852455
v 7.978044 0.306767 4.745334
v 8.043396 0.457423 4.754992
v 8.005323 -0.275290 4.750516
v 8.004219 -0.299612 4.765857
v 7.998816 -0.300893 4.751930
v 8.021460 -0.153240 4.744053
v 8.009034 -0.174706 4.751871
v 8.004912 -0.302880 4.741830
v 8.006665 -0.448354 4.774249
v 8.084076 0.134660 4.772983
v 8.020812 0.169876 4.760366
v 8.091391 -0.470614 4.773675
v 8.052702 0.492050 4.646634
v 8.015276 0.299847 4.727725
v 8.033681 0.141123 4.726253
v 8.054557 0.414286 4.866839
v 8.016764 -0.792906 4.796274
v 8.019237 -0.841196 4.866839
v 8.046458 -0.806554 4.865647
v 8.000273 0.484645 4.736088
v 8.051127 -0.009842 4.857431
v 8.057780 -0.290204 4.763531
v 8.043396 -0.143302 4.751811
v 8.056721 0.513530 4.664522
v 8.079246 0.522143 4.672781
v 8.086534 0.122234 4.667260
v 8.044471 -0.779038 4.881208
v 8.004794 -0.528283 4.694305
v 8.051259 0.029791 4.863262
v 8.038994 0.680278 4.892957
v 8.065480 0.159320 4.674135
v 8.052303 -0.707162 4.864704
v 8.044310 -0.088917 4.838086
v 8.052333 -0.577751 4.865941
v 8.073180 -0.290204 4.679936
v 8.065613 -0.526281 4.644381
v 8.073298 0.310138 4.694806
v 8.043396 0.126857 4.751811
v 8.019429 -0.166225 4.775604
v 8.233450 -0.154079 4.772939
v 8.008813 -0.803050 4.933577
v 8.050963 -0.735915 4.844535
v 8.045722 0.658710 4.881209
v 8.050729 0.706749 4.845006
v 8.051892 -0.764668 4.863880
v 8.052466 0.716216 4.865927
v 8.051876 0.773722 4.863409
v 8.051494 0.759353 4.843622
v 8.050655 -0.577751 4.845138
v 8.050788 0.126739 4.874392
v 8.054100 0.198629 4.852455
v 8.123856 -0.526104 4.588759
v 8.134338 -0.515062 4.550525
v 8.061402 -0.162589 4.679936
v 8.076846 -0.149177 4.608046
v 8.066202 -0.327511 4.689035
v 8.080056 0.284197 4.665243
v 8.066025 0.307959 4.716404
v 8.115288 0.447779 4.772968
v 8.072989 0.112355 4.435512
v 8.075610 0.169876 4.435512
v 8.073298 0.083602 4.435512
v 8.078097 -0.031411 4.445317
v 8.076964 -0.148249 4.536156
v 8.073211 -0.175191 4.536156
v 8.075949 -0.160807 4.478649
v 8.078583 0.131568 4.478649
v 8.077834 0.155492 4.521772
v 8.066790 -0.327555 4.353964
v 8.076434 -0.261451 4.435512
v 8.081426 0.084898 4.551452
v 8.086033 0.098899 4.578925
v 8.101594 -0.119305 4.536759
v 8.100917 -0.135823 4.507402
v 8.115288 0.094732 4.622415
v 8.077332 0.111766 4.579175
v 8.076700 0.116419 4.636799
v 8.099564 0.096602 4.526704
v 8.094248 0.119643 4.488690
v 8.079864 0.051374 4.456344
v 8.144041 -0.546774 4.651168
v 8.086534 -0.149044 4.651168
v 8.101241 0.027406 4.535920
v 8.100917 0.109882 4.468755
v 8.151696 0.104773 4.528956
v 8.148751 -0.096823 4.571902
v 8.115552 -0.114122 4.578954
v 8.139344 -0.510395 4.425545
v 8.151711 0.492654 4.516177
v 8.406853 0.522025 4.701225
v 8.144614 0.515017 4.580397
v 8.106601 -0.088917 4.559623
v 8.115950 -0.118215 4.527587
v 8.115288 -0.175191 4.782832
v 8.402835 -0.540988 4.699665
v 8.158997 -0.520244 4.493018
v 8.388464 0.125929 4.737443
v 8.140697 0.520067 4.381259
v 8.439640 0.437002 4.773837
v 8.177932 -0.110662 4.585903
v 8.218948 0.134189 4.672221
v 8.417218 0.102211 4.647738
v 8.431602 -0.475002 4.763384
v 8.265649 -0.110589 4.571990
v 8.164813 -0.542343 4.430653
v 8.187178 0.525353 4.536156
v 8.502285 0.129301 4.665964
v 8.438211 0.134012 4.758761
v 8.129671 -0.126474 4.642688
v 8.495910 -0.153844 4.700813
v 8.431602 -0.151797 4.761956
v 8.480466 0.134630 4.713975
v 8.448105 -0.175191 4.770465
v 8.437152 0.149692 4.773042
v 8.538046 0.151444 4.672501
v 8.519685 0.473632 4.667392
v 8.438888 -0.455671 4.773439
v 8.538369 -0.203945 4.672192
v 8.532054 -0.145378 4.661563
v 8.706707 0.415051 4.508065
v 7.396413 -0.563381 4.521580
v 6.806936 0.479183 4.357394
v 7.011772 -0.528091 4.470817
v 8.052025 -0.484351 4.097600
v 8.050978 0.493257 4.356304
v 7.780614 -0.602102 5.398810
v 7.794997 -0.577751 5.395998
v 8.540799 0.438843 4.674150
v 6.921964 -0.361211 3.587242
v 7.425166 0.346429 3.759776
v 8.086534 0.452726 4.096716
v 7.425166 -0.365716 3.831651
v 7.468303 0.083602 3.616849
v 7.430864 0.332620 3.860404
v 7.425166 0.346194 3.946679
v 8.316573 0.505713 4.127972
v 7.410797 -0.365790 3.932295
v 7.432690 -0.355248 3.874788
v 7.439477 0.328571 3.917970
v 7.318929 0.349565 4.083289
v 8.071694 0.370928 4.086411
v 7.446544 -0.296873 3.867206
v 7.295770 0.112355 3.591835
v 7.481290 0.139886 3.628495
v 7.444483 -0.303410 3.904822
v 7.448192 -0.285699 3.889172
v 7.974333 0.349904 3.965141
v 7.468303 -0.276011 3.874788
v 7.444570 -0.319929 3.860198
v 7.468303 -0.290204 3.858814
v 7.493229 -0.117670 3.632999
v 7.461002 0.263144 3.874788
v 7.460088 0.276276 3.925890
v 7.554564 0.263055 3.911492
v 7.497056 0.244299 3.865322
v 7.502327 0.097986 3.702255
v 7.525810 0.126739 3.751398
v 7.514121 0.136971 3.742197
v 7.503563 -0.154992 3.687885
v 7.584745 0.258609 3.873360
v 7.439550 0.341262 3.831651
v 7.977263 -0.369647 3.831651
v 7.899631 -0.304588 3.930955
v 7.382044 0.243592 3.640022
v 8.000598 0.341865 3.731243
v 7.741480 0.253913 3.874788
v 7.625129 -0.274421 3.863717
v 7.625129 -0.270373 3.874376
v 7.501326 0.151664 3.644748
v 7.460545 -0.296564 3.925375
v 7.267017 -0.362256 3.731008
v 8.029807 -0.371944 3.732392
v 8.055323 0.148028 3.651403
v 7.515034 -0.154918 3.753592
v 8.057780 -0.189561 3.634707
v 7.957137 0.344221 3.817282
v 7.952073 0.333194 3.837702
v 7.964941 -0.280369 3.866220
v 8.072164 -0.290204 3.645646
v 7.450092 -0.356176 3.840838
v 7.842111 0.257814 3.865337
v 7.511440 -0.181095 3.637004
v 7.966604 0.328026 3.928334
v 7.905314 -0.258639 3.868060
v 7.646255 -0.253074 3.867250
v 8.359711 0.530388 4.176719
v 7.511440 0.531713 4.334868
v 8.071752 0.168757 3.636135
v 8.043396 0.265264 3.650564
v 7.971521 -0.364597 3.946679
v 7.982018 0.133070 3.752429
v 7.951970 -0.318957 3.940848
v 7.950910 0.276806 3.925949
v 7.964632 0.304131 3.917925
v 7.963218 -0.344869 3.917925
v 7.951248 -0.296314 3.928275
v 7.943136 0.251410 3.867030
v 7.985890 0.359267 3.831651
v 8.037405 0.362919 3.710646
v 8.100917 0.525853 4.347957
v 8.083782 -0.391098 4.061691
v 8.057780 -0.512382 4.369776
v 8.066158 -0.362094 3.667612
v 8.037081 0.291367 3.681525
v 8.060387 0.299273 3.662312
v 8.090097 0.342410 3.648340
v 8.072164 0.227383 3.634560
v 8.078672 -0.398150 3.691139
v 8.091289 -0.402390 3.777237
v 8.125637 -0.396398 3.727386
v 8.152888 0.346312 3.581809
v 8.095205 -0.203945 3.624122
v 8.094233 0.405526 4.071718
v 8.083353 0.372591 3.946679
v 8.076596 0.380703 3.788529
v 8.104967 0.424120 3.817282
v 8.097472 0.414286 3.975432
v 8.142774 0.491579 4.422512
v 8.093881 -0.412077 4.070348
v 8.116288 -0.178313 3.616628
v 8.368560 -0.528459 4.139618
v 8.066173 -0.383280 3.846035
v 8.091878 -0.432630 3.860404
v 8.108308 -0.455465 3.880913
v 8.115302 -0.448884 3.788543
v 8.154347 0.419173 3.740990
v 8.172808 -0.391554 3.601611
v 8.144041 0.529445 4.349252
v 8.129671 0.436664 4.081140
v 8.129671 -0.460677 4.076075
v 8.210483 -0.454744 3.696454
v 8.129671 0.432159 3.802898
v 8.094072 -0.440227 3.831651
v 8.200839 0.376051 3.658720
v 8.249292 0.132555 3.751384
v 8.125637 0.169876 3.597371
v 8.172808 -0.390862 3.673501
v 8.250971 -0.370280 3.478472
v 8.100917 -0.128904 4.468594
v 8.190917 -0.385032 3.558489
v 8.106203 -0.444305 4.076075
v 8.191314 0.365068 3.562361
v 8.256270 -0.395912 3.612476
v 8.178536 0.522909 4.449881
v 8.210189 0.149250 3.524023
v 8.316573 0.140490 3.443461
v 8.346608 0.383530 3.516574
v 8.275188 0.169876 3.445007
v 8.282462 -0.189561 3.438146
v 8.270154 0.112355 3.742653
v 8.337392 0.435722 3.940216
v 8.273436 0.439814 4.076075
v 8.373314 -0.465314 4.105712
v 8.304721 0.069233 3.687885
v 8.345519 -0.448840 3.558695
v 8.417218 -0.137590 4.527366
v 8.423431 0.435383 4.041080
v 8.337111 0.364435 3.406508
v 8.366352 0.147940 3.363812
v 8.358518 -0.396427 3.513938
v 8.368956 0.404657 3.510051
v 8.309874 -0.383442 3.436763
v 8.398329 0.377994 3.452589
v 8.431602 -0.459455 3.644748
v 8.347919 0.026096 3.604894
v 8.388464 -0.162265 3.615995
v 8.265191 -0.149662 3.751781
v 8.363995 0.491078 4.127369
v 8.352114 0.107482 3.608369
v 8.344899 0.299273 3.371497
v 8.340012 -0.155066 3.653243
v 8.403143 -0.457084 3.515764
v 8.341602 -0.443908 3.935210
v 8.445971 -0.384797 3.303405
v 8.274335 -0.456967 3.831622
v 8.367720 -0.080908 3.609002
v 8.341661 0.386799 3.902216
v 8.302203 0.429700 3.874788
v 8.412079 0.414286 4.008896
v 8.340630 0.342410 3.381332
v 8.587042 -0.154374 3.368626
v 8.475298 0.414168 3.415371
v 8.470676 -0.456275 4.108421
v 8.355308 0.342189 3.889158
v 8.398506 -0.362094 3.324208
v 8.424579 -0.440890 3.465221
v 8.449842 -0.521540 4.218943
v 8.364893 0.227383 3.892750
v 8.364318 0.212999 3.890954
v 8.452552 -0.181345 3.263139
v 8.383944 0.212999 3.856871
v 8.364585 0.203988 3.917925
v 8.310641 0.134748 3.670174
v 8.431705 -0.147263 3.627302
v 8.356031 0.284889 3.917925
v 8.377598 0.256136 3.958957
v 8.368927 -0.318957 3.917925
v 8.474693 0.145496 3.256514
v 8.470631 0.134483 3.480974
v 8.441524 -0.396368 3.424425
v 8.577766 -0.132378 3.501512
v 8.451197 0.351435 3.276124
v 8.356031 -0.391584 3.917160
v 8.378880 -0.233552 3.947960
v 8.378703 -0.221965 3.932295
v 8.436679 0.500560 4.200731
v 8.402995 -0.222245 3.975344
v 8.453877 -0.419601 4.053682
v 8.421870 -0.222686 3.834743
v 8.396680 0.457423 4.139456
v 8.331223 0.414919 3.803443
v 8.374080 0.447470 4.114751
v 8.454421 -0.542372 4.254321
v 8.408826 0.212999 3.998841
v 8.460678 0.524337 4.262831
v 8.442922 0.342410 3.786379
v 8.409251 0.191018 3.823097
v 8.444661 0.188132 3.787292
v 8.402627 0.524219 4.191810
v 8.473532 0.012345 3.568662
v 8.417218 0.440345 4.133582
v 8.446840 0.447043 4.189793
v 8.470718 0.377096 3.382215
v 8.489108 -0.082807 3.593941
v 8.425890 -0.304588 3.826307
v 8.410916 -0.384473 3.825585
v 8.430659 -0.464843 4.163262
v 8.460031 -0.376184 3.773777
v 8.491773 -0.445233 3.402930
v 8.469586 0.106231 3.566409
v 8.503478 0.208832 3.917925
v 8.474725 0.115638 3.544105
v 8.466053 -0.189561 3.247754
v 8.460355 0.433822 3.572858
v 8.553460 0.363552 3.637225
v 8.417218 0.127196 3.572858
v 8.510470 -0.226485 3.709174
v 8.250351 -0.167315 3.491957
v 8.551192 -0.166711 3.174392
v 8.497044 -0.397267 3.379433
v 8.560187 -0.131436 3.588744
v 8.466951 -0.225027 4.055390
v 8.617209 0.428390 4.264333
v 8.561484 -0.506641 4.334309
v 8.540210 -0.383383 3.207002
v 8.460840 -0.208597 3.774734
v 8.554063 0.162250 3.782286
v 8.557509 -0.542902 4.378006
v 8.482203 0.191798 4.082377
v 8.520497 -0.217578 4.120552
v 8.483514 0.436531 4.124085
v 8.507143 0.446557 4.260520
v 8.676011 0.140284 3.055271
v 8.481319 0.176119 3.722999
v 8.556846 -0.179564 3.745392
v 8.496558 -0.196995 3.735336
v 8.547173 -0.361505 3.170902
v 8.560968 0.120615 3.543427
v 8.558229 0.026096 3.569796
v 9.018266 0.105524 4.529148
v 8.541770 0.377435 3.309206
v 8.506363 -0.174043 3.688857
v 8.555536 -0.095395 3.653022
v 8.503698 -0.141594 3.627994
v 8.553784 0.119098 3.710028
v 8.511486 0.206270 3.961048
v 8.523486 0.174852 4.128502
v 8.546614 0.438239 4.291731
v 8.524073 0.147410 3.650843
v 8.551929 0.144495 4.145021
v 8.494348 0.104169 3.509904
v 8.530551 0.083160 3.486628
v 8.525428 0.076785 3.472214
v 8.583436 0.121248 3.394258
v 8.613027 0.352951 3.581794
v 8.568286 -0.397973 3.292629
v 8.556935 -0.217195 3.875039
v 8.556214 -0.189664 4.062884
v 8.556463 -0.217224 3.990537
v 8.445971 -0.542902 4.676226
v 8.555153 -0.150840 4.119213
v 8.589515 0.500471 4.378197
v 8.561910 0.126459 3.605542
v 8.553475 0.002157 3.457845
v 8.568080 0.044455 3.551009
v 8.555669 0.197834 3.874641
v 8.538605 0.190944 3.934783
v 8.570053 0.159217 4.147966
v 8.607256 0.172821 4.219856
v 8.541830 0.161352 4.079270
v 8.551561 0.117390 3.615995
v 8.569155 -0.179932 4.154885
v 8.585835 -0.217548 3.660001
v 8.566859 0.214014 3.759407
v 8.565135 0.170480 4.119551
v 8.568963 -0.276115 3.772790
v 8.557788 -0.002658 3.584415
v 8.567050 -0.114726 3.533622
v 8.542315 -0.400093 3.654980
v 8.562824 0.212999 3.802898
v 8.556346 0.113135 3.558312
v 8.588838 0.112856 3.524995
v 8.560998 0.040480 3.474305
v 8.567314 -0.262158 4.004141
v 8.563089 -0.017041 3.558489
v 8.579725 0.271521 3.788544
v 8.590384 0.112355 3.430196
v 8.565106 -0.017041 3.544105
v 8.570774 -0.045795 3.514704
v 8.579534 -0.130258 3.429092
v 8.570701 0.156523 3.629083
v 8.573439 -0.290204 3.989801
v 8.585953 -0.128300 3.440958
v 8.557171 -0.077772 3.613345
v 8.585555 -0.323197 3.860404
v 8.581212 0.180462 3.648694
v 8.600189 -0.474634 4.604203
v 8.569552 -0.020251 3.479959
v 8.605754 0.169876 3.099733
v 8.607948 -0.166431 3.115781
v 8.582744 -0.311596 3.796450
v 8.564796 0.121542 3.472214
v 8.604120 -0.045795 3.486805
v 8.585172 -0.088917 3.398351
v 8.589222 -0.140785 3.417859
v 8.647655 -0.433749 3.228158
v 8.594978 0.251483 3.705773
v 8.565312 -0.031514 3.473068
v 8.624615 -0.027553 3.422010
v 8.594241 -0.132054 3.388399
v 8.595743 0.176516 3.608089
v 8.689054 0.370339 3.499863
v 8.943917 0.105362 4.456756
v 8.576677 -0.133335 3.600521
v 8.654354 -0.283108 4.169652
v 8.585394 0.026096 3.456167
v 8.607699 -0.231873 3.630526
v 8.652293 0.322814 3.734379
v 8.680221 -0.433985 4.316554
v 8.604120 0.324228 4.632942
v 8.762285 0.362374 2.979627
v 8.647258 0.129330 3.414708
v 8.578401 0.097986 3.533077
v 8.619505 0.446896 4.377152
v 8.589795 -0.103890 3.498391
v 8.620418 -0.090654 3.500305
v 8.611423 -0.268532 3.666464
v 8.611938 0.176413 4.197478
v 8.684565 0.111104 3.380066
v 8.594198 -0.145437 3.559078
v 8.599101 0.011726 3.494578
v 8.604120 -0.125517 3.494637
v 8.682959 -0.369456 3.752179
v 8.619373 -0.119422 3.529323
v 8.631106 -0.133203 3.542574
v 8.694959 -0.362094 3.016742
v 8.690394 -0.285655 3.605954
v 8.682813 0.378583 3.941364
v 8.776655 -0.464725 3.314065
v 8.758250 0.374741 3.095170
v 8.671961 0.132672 3.523449
v 8.627913 -0.132363 3.424778
v 8.653059 -0.115727 3.456829
v 8.633786 0.125179 3.530089
v 8.706368 0.139194 3.474320
v 8.744265 0.169876 2.951050
v 8.573173 -0.091979 3.461467
v 7.453919 -0.132054 3.611460
v 7.238264 -0.272566 3.635208
v 8.068440 -0.168434 3.653641
v 8.087343 -0.387491 3.659574
v 8.480391 0.159850 3.233429
v 8.482894 -0.333341 3.228806
v 8.603856 0.366349 3.141177
v 8.584598 -0.347725 3.625594
v 6.695575 -0.117670 1.703283
v 6.558626 0.026184 1.934648
v 6.567106 -0.186557 2.020083
v 6.395735 -0.312671 2.284692
v 6.677540 -0.364626 2.207001
v 6.648448 -0.286420 2.078841
v 6.568946 -0.002657 1.903495
v 6.619621 -0.017041 1.804427
v 6.741023 0.083602 1.608087
v 6.605311 -0.218741 1.990697
v 6.670370 0.205799 1.869162
v 6.706293 0.346709 2.207001
v 6.725432 -0.213838 1.749630
v 6.461884 -0.366172 2.350767
v 6.749430 -0.366055 2.695834
v 6.987832 -0.368984 2.559665
v 6.795291 0.336138 2.166985
v 6.724652 -0.271580 1.861933
v 6.684268 0.364229 2.940244
v 6.682442 -0.370781 2.871239
v 6.778183 -0.391422 2.753341
v 6.764756 -0.337669 2.150673
v 6.739256 -0.341512 2.088587
v 6.878827 0.373592 2.839615
v 6.835690 -0.363360 2.178248
v 6.767524 0.336374 2.103354
v 6.628425 0.348785 3.206236
v 6.907580 0.343220 1.761290
v 6.792567 0.357751 3.055271
v 6.783719 -0.088917 1.521032
v 6.749430 0.357560 3.155915
v 6.821320 0.328703 3.199052
v 6.875322 0.348549 2.618968
v 7.126549 0.337051 1.329963
v 6.763799 -0.380100 3.429092
v 6.878282 -0.336801 3.041373
v 6.880152 -0.306149 3.270927
v 6.843301 -0.383486 2.660265
v 6.850073 0.346488 2.163864
v 6.967545 -0.233095 1.330626
v 6.873011 -0.326996 3.400324
v 6.851472 0.310948 3.327256
v 6.850073 0.369102 2.667081
v 6.629367 -0.368587 3.486598
v 6.866755 -0.132702 1.401294
v 6.996651 0.210599 1.272456
v 6.928957 -0.268400 3.379344
v 6.852532 -0.002657 0.941773
v 6.865782 0.054849 0.970526
v 6.863383 0.040480 0.970526
v 6.895389 0.011727 1.157444
v 6.908596 0.256681 3.256558
v 6.922449 0.318412 2.955644
v 6.886954 0.146600 0.937239
v 6.935008 -0.232698 3.242174
v 6.885496 -0.168993 0.947294
v 6.891945 -0.067363 1.110714
v 6.923274 -0.160807 1.143060
v 7.123236 -0.390082 2.523300
v 6.922097 0.270726 3.070082
v 6.885084 -0.073782 1.070654
v 6.903340 0.111119 1.113099
v 6.785206 0.349580 4.083275
v 6.927102 -0.103301 1.227597
v 6.950143 0.331029 3.587948
v 7.040319 -0.271506 0.858944
v 6.881491 -0.132775 0.926226
v 6.979367 -0.357515 1.603876
v 6.929443 0.089476 1.235753
v 6.943091 -0.269224 0.970526
v 6.951497 -0.305412 3.499731
v 6.872923 0.011727 0.907145
v 6.985315 -0.017041 0.789453
v 7.049756 0.225807 3.531119
v 6.901882 -0.046192 1.171533
v 6.899556 -0.028422 1.278257
v 7.044235 0.263276 1.294128
v 6.958579 0.164576 3.285311
v 6.991631 -0.218770 3.443020
v 6.964410 -0.318501 2.939257
v 6.971093 -0.133747 3.256558
v 6.993839 0.361491 2.562478
v 6.984034 0.184790 3.070318
v 7.013862 0.322314 0.999294
v 6.938940 0.243121 0.969628
v 7.036624 0.331383 2.810081
v 6.988156 -0.199719 3.065827
v 7.061945 -0.178445 0.764057
v 7.001304 -0.239529 1.266332
v 7.022460 0.285007 1.143443
v 7.013524 -0.284595 1.344347
v 7.046076 0.264645 3.564275
v 7.066068 -0.304868 3.601464
v 7.064478 -0.378039 1.042416
v 7.010035 -0.103301 3.400324
v 6.992985 -0.132054 3.112778
v 7.071472 -0.149118 2.974636
v 7.104804 0.246169 0.792780
v 7.060047 0.146350 0.762746
v 6.994885 0.026096 3.342818
v 7.024861 0.126003 3.039827
v 7.058486 0.090507 3.004876
v 7.033840 -0.286185 2.908208
v 7.015231 -0.002658 3.393478
v 7.123310 0.142404 3.539658
v 7.035961 -0.314540 2.867662
v 7.040363 -0.017041 0.746036
v 7.223879 0.371266 2.609560
v 7.113445 -0.356411 1.329963
v 7.071619 0.069233 3.480724
v 7.071854 0.350184 1.094255
v 7.209510 0.344678 1.286841
v 7.118495 -0.002657 2.949652
v 7.075034 -0.160807 3.506503
v 7.073356 -0.383412 1.007347
v 7.103258 0.179387 2.920015
v 7.195126 0.309608 3.677035
v 7.137620 0.371428 2.523300
v 7.094483 -0.395912 1.028047
v 7.144083 -0.093231 3.537376
v 7.238264 0.365392 0.832178
v 7.065730 -0.299582 1.254495
v 7.162457 -0.249349 0.754870
v 7.164842 0.258094 0.767752
v 7.075034 -0.002657 0.734258
v 7.104995 -0.017041 0.679976
v 7.101020 0.134748 0.747362
v 7.172512 0.335623 1.279052
v 7.065318 0.360858 0.998484
v 7.310154 0.323403 2.664166
v 7.151518 -0.328645 1.243939
v 7.339217 -0.218961 2.771376
v 7.144627 0.306531 1.264064
v 7.188001 0.248966 3.623165
v 7.238264 -0.394057 0.855513
v 7.118981 0.127888 0.697025
v 7.116435 0.147248 0.721096
v 7.224233 -0.145702 0.568202
v 7.195126 0.315586 1.243703
v 7.209510 -0.365922 1.286841
v 7.229047 -0.369573 1.165129
v 7.128418 -0.186262 0.711733
v 7.176886 -0.146438 2.891792
v 7.280193 0.241472 2.778472
v 7.102433 -0.136220 0.726117
v 7.272257 -0.325376 2.716269
v 7.232669 -0.368675 2.388442
v 7.195126 0.288938 0.779795
v 7.727096 0.344781 1.631893
v 7.224807 0.124708 0.568791
v 7.206433 0.011727 0.564978
v 7.249629 -0.339966 1.224343
v 7.203268 -0.282195 0.705814
v 7.309756 0.169067 2.806430
v 7.299097 -0.286037 0.600298
v 7.253354 0.154138 0.558868
v 7.209510 -0.392261 2.480164
v 7.285390 0.365775 0.769239
v 7.349037 0.335756 1.264492
v 7.372120 0.320415 1.251536
v 7.497056 -0.365436 1.329963
v 7.252647 -0.002657 0.537844
v 7.295770 -0.117670 3.591408
v 7.249585 -0.352937 0.794827
v 7.640838 0.370162 1.028047
v 7.281401 0.371222 2.393904
v 7.252647 -0.386784 0.829071
v 7.290676 -0.382264 0.754870
v 7.324523 -0.364818 1.272456
v 7.404806 -0.340408 1.250917
v 7.248407 -0.178798 0.562534
v 7.264146 0.345531 0.808828
v 7.324523 0.112355 0.537874
v 7.310154 -0.391260 0.769239
v 7.347182 -0.197584 0.546207
v 7.310154 0.372091 0.783623
v 7.339525 0.339112 2.595588
v 7.343501 0.365657 2.250123
v 7.280429 0.228207 0.577919
v 7.338980 -0.381867 2.523801
v 7.358444 -0.339466 2.614419
v 7.394367 -0.088917 2.779076
v 7.340071 -0.368263 0.840702
v 7.382044 -0.382985 0.663030
v 7.375566 0.235274 2.718006
v 7.382044 -0.345310 0.614461
v 7.396413 0.365112 0.659158
v 7.267208 0.352466 2.352166
v 7.382044 0.333474 0.619908
v 7.444733 -0.293575 0.590168
v 7.433455 0.150531 2.718595
v 7.626454 0.374991 0.783623
v 7.654456 0.316160 2.177909
v 7.497056 -0.368307 0.902846
v 7.425166 -0.367026 0.635470
v 7.568947 0.345443 1.387484
v 7.341101 -0.385989 2.264507
v 7.426344 -0.291279 2.611297
v 7.493906 -0.103301 2.666095
v 7.497056 -0.391539 2.048851
v 7.598481 -0.380232 0.726440
v 7.568947 0.370486 1.948208
v 7.511440 0.368999 2.235754
v 7.462091 0.320665 1.265022
v 7.191607 0.348829 2.437041
v 7.698343 -0.389331 1.948208
v 7.528901 0.054849 2.619336
v 7.491462 0.137869 2.647957
v 7.503431 -0.180477 2.615464
v 7.590412 0.363949 0.733345
v 7.598893 -0.320061 0.671084
v 7.502946 -0.340393 1.279685
v 8.172808 -0.388713 1.315593
v 7.654912 -0.289968 2.264065
v 7.554062 -0.367218 0.942465
v 7.568947 0.324169 1.315593
v 7.741480 -0.290204 0.741576
v 7.703747 0.232109 2.240112
v 7.640838 0.349330 0.992433
v 7.626115 0.183657 2.407773
v 7.568947 0.332149 1.292288
v 7.505625 -0.383162 1.250358
v 7.590927 -0.383530 1.279435
v 7.609891 -0.371796 2.149480
v 7.770234 0.373328 1.099923
v 7.678867 -0.214471 2.318024
v 7.701907 -0.089359 2.349751
v 7.707221 -0.327629 0.732359
v 7.635906 0.333680 1.416237
v 7.676937 -0.168345 2.358187
v 7.683665 -0.368130 0.998999
v 7.827741 0.373475 1.617524
v 7.589632 0.364273 1.280156
v 7.669591 0.372312 1.387484
v 7.577221 -0.354218 1.293436
v 7.583317 -0.344457 1.315593
v 7.482673 0.353275 0.898650
v 7.670077 0.336212 1.487671
v 7.741480 -0.354438 1.551096
v 7.729438 -0.372429 1.660646
v 7.831612 -0.382706 0.849786
v 7.698343 0.355587 1.013663
v 7.695385 -0.031411 2.364194
v 7.985890 0.369986 1.128690
v 7.721076 0.363375 1.508444
v 7.764948 -0.171952 2.217233
v 7.958977 -0.335667 1.718167
v 7.741480 0.334313 1.556793
v 7.741480 0.373725 1.488127
v 7.784603 0.366114 1.039796
v 7.906918 -0.103301 2.034585
v 7.798987 -0.392923 1.631893
v 8.030234 0.256637 0.887918
v 7.914001 -0.395338 1.071170
v 7.784148 -0.386504 1.617141
v 7.762902 0.349521 1.049601
v 7.743955 -0.385385 1.512891
v 7.924969 0.323050 0.860622
v 7.907228 -0.254811 1.927272
v 7.974450 0.273347 1.775674
v 7.813357 0.354968 1.574387
v 7.779274 0.141123 2.202702
v 7.779760 0.237409 2.116943
v 7.774166 0.069233 2.237977
v 7.874204 0.155949 2.048660
v 7.853284 -0.368822 1.566186
v 7.804183 0.348108 1.078973
v 7.886204 -0.348402 0.840614
v 7.874454 0.348770 1.107932
v 7.870893 0.351641 1.589669
v 7.972331 -0.205049 1.877319
v 7.870878 -0.387682 1.646278
v 7.928267 0.337743 1.717107
v 7.968988 -0.088917 1.947471
v 7.914015 0.352510 1.662045
v 7.911673 -0.371737 1.689400
v 7.932242 -0.353585 1.635383
v 8.029026 -0.370280 1.626152
v 8.029026 -0.362654 1.186197
v 7.970490 0.351995 1.156281
v 7.949849 0.176767 1.919234
v 7.934126 0.114829 1.981893
v 7.961216 0.313554 1.688163
v 8.244684 -0.380571 1.068858
v 7.992368 0.276895 1.695790
v 8.064258 -0.074548 1.809860
v 8.018678 -0.249849 1.761290
v 7.986568 -0.304426 1.690121
v 8.115288 -0.386224 1.197695
v 8.044162 0.212925 1.722967
v 8.023905 0.152298 1.829014
v 8.085489 0.351435 1.215760
v 8.062890 -0.146423 1.775659
v 8.071105 -0.160557 1.748393
v 8.191006 0.318309 0.993935
v 8.227827 -0.343573 1.017991
v 8.072164 0.362359 1.607513
v 8.140359 0.279486 1.668980
v 8.215931 0.374447 1.214950
v 8.114743 -0.363699 1.616656
v 8.116317 -0.305869 1.672955
v 8.027997 -0.258815 1.717431
v 8.158791 0.184967 1.713780
v 8.077362 -0.003011 1.774614
v 8.157924 0.111766 1.737572
v 8.082971 0.069233 1.755504
v 8.172808 -0.363139 1.258087
v 8.116127 0.347799 1.604406
v 8.200811 -0.188986 1.707023
v 8.078260 -0.120305 1.752957
v 8.217005 -0.058912 1.727605
v 8.168347 -0.314113 1.641772
v 8.188473 0.368410 1.299884
v 8.171762 0.348962 1.258426
v 8.105820 0.347475 1.237726
v 8.172808 0.284801 1.646336
v 8.205817 0.188280 1.694862
v 8.215047 0.097971 1.722319
v 8.394412 0.212999 1.079429
v 8.276145 -0.365922 1.358731
v 8.241562 -0.189104 1.675148
v 8.251131 0.161131 1.666698
v 8.267225 0.350419 1.358731
v 8.244684 0.353099 1.318921
v 8.269357 0.040480 1.686072
v 8.310184 -0.355454 1.077795
v 8.319621 -0.382220 1.143060
v 8.215931 0.373902 1.344347
v 8.342015 0.268238 1.401853
v 8.297524 0.183215 1.573460
v 8.377083 -0.175162 1.473317
v 8.278030 -0.338936 1.306878
v 8.315351 0.360210 1.129765
v 8.259068 0.346371 1.290389
v 8.316854 0.342410 1.287164
v 8.293872 0.304779 1.324707
v 8.330590 0.270137 1.344671
v 8.348919 0.332046 1.114307
v 8.381367 0.320915 1.179440
v 8.341220 0.284889 1.061409
v 8.289027 -0.382146 1.258279
v 8.407942 -0.294459 1.243703
v 8.349051 -0.289497 1.372806
v 8.344857 -0.333768 1.298383
v 8.370163 -0.240103 1.344347
v 8.404160 -0.203944 1.082962
v 8.414361 0.270947 1.142692
v 8.360284 0.241222 1.334939
v 8.383532 -0.229194 1.413455
v 8.367749 0.292766 1.308968
v 8.392955 0.184525 1.416767
v 8.426462 -0.228943 1.324972
v 8.407500 -0.175191 1.401853
v 8.359682 0.126548 1.516763
v 8.406132 0.025846 1.472433
v 8.410135 -0.040259 1.466706
v 8.417791 0.228193 1.316566
v 8.393589 -0.189560 1.350427
v 8.380190 0.188353 1.355168
v 8.423636 0.082748 1.415472
v 8.427082 -0.287097 1.171813
v 8.402348 0.141182 1.358245
v 8.417806 0.112355 1.416237
v 8.410151 0.148558 1.409082
v 8.422841 -0.074548 1.399645
v 8.448635 -0.189560 1.315593
v 8.440361 0.180329 1.324839
v 8.457809 0.026096 1.340961
v 8.426743 -0.074548 1.430606
v 8.420986 -0.031411 1.387028
v 8.422592 -0.031411 1.449289
v 8.426213 -0.044676 1.400881
v 8.472501 -0.175191 1.186197
v 8.439375 -0.017041 1.106459
v 8.467171 0.072325 1.150936
v 8.468599 0.167388 1.186197
v 8.451698 0.216400 1.171813
v 8.468981 -0.017041 1.326679
v 8.465978 -0.189340 1.215304
v 8.481187 -0.117920 1.186050
v 8.467569 -0.125134 1.308644
v 8.463506 -0.175191 1.258087
v 8.467496 0.090389 1.308070
v 8.463931 0.155492 1.258087
v 8.455629 0.126739 1.327077
v 8.482660 0.054849 1.188965
v 6.633121 0.254796 2.076412
v 6.774135 0.333061 1.991330
v 6.835690 -0.361535 1.890687
v 6.778183 -0.374903 3.084024
v 6.850073 -0.394764 2.868368
v 6.909833 0.185041 1.401426
v 6.844420 0.069233 1.412203
v 6.792567 0.360298 3.500968
v 6.875838 0.323109 3.472214
v 6.971799 -0.180977 3.132815
v 7.058898 0.234891 2.919014
v 6.996210 -0.117670 3.112778
v 6.987067 0.054849 3.165455
v 6.971226 0.114461 3.270927
v 6.970828 0.158481 3.342818
v 6.939926 0.259478 3.429092
v 7.094483 0.371075 1.056800
v 7.128183 0.180756 0.740486
v 7.238264 -0.379732 0.823315
v 6.965086 -0.392496 2.753341
v 7.181862 0.240309 0.698777
v 7.260554 -0.383825 2.602935
v 7.395030 -0.260023 2.694421
v 7.326128 -0.031411 2.829192
v 7.311317 -0.261215 0.572972
v 7.416038 0.245874 0.575593
v 7.437238 0.082395 2.739840
v 7.433750 -0.213440 2.690387
v 7.382044 -0.392540 1.186197
v 7.511440 -0.392997 0.869882
v 7.597701 -0.389920 1.890687
v 7.655207 0.375271 0.941773
v 7.540017 -0.367762 1.918748
v 7.467449 0.298360 0.608557
v 8.057780 -0.388477 1.588771
v 7.988467 0.068026 1.918071
v 7.964205 0.306310 1.682539
v 8.072164 0.370678 1.588771
v 8.007886 -0.398061 0.992036
v 8.144512 -0.386180 1.531411
v 8.262528 -0.060164 1.692212
v 8.298877 -0.304588 1.032685
v 8.187178 0.374417 1.071170
v 8.273436 0.364406 1.266111
v 8.388170 -0.333164 1.143502
v 8.399668 -0.275025 1.100085
v 8.443571 -0.160807 1.340754
v 8.407059 -0.132054 1.362014
v 5.153518 0.666645 6.830388
v 5.268339 -0.374727 7.309784
v 5.173099 -0.627866 6.915749
v 5.312964 -0.463621 7.274185
v 5.340436 -0.509968 7.243960
v 5.144258 -0.635272 6.855593
v 5.164663 0.609757 6.865310
v 5.383559 0.601350 6.894063
v 5.244150 0.299273 7.474265
v 5.397943 0.607416 6.857065
v 5.010091 -0.375654 7.287583
v 5.412327 0.644326 6.927616
v 5.038505 0.673947 6.937201
v 5.038505 0.667204 7.048724
v 5.038505 0.451592 7.276158
v 5.081643 0.378186 7.289409
v 5.282915 0.428669 7.286023
v 5.267147 0.351317 7.296784
v 5.363756 0.337021 7.364376
v 5.362431 0.296034 7.390464
v 5.263555 -0.412814 7.346370
v 5.354805 -0.621506 6.852884
v 5.426696 -0.619681 6.879694
v 5.354673 -0.347652 7.383029
v 5.263260 0.392938 7.346532
v 5.297564 0.381896 7.368513
v 5.312198 0.371722 7.338994
v 5.340436 0.385532 7.282769
v 5.340878 -0.365687 7.324639
v 5.369101 0.327717 7.327584
v 5.297770 -0.688244 6.720263
v 5.512955 -0.682958 6.732822
v 5.441080 -0.683370 6.933432
v 5.419054 -0.454965 7.217120
v 5.427962 0.668058 6.836777
v 5.416508 0.609183 6.913880
v 5.442184 -0.578914 7.164944
v 5.512955 -0.693971 6.836557
v 5.426357 -0.634212 6.912452
v 5.378302 -0.318957 7.365495
v 5.441683 -0.678276 6.850219
v 5.289820 0.335107 7.289379
v 5.397604 0.414565 7.250747
v 5.402345 0.202398 7.360872
v 5.412327 -0.232698 7.358281
v 5.384574 -0.304588 7.354144
v 5.509275 0.639364 7.089844
v 5.455154 0.515856 7.171422
v 5.038505 -0.693912 7.023460
v 5.434366 -0.655560 6.915941
v 5.441668 -0.549145 7.178503
v 5.412135 0.271241 7.348181
v 5.483774 -0.649641 6.678599
v 5.383559 0.331648 7.315129
v 5.385576 0.299273 7.343366
v 5.340436 -0.685711 6.944208
v 5.512955 -0.693632 6.937201
v 5.526794 -0.681913 7.051771
v 5.506241 0.608962 6.670869
v 5.419511 0.608388 6.872495
v 5.456406 0.658018 6.908447
v 5.483363 0.457261 7.165489
v 5.434396 -0.641338 6.857698
v 5.458570 0.666689 6.926041
v 5.498586 0.371884 7.283696
v 5.465769 -0.684416 6.918665
v 5.460395 -0.673447 6.879694
v 5.512955 0.673461 7.009091
v 5.369851 -0.348947 7.329100
v 5.383559 -0.371370 7.305780
v 5.551499 -0.620888 7.076594
v 5.472807 0.461825 6.617809
v 5.535878 -0.658416 7.074974
v 5.563085 0.514929 7.073207
v 5.543681 -0.681471 6.793420
v 5.541443 -0.678203 7.037093
v 5.549761 -0.499957 6.699166
v 5.551543 -0.659328 6.739241
v 5.553781 0.656118 6.951570
v 5.527913 0.663480 7.053022
v 5.566251 0.641366 6.994706
v 5.551631 -0.534628 7.092229
v 5.572081 0.629956 6.822173
v 5.572994 -0.620888 6.764667
v 5.563144 -0.514164 6.729259
v 5.565279 -0.659579 6.779051
v 5.574201 -0.606519 6.793420
v 5.575305 0.601203 7.009091
v 5.569917 0.477872 6.720882
v 5.546743 0.476739 7.099429
v 5.572847 -0.520244 6.807804
v 5.561245 0.616956 6.735634
v 5.569961 -0.497631 7.066788
v 5.599229 -0.497410 6.735913
v 5.455449 0.392467 6.498983
v 6.490636 -0.490269 6.649654
v 6.505006 -0.218314 6.407674
v 5.501413 -0.491491 7.141535
v 6.505006 -0.379570 6.473101
v 6.490636 -0.437504 6.532344
v 5.383559 0.299273 6.431333
v 6.485440 0.249893 6.412106
v 6.490636 -0.318957 6.431259
v 6.505006 0.054849 7.364788
v 6.490636 -0.397237 7.274259
v 6.499912 -0.442126 7.218990
v 6.493154 0.449767 7.173174
v 6.303719 0.474707 6.879694
v 6.318103 0.476547 7.037844
v 6.505006 0.184245 6.406967
v 6.490607 -0.496644 6.739565
v 6.389993 0.460647 6.951570
v 6.505006 0.470423 7.095350
v 6.318103 -0.494082 6.922817
v 6.490636 -0.493803 7.080966
v 6.507435 0.376345 6.486160
v 6.490636 0.424046 6.537497
v 6.413181 -0.483909 7.004336
v 6.490636 0.092170 5.894945
v 6.475782 -0.088917 5.893267
v 6.346856 0.155492 5.876071
v 6.518374 -0.218314 7.350728
v 6.433116 -0.160808 5.874040
v 6.548143 -0.304588 6.452386
v 6.538633 0.434794 6.602468
v 6.540885 -0.469893 6.671473
v 6.537999 -0.395824 7.243827
v 6.548143 0.390317 6.530681
v 6.505006 0.474103 6.822173
v 6.534981 0.454787 7.051904
v 6.531168 -0.472411 7.095350
v 6.548143 -0.440463 6.586523
v 6.555239 -0.455524 7.131214
v 6.512927 -0.369912 7.289997
v 6.505904 0.417421 7.224408
v 6.547657 0.385532 7.224512
v 6.538191 -0.293178 7.316189
v 6.622507 0.250335 5.852162
v 6.533759 0.141123 5.885376
v 6.548143 0.141123 7.338140
v 6.562513 0.287259 7.301643
v 6.576896 0.418997 7.169522
v 6.810676 -0.283270 5.851808
v 6.576896 0.097986 5.886672
v 6.685416 -0.383074 6.499292
v 6.553723 -0.209319 7.332310
v 6.503843 0.460500 6.622005
v 6.677540 0.450709 6.697974
v 6.677540 0.419321 6.575055
v 6.663156 -0.464932 7.080966
v 6.678717 -0.451519 7.151664
v 6.663156 0.373180 7.240868
v 6.673653 -0.454493 6.616896
v 6.562513 -0.146438 5.885420
v 6.610464 -0.060164 5.877278
v 6.634403 0.011726 5.860450
v 6.577676 -0.176399 5.864765
v 6.620033 -0.189561 5.860186
v 6.659932 -0.354262 7.274613
v 6.663156 -0.209539 6.426916
v 6.676877 -0.319738 6.457834
v 6.684798 0.435795 7.145510
v 6.638982 0.226028 7.108453
v 6.639069 0.227382 7.037844
v 6.638643 0.282342 6.836557
v 6.639099 0.113209 6.590970
v 6.658209 0.044072 6.788031
v 6.639585 -0.219138 6.648711
v 6.646637 -0.307238 6.793420
v 6.648743 -0.189561 6.721529
v 6.649817 -0.218314 6.793420
v 6.637259 -0.160808 7.163545
v 6.677540 -0.031411 7.201382
v 6.639202 0.212998 6.652363
v 6.701537 0.306354 6.743849
v 6.696885 -0.298390 6.669558
v 6.639761 -0.300790 6.980338
v 6.635271 -0.247538 7.110279
v 6.652246 -0.045795 6.592133
v 6.655029 -0.099959 6.584197
v 6.658459 -0.132054 6.937201
v 6.720677 -0.103301 7.200852
v 6.713286 0.277748 6.671149
v 6.633166 -0.017042 7.181610
v 6.652924 0.069232 7.052213
v 6.655736 0.143964 6.865310
v 6.893270 0.097794 5.860362
v 6.685416 -0.440654 6.571654
v 6.720677 0.170862 6.588011
v 6.668854 -0.031411 6.569917
v 6.720677 -0.491653 6.649654
v 6.644900 -0.307974 6.980338
v 6.706293 -0.322520 7.023460
v 6.650362 0.097986 7.066597
v 6.650700 0.112355 7.052213
v 6.691924 -0.336698 6.879694
v 6.637289 0.083602 7.177340
v 6.720677 -0.146438 6.566589
v 6.691055 0.318324 6.922817
v 6.654470 0.126739 6.994706
v 6.648389 0.280899 7.023504
v 6.693514 0.255385 7.108998
v 6.878827 0.282195 5.840045
v 6.719411 -0.319929 6.428506
v 6.691924 -0.185924 7.175736
v 6.706293 0.083602 7.199660
v 6.697385 -0.326790 6.738755
v 6.735046 0.121174 6.570240
v 6.677540 0.251130 6.654674
v 6.735046 -0.428685 7.248554
v 6.698387 0.292515 7.060207
v 6.712241 -0.226426 6.598788
v 6.701950 -0.321519 7.315894
v 6.576896 0.184245 5.857330
v 6.864443 0.241766 5.858021
v 6.720677 -0.444070 6.537881
v 6.700786 -0.297521 7.088371
v 6.720677 -0.224071 7.159172
v 6.726772 -0.499118 7.066597
v 6.712520 0.336123 7.304484
v 6.695914 -0.160808 7.348711
v 6.691129 -0.232536 7.335917
v 6.708752 -0.074548 6.407865
v 6.640071 0.178548 7.146629
v 6.677540 0.284889 6.447101
v 6.719042 0.126739 6.401475
v 6.749430 0.215163 6.398811
v 6.731130 0.304882 6.427608
v 6.722150 0.355145 6.463973
v 6.696753 0.379938 6.511321
v 6.726331 -0.189561 6.397441
v 6.734162 0.478255 6.663331
v 6.735046 0.403332 6.503017
v 6.735046 -0.485970 6.609300
v 6.735046 0.442288 7.195994
v 6.627454 0.248936 5.664788
v 6.935435 -0.327820 6.951481
v 6.935022 -0.279575 7.109734
v 6.726787 0.206182 7.160277
v 6.735046 -0.110486 7.369779
v 6.735046 0.169876 7.366613
v 6.724137 0.253647 7.348314
v 6.735046 0.442582 6.563380
v 6.735046 -0.352864 7.316807
v 6.735046 -0.378054 6.460086
v 6.937246 0.272183 7.094261
v 6.893195 -0.189561 6.393467
v 6.936333 -0.252470 6.615071
v 6.907580 -0.371576 6.453785
v 6.720501 0.466712 7.124044
v 6.907580 -0.407911 7.270122
v 6.893195 0.333076 7.316822
v 6.907580 -0.502901 6.692776
v 6.922567 0.416906 7.238277
v 6.735046 -0.307503 5.618205
v 6.936333 0.126739 6.581489
v 6.936245 0.294974 7.052611
v 6.907580 0.468214 7.138487
v 6.950997 -0.247273 7.153019
v 6.907580 -0.481053 6.592133
v 6.950717 0.312008 6.779051
v 6.928869 0.478917 6.686711
v 6.485072 -0.354836 5.778269
v 6.936333 0.126739 7.366363
v 6.907580 -0.124870 7.371928
v 6.923083 -0.499883 7.067201
v 6.928295 0.421249 6.527809
v 6.907580 0.275628 7.346237
v 6.850839 0.241987 5.660238
v 6.842035 0.364450 5.650551
v 6.921964 0.169876 7.178459
v 6.886659 0.321150 5.721956
v 6.921964 -0.491108 7.124104
v 6.921964 -0.275835 7.352790
v 6.850073 0.393424 5.636653
v 7.008370 0.372547 5.651626
v 6.931519 0.294547 6.425680
v 6.925968 -0.232698 5.850189
v 6.915235 0.321121 5.766668
v 6.894168 0.317278 5.801811
v 6.931445 -0.257741 5.839117
v 6.870479 -0.092171 5.665774
v 6.921964 0.184245 5.855474
v 6.907712 -0.336197 5.728919
v 6.944519 -0.327482 7.318971
v 6.952940 -0.273789 6.622918
v 6.958903 0.237556 5.721396
v 6.936392 0.242355 5.833008
v 6.977851 0.184245 5.729906
v 6.936333 -0.490387 6.649654
v 6.972064 -0.268150 5.737105
v 6.978852 0.026095 5.729493
v 6.953411 0.446763 7.152857
v 6.929575 0.349874 6.455346
v 6.972948 0.308077 6.468978
v 6.944961 -0.370987 6.468596
v 6.936318 -0.466316 6.577440
v 6.946933 -0.203945 6.587127
v 6.941913 -0.020487 6.570461
v 6.961612 -0.203945 6.574539
v 6.969886 0.418879 7.181610
v 6.936127 0.298963 7.328350
v 6.953941 -0.247082 7.343735
v 6.907580 -0.482820 7.156346
v 6.976820 0.441007 7.095350
v 6.933580 -0.324979 6.779051
v 6.944445 -0.398975 7.261641
v 6.984623 0.212998 5.789606
v 6.935185 -0.310374 7.053244
v 6.924570 0.448942 6.573288
v 6.973478 0.423001 6.596108
v 6.928737 0.306089 5.737267
v 6.971358 0.246433 5.738209
v 6.979161 -0.462738 6.861717
v 6.964556 -0.475532 6.678407
v 6.987273 -0.146438 6.528782
v 6.936201 -0.073223 7.204017
v 6.958432 0.278337 5.780669
v 6.977042 -0.232698 5.730980
v 6.949716 -0.447441 7.194477
v 6.976658 0.441345 6.678407
v 6.982430 -0.446941 7.108335
v 6.986493 0.204194 7.303306
v 6.929797 0.207286 6.397736
v 6.943768 -0.171967 7.361491
v 6.968532 -0.218594 7.196921
v 6.970696 -0.286288 6.610816
v 6.986243 0.351067 6.692776
v 6.940485 0.069232 7.203959
v 6.991763 0.083602 7.267884
v 6.975436 -0.276748 5.771894
v 6.926734 0.278043 6.670648
v 6.987199 -0.442715 7.052213
v 6.941074 -0.132054 6.399444
v 6.964144 -0.348329 6.937201
v 6.987729 -0.389920 6.910803
v 6.984123 0.155492 6.446261
v 6.975996 -0.304117 6.462280
v 6.986640 -0.383619 6.541885
v 6.986419 0.377405 7.202059
v 6.986817 -0.310654 7.187823
v 6.967987 0.198629 7.196627
v 6.992396 0.241766 7.239131
v 6.987067 0.393909 7.176339
v 6.987965 -0.247332 5.758423
v 6.992412 -0.333341 6.549010
v 6.983165 -0.218314 7.311006
v 6.980854 -0.362095 7.066597
v 6.983003 -0.333341 7.138487
v 6.986846 0.292824 7.275496
v 6.989585 0.313642 6.520257
v 6.977218 -0.362095 6.779051
v 6.987862 -0.434471 6.636242
v 6.986419 -0.253339 5.777783
v 6.988362 -0.117670 5.746277
v 6.990954 0.399916 6.678407
v 6.978896 -0.333341 6.635270
v 6.990100 -0.203945 7.282253
v 6.988746 0.083602 5.745291
v 6.985934 0.323167 7.124104
v 6.850073 -0.393262 5.648387
v 5.283165 -0.403156 7.383412
v 5.344264 0.461236 7.259389
v 5.484202 -0.674728 7.078537
v 5.537101 -0.635272 6.697502
v 5.552677 0.629956 7.063829
v 5.565751 -0.649774 7.037358
v 6.503872 -0.303528 7.334238
v 6.490636 -0.160808 7.363345
v 6.490636 0.253809 7.348726
v 6.505006 0.375285 7.272242
v 6.549144 0.242738 7.322137
v 6.534333 -0.391657 6.505166
v 6.537146 -0.232698 6.428845
v 6.533759 0.256136 6.434336
v 6.679483 0.212998 7.334798
v 6.677540 0.097986 6.422808
v 6.871892 0.335269 5.779962
v 6.749430 -0.252676 7.360916
v 6.717173 0.405187 7.243783
v 6.725137 -0.471145 7.177149
v 6.721546 0.476989 7.067009
v 6.684121 0.450385 7.075887
v 6.925232 0.478108 7.080966
v 6.931122 -0.271934 6.411502
v 6.944475 0.233757 6.614291
v 6.922524 -0.436900 6.520994
v 6.949907 -0.303719 5.785969
v 6.940499 0.376021 7.272963
v 6.943238 0.248465 7.346826
v 6.969415 0.356779 7.256798
v 6.965514 0.313686 6.692673
v 6.980471 -0.333341 7.267884
v 6.987082 -0.117670 6.454418
v 6.988097 -0.074548 7.257049
v 6.978190 0.342410 6.779051
v 6.977939 -0.232698 5.800824
v 6.986787 0.363654 6.909625
v 6.989114 0.198629 6.534627
v 4.900231 -0.570551 5.204487
v 5.096012 0.422530 5.694291
v 5.288480 -0.570831 5.191501
v 5.376241 -0.570551 5.204707
v 5.028568 -0.439830 5.692569
v 5.527339 -0.280870 5.721852
v 5.139149 0.451003 6.498247
v 5.179813 -0.304588 6.293441
v 5.176353 0.308342 6.296548
v 5.526735 0.667985 6.751372
v 5.212262 0.300598 5.799058
v 5.139149 -0.275835 5.848628
v 5.059367 -0.338362 5.798439
v 5.181742 -0.330161 5.802237
v 5.096012 0.387770 6.451238
v 5.254162 0.377067 6.454874
v 5.052874 -0.669251 6.688360
v 5.212423 -0.304588 5.805285
v 5.044998 0.317264 5.754698
v 5.239792 0.308136 5.748662
v 5.152915 -0.332561 6.285461
v 5.181698 -0.290499 5.833037
v 5.469832 -0.338951 5.754537
v 5.232225 0.378156 6.383823
v 5.211039 -0.414301 6.444805
v 5.469832 0.618355 6.661020
v 5.262775 -0.399549 6.410544
v 5.153518 0.392260 6.384427
v 5.124766 0.401845 6.419613
v 5.247993 0.392997 6.427858
v 5.336285 -0.310919 5.736869
v 5.297299 0.112355 5.783894
v 5.259506 -0.397208 6.454860
v 5.293088 -0.287613 6.424944
v 5.256753 0.333915 6.470995
v 5.280015 -0.376478 6.448367
v 5.081643 -0.448354 6.494434
v 5.326568 -0.377465 6.494522
v 5.265115 0.382102 6.419613
v 5.266220 -0.402302 6.433983
v 5.276982 0.369912 6.447587
v 5.273831 0.299273 6.402271
v 5.284800 0.213793 6.406084
v 4.406701 -0.911011 4.924022
v 5.671047 -0.792155 5.053639
v 5.297299 0.313480 5.772616
v 5.326052 0.359238 6.487809
v 5.277968 -0.362095 6.408675
v 5.280825 0.356779 6.433983
v 5.305808 -0.117670 5.778755
v 5.246182 0.277366 5.721882
v 5.310844 0.458056 6.510172
v 5.369189 -0.218314 6.404081
v 5.397943 0.417804 6.545771
v 5.281575 0.325759 6.462559
v 5.305382 -0.272243 5.792815
v 5.305573 -0.304588 5.807552
v 5.321194 0.169876 5.832036
v 5.049371 -0.570316 5.190176
v 5.527957 -0.677408 5.142475
v 5.626893 -0.609861 5.498128
v 5.328849 -0.134690 5.842239
v 5.354805 -0.275835 5.849483
v 5.354805 -0.310889 5.836614
v 5.338242 0.155492 5.849998
v 5.340436 0.280472 5.839044
v 5.286802 0.270520 6.430391
v 5.442316 -0.462223 6.576851
v 5.441080 -0.416303 6.508111
v 5.534244 0.306472 5.751048
v 5.512955 0.810543 5.018673
v 5.527339 0.309785 5.785321
v 4.284136 -0.786634 5.061089
v 5.578941 -0.713081 5.119464
v 5.469832 -0.322962 5.818507
v 5.345486 -0.496659 6.528237
v 5.594974 0.609610 5.453166
v 5.494111 -0.568417 5.206312
v 5.487279 -0.663318 5.282914
v 5.585832 0.702009 5.096718
v 6.044926 -0.420249 5.705981
v 5.455449 0.304028 5.818447
v 5.480845 -0.721531 5.288759
v 5.512381 -0.793628 5.284474
v 5.475899 -0.744690 5.246122
v 5.469832 -0.300672 5.839398
v 5.474426 -0.203945 5.850586
v 5.497761 -0.305413 5.818153
v 5.472498 0.212998 5.850027
v 5.479785 0.270520 5.839206
v 5.511703 0.283799 5.804372
v 5.490135 -0.096117 5.834480
v 5.479697 0.687463 5.269413
v 5.488398 0.716216 5.282383
v 5.469832 0.675420 5.283782
v 5.485336 0.673697 5.298328
v 5.463517 0.601203 5.219857
v 5.491401 0.550867 5.190367
v 5.502355 0.744189 5.226158
v 5.455405 -0.696444 5.270606
v 5.639171 -0.615013 5.441932
v 5.492623 0.761900 5.269413
v 5.497614 0.069233 5.815753
v 5.469670 0.677908 5.355540
v 5.513912 -0.132054 5.792521
v 5.552941 0.676995 5.136453
v 5.512955 0.783439 5.279998
v 5.499779 0.615131 5.170271
v 5.518226 0.783557 5.230943
v 5.508671 -0.592135 5.188439
v 5.536497 -0.681545 5.149144
v 5.508936 -0.635272 5.193180
v 5.527471 0.156375 5.793080
v 5.583712 -0.320282 5.797393
v 5.508568 -0.797912 5.269413
v 5.532139 -0.789623 5.201881
v 5.614320 0.299287 5.800486
v 5.532624 0.621594 5.317880
v 5.570476 0.818876 5.211892
v 5.593605 -0.175191 5.793581
v 5.627982 0.279294 5.734293
v 5.829476 0.372562 6.479638
v 5.568812 0.609904 5.326919
v 5.412665 0.283917 5.720351
v 5.504122 0.277454 5.736855
v 5.591221 -0.844126 5.202529
v 5.643780 0.850044 4.952952
v 5.709059 0.780392 5.018776
v 5.566059 -0.627866 5.305115
v 5.605693 -0.275835 5.809481
v 5.637567 0.744969 5.078329
v 5.588615 -0.340938 5.780463
v 5.610390 -0.281945 5.723251
v 5.709252 -0.301437 5.724488
v 5.642352 0.270520 5.843637
v 5.630751 0.256136 5.840855
v 5.646003 0.307385 5.810703
v 5.699638 -0.582771 5.513249
v 5.800516 -0.340717 5.750827
v 5.642352 -0.290204 5.846523
v 5.635815 -0.238263 5.851514
v 5.742995 -0.290204 5.847009
v 5.944282 0.308460 5.749236
v 5.644398 0.097986 5.853060
v 5.656824 0.760295 5.055126
v 5.721987 -0.814681 5.002964
v 5.642352 -0.310286 5.836173
v 5.720204 -0.887337 5.102532
v 5.800988 -0.887145 5.176455
v 5.757379 0.285669 5.720836
v 5.685489 0.290439 5.836247
v 5.785176 0.270152 5.832655
v 5.779022 0.320856 5.765446
v 5.757482 0.831126 5.010797
v 5.773574 -0.232698 5.850012
v 5.878222 -0.887543 4.944486
v 5.859731 -0.298051 5.724517
v 5.862116 -0.629000 5.306367
v 5.865914 0.277557 5.736752
v 5.816196 -0.260376 5.799323
v 5.779169 0.043291 5.851896
v 5.770717 0.126739 5.853561
v 5.829269 -0.304588 5.799632
v 5.805920 0.011726 5.805727
v 5.806259 0.097986 5.806257
v 5.821791 0.093805 5.794067
v 5.915529 0.316645 5.772616
v 5.814003 0.285154 5.804755
v 6.253397 0.595314 5.437928
v 5.885671 0.285949 5.796010
v 6.154211 -0.499265 5.650875
v 6.131200 -0.329175 5.748412
v 5.861571 -0.340688 5.780036
v 5.920181 0.294032 5.811277
v 5.814753 0.310344 5.787942
v 5.886776 -0.247082 5.798071
v 5.928397 0.184245 5.847774
v 5.929118 -0.203945 5.847583
v 5.984313 -0.296123 5.722883
v 6.105347 0.276453 5.721146
v 5.944282 0.241766 5.849762
v 5.958666 0.290631 5.835997
v 5.935684 -0.298272 5.838013
v 6.073679 -0.303028 5.841002
v 6.080922 0.138075 5.851735
v 6.073679 0.282828 5.840192
v 6.045544 -0.304353 5.721043
v 6.131200 0.309196 5.760632
v 6.274966 0.865841 4.993660
v 6.116816 0.867034 5.174909
v 6.122676 -0.268282 5.721793
v 6.088961 0.285964 5.830122
v 6.072281 -0.274495 5.849909
v 6.109690 -0.009253 5.794228
v 6.073679 0.303837 5.818314
v 6.087710 -0.017042 5.844506
v 6.106761 -0.103301 5.801369
v 6.122646 0.266677 5.793595
v 6.131200 0.304470 5.792947
v 6.102432 -0.340761 5.780507
v 6.123308 -0.307091 5.808274
v 6.246213 -0.337390 5.804652
v 6.121571 -0.232698 5.792918
v 6.217459 0.304337 5.723928
v 6.188957 -0.290337 5.710295
v 6.230827 -0.336271 5.730465
v 6.230474 -0.270756 5.687475
v 6.217077 0.312184 5.802384
v 6.154535 -0.428479 5.694159
v 6.160395 -0.517800 5.630013
v 6.159953 0.274053 5.726578
v 6.220654 0.270520 5.825926
v 6.232491 -0.291058 5.641762
v 6.240162 -0.376478 5.622770
v 6.289350 -0.895052 5.068126
v 6.196407 -0.241414 5.793904
v 6.289173 0.327584 5.571550
v 6.257770 0.414285 5.611801
v 6.234523 -0.275835 5.839839
v 6.190929 -0.304588 5.809908
v 6.152680 -0.268621 5.707895
v 6.303719 0.318294 5.725047
v 6.260596 0.331206 5.758246
v 6.332487 -0.352039 5.546109
v 6.372562 -0.505875 5.508478
v 6.231343 0.269931 5.643528
v 6.150781 0.275555 5.707115
v 6.364376 0.248480 5.664699
v 6.242871 -0.146615 5.850380
v 6.367674 -0.433985 5.506078
v 6.780936 0.335476 5.736119
v 6.379482 0.443039 5.504297
v 6.346856 -0.175191 5.868327
v 6.699550 0.594033 5.434806
v 6.389993 0.486176 5.504709
v 6.317838 0.529121 5.513617
v 6.444349 0.508274 5.506814
v 6.260596 0.296255 5.825779
v 6.375609 0.112355 5.861673
v 6.404363 -0.382323 5.490929
v 6.404363 -0.433985 5.488396
v 6.584199 0.363934 5.492225
v 6.404363 0.385532 5.489265
v 6.433116 0.141123 5.875924
v 6.878827 -0.336889 5.711164
v 6.614954 -0.268562 5.679304
v 6.576896 0.385532 5.483995
v 6.591281 0.514929 5.499866
v 6.571110 -0.382956 5.477325
v 6.735046 -0.285316 5.692113
v 6.878827 -0.309034 5.835143
v 6.893195 -0.632033 5.309900
v 6.591281 -0.520244 5.499924
v 6.886041 -0.354910 5.765460
v 6.699550 0.320400 5.578219
v 6.826370 -0.268076 5.663934
v 6.795512 0.248053 5.653157
v 6.720677 0.447043 5.576776
v 6.765243 -0.405232 5.624639
v 7.762004 -0.886807 5.175733
v 6.850177 -0.261539 5.661784
v 7.727096 -0.779038 5.297121
v 5.172702 0.155492 5.850896
v 5.204473 0.097986 5.809187
v 5.383559 0.524160 6.569107
v 5.388196 -0.340762 6.441035
v 5.527339 -0.256460 5.793772
v 5.642484 0.595226 5.442138
v 5.784852 -0.302821 5.828385
v 6.153490 0.422103 5.693923
v 5.693895 0.867093 5.160775
v 6.196024 0.006750 5.794111
v 6.174322 0.475620 5.648048
v 6.318103 -0.290204 5.847141
v 6.347887 0.344309 5.527941
v 6.447500 -0.624083 5.413179
v 6.346856 -0.611907 5.446349
v 6.116816 -0.631414 5.308516
v 6.769025 0.394528 5.622519
v 4.150941 -0.176104 7.685357
v 4.309208 -0.683061 6.850927
v 4.210228 -0.756556 6.862336
v 4.253984 -0.526384 7.115432
v 4.348753 -0.636096 6.807406
v 4.195388 -0.440463 7.245476
v 4.118345 -0.498102 6.454977
v 4.215146 -0.266972 6.485571
v 4.254073 -0.625364 7.043247
v 4.268236 -0.484881 6.484879
v 4.292071 -0.499780 6.476428
v 4.434645 0.136986 7.635330
v 4.210803 -0.012345 7.634240
v 4.389299 -0.433779 7.238365
v 4.175851 -0.242503 7.580312
v 4.204605 -0.178018 7.632901
v 4.328848 0.581195 7.004365
v 4.060839 -0.322977 7.414668
v 4.488191 -0.296491 7.458600
v 4.319131 -0.673654 6.823454
v 4.362386 0.615572 6.850927
v 4.284047 0.291838 6.513088
v 4.349033 0.314452 6.526558
v 4.179944 0.405570 7.258948
v 4.371603 0.467198 7.124104
v 4.434645 0.500692 6.433983
v 4.319632 0.490872 6.462736
v 4.348385 -0.532803 7.079774
v 4.292733 -0.607270 6.995973
v 4.197876 0.205976 7.591545
v 4.302436 -0.513752 7.103639
v 4.342408 -0.629633 6.917825
v 4.340038 -0.584877 7.030542
v 4.297652 0.449914 6.743363
v 4.361724 0.572435 6.808540
v 4.334001 0.399916 6.516797
v 4.319632 0.342410 6.518431
v 4.358691 -0.485735 6.528149
v 4.310917 -0.485440 6.528207
v 4.346766 -0.491491 6.794303
v 4.434645 0.319590 7.372576
v 4.507477 -0.260906 7.555474
v 4.360502 0.616794 6.820951
v 4.347796 0.482819 6.521037
v 4.384618 -0.456245 7.170744
v 4.371411 0.527296 6.937201
v 4.347516 -0.472072 6.763857
v 4.378390 0.483643 6.463914
v 4.358456 -0.499029 6.513912
v 4.396159 -0.497866 6.468213
v 4.385383 0.428669 6.499587
v 4.369556 -0.609890 6.836557
v 4.369394 -0.526457 7.072324
v 4.358057 -0.645710 6.836557
v 4.377507 0.514929 6.836557
v 4.357911 0.467463 6.528398
v 4.492166 0.491859 6.132053
v 4.334001 -0.334784 6.512101
v 4.422278 -0.362095 6.495847
v 4.354834 0.471806 6.802312
v 4.365890 -0.491491 6.850927
v 4.379140 -0.478432 6.965953
v 4.372795 -0.534628 6.865310
v 4.372942 -0.477122 7.037844
v 4.434645 0.248009 6.512381
v 4.449029 -0.524058 6.232696
v 4.379553 0.471865 6.506079
v 4.383926 -0.433985 7.148823
v 4.384014 -0.419601 7.148557
v 4.396587 -0.365569 7.185688
v 4.492166 -0.149074 7.633990
v 4.391066 0.388020 7.267560
v 4.429698 -0.362890 7.311492
v 4.765328 0.353511 6.581017
v 4.386045 -0.477122 6.514397
v 4.412237 0.361446 7.267884
v 4.426356 -0.368779 7.329056
v 4.426091 -0.390848 6.483259
v 4.434969 -0.476533 6.473336
v 4.434645 0.311257 7.221950
v 4.412002 -0.308298 7.239131
v 4.405892 0.460868 6.481552
v 4.477782 0.457423 6.496996
v 4.420275 0.270520 6.506904
v 4.477782 0.480979 6.486719
v 4.440490 -0.232698 7.307193
v 4.447865 0.211261 7.296033
v 4.446099 -0.345708 7.354144
v 4.477782 -0.477122 6.494227
v 4.453578 -0.318707 7.340496
v 4.411177 0.326745 7.223643
v 4.441623 0.218151 7.304190
v 4.437295 -0.260067 7.280928
v 4.707822 0.503136 6.419613
v 4.468830 -0.499294 6.484982
v 4.482905 0.276835 7.426034
v 4.370440 0.465520 6.842726
v 4.492166 -0.512059 6.318970
v 4.452386 -0.209849 7.302806
v 4.454756 -0.180006 7.334091
v 4.503061 -0.294106 7.411650
v 4.492166 -0.179962 7.363198
v 4.506535 -0.506655 6.304586
v 4.502206 0.161042 7.362977
v 4.483759 0.256135 7.379452
v 4.496156 -0.261451 7.379746
v 4.528736 -0.195833 7.362256
v 4.420275 -0.294047 6.510570
v 4.750959 -0.342381 6.554472
v 4.514765 -0.181743 7.360018
v 4.541280 0.116389 7.619856
v 4.750959 -0.464343 6.994706
v 4.535289 -0.211895 7.606106
v 4.548317 -0.248274 7.596786
v 4.477458 0.157082 7.339509
v 4.532196 -0.363479 7.440418
v 4.556592 -0.383972 7.345796
v 4.514692 0.248067 7.546817
v 4.515575 0.272389 7.411650
v 4.526042 -0.344472 7.497924
v 4.515678 -0.275835 7.394836
v 4.506535 0.253088 7.385252
v 4.530592 -0.346739 7.369366
v 4.506535 0.126739 7.628661
v 4.383616 0.420542 7.083911
v 4.765255 0.345825 7.180682
v 4.518166 0.198217 7.369838
v 4.534817 0.184245 7.339774
v 4.549672 -0.220552 7.299890
v 4.369762 0.468656 6.942397
v 4.556724 -0.297654 7.591471
v 4.569754 -0.398975 7.440418
v 4.563717 0.198614 7.607828
v 4.542252 0.349948 7.421131
v 4.554516 -0.290204 7.301466
v 4.558079 0.328026 7.306222
v 4.576689 0.209804 7.290998
v 4.557652 -0.368528 7.546877
v 4.567295 0.340084 7.555430
v 4.581944 0.313642 7.594195
v 4.572551 0.377685 7.444996
v 4.379759 -0.447324 7.066067
v 4.765122 -0.419704 7.110073
v 4.607179 0.284889 7.614600
v 4.592794 -0.380395 7.555430
v 4.577719 -0.362742 7.572892
v 4.527632 -0.455097 6.241971
v 4.736575 -0.519523 6.405230
v 4.612228 -0.327158 7.606194
v 4.556636 -0.341130 7.303616
v 4.587009 0.348740 7.289761
v 4.592794 0.330749 7.587879
v 4.592382 0.362447 7.541533
v 4.592794 -0.401124 7.315438
v 4.564041 0.274053 6.511703
v 4.750458 -0.318015 7.227353
v 4.575245 0.389551 7.368527
v 4.624596 0.407425 7.364965
v 4.607179 0.387284 7.309505
v 4.607179 -0.420970 7.339774
v 4.607179 -0.423031 7.368527
v 4.722191 -0.412195 7.318500
v 4.679069 -0.370251 7.289143
v 4.612552 0.219653 7.274774
v 4.707822 -0.491491 6.494611
v 4.592794 -0.364156 6.498056
v 4.630205 -0.294665 6.512292
v 4.681999 0.407204 7.332325
v 4.693438 -0.497925 6.298373
v 4.732689 -0.500148 6.318970
v 4.736531 0.480993 6.362976
v 4.804579 0.260346 7.273508
v 5.024122 0.297903 7.608432
v 4.527176 0.449472 6.269723
v 4.693438 0.277159 6.527795
v 4.650315 -0.310816 6.525425
v 4.729920 0.479168 6.297063
v 4.802091 0.291558 6.527765
v 4.761147 0.434544 7.026227
v 4.765328 -0.251086 7.276496
v 4.771247 -0.409604 6.483996
v 4.741669 -0.282416 6.513470
v 4.750959 0.457423 6.489958
v 4.736575 -0.501002 6.486572
v 4.717038 -0.314408 6.516238
v 5.239792 -0.421220 7.368527
v 4.746204 0.219138 7.276099
v 4.744011 0.479124 6.484438
v 4.767036 -0.476828 6.476222
v 4.760912 0.470864 6.476192
v 4.750959 0.359650 6.496686
v 4.760823 0.419585 6.692776
v 4.794082 0.395676 6.610374
v 4.750959 -0.426373 6.672120
v 4.755111 -0.470232 6.799485
v 4.794376 -0.480538 6.721691
v 4.788339 -0.498043 6.937201
v 4.763930 0.459808 6.822173
v 4.779919 -0.466021 7.038492
v 4.776135 -0.489886 6.405230
v 4.791947 0.371163 6.304586
v 4.763296 0.484969 6.405230
v 4.789694 0.447146 7.066597
v 4.808466 -0.439020 6.630515
v 4.780890 0.473809 6.807980
v 4.867371 0.356926 7.283622
v 4.952246 0.402478 7.368527
v 5.024122 -0.367100 7.574732
v 4.809260 0.415684 6.234757
v 4.769023 0.393983 7.118803
v 4.851190 -0.447162 7.137368
v 4.799161 -0.438284 6.451606
v 4.822835 -0.352437 6.497467
v 4.879384 0.385400 6.462604
v 4.808466 -0.508157 6.879694
v 4.817549 -0.390848 6.259255
v 4.834333 -0.309962 6.514191
v 4.802665 -0.442421 6.396632
v 4.808466 0.488399 6.836557
v 4.809761 0.452461 7.080525
v 4.815017 0.302041 6.285800
v 4.845433 0.478446 6.788414
v 4.832169 -0.295401 7.277262
v 4.837219 -0.425048 6.386827
v 4.797910 -0.395088 6.347723
v 4.844860 -0.498396 6.998034
v 4.841753 0.057749 6.231283
v 4.815371 0.144671 6.268369
v 4.814531 0.140372 6.274847
v 4.818065 0.193579 6.283195
v 4.821790 0.054849 6.261449
v 4.891692 -0.337272 6.514162
v 4.848672 -0.493773 6.721529
v 4.854194 0.486176 7.009091
v 4.860539 0.302526 7.271653
v 4.850145 -0.334976 7.254752
v 4.790386 0.380158 6.470598
v 4.896094 -0.394896 6.462059
v 4.852987 0.312935 6.511409
v 4.856623 0.514929 6.908447
v 4.865678 -0.333341 7.282253
v 5.052874 0.352686 7.553811
v 4.844653 -0.175192 6.240543
v 4.838087 -0.318957 6.274640
v 4.846479 0.463164 7.054893
v 4.859332 0.489223 7.109734
v 4.857536 -0.563382 6.872495
v 4.855946 0.453550 6.682029
v 4.897964 0.471792 6.607930
v 4.879251 -0.405894 7.254339
v 4.851647 -0.466478 6.663184
v 4.860465 -0.477770 6.663184
v 4.872583 0.437046 7.204223
v 4.849188 0.414756 7.153799
v 4.856476 0.514929 6.937201
v 4.872980 -0.585156 6.756878
v 4.858081 0.530564 6.938231
v 4.855770 0.514929 6.994706
v 4.856903 -0.505875 7.095350
v 4.863439 0.558066 6.965953
v 4.857875 0.501384 6.749532
v 4.880856 -0.595904 7.038168
v 4.880356 -0.592149 6.764667
v 4.894725 0.564485 7.072530
v 4.891707 0.342410 6.496731
v 4.870536 -0.476783 7.181418
v 4.870551 0.386519 7.239897
v 4.829062 -0.339024 6.283577
v 5.067259 -0.380498 7.543446
v 4.909109 -0.420749 6.419613
v 4.894062 -0.404613 6.560391
v 4.871155 0.567385 7.037844
v 4.887335 -0.498941 6.627850
v 4.895241 -0.580784 6.722634
v 4.868563 -0.591163 6.994706
v 4.981000 -0.604354 7.052213
v 4.876984 0.345693 6.534627
v 4.896521 -0.448472 6.577277
v 4.894725 0.375050 7.296637
v 5.142977 0.305736 6.283268
v 4.908932 0.358192 6.491813
v 4.885067 -0.472072 7.205357
v 4.899245 0.427374 6.521332
v 4.880356 0.505021 7.142492
v 4.884316 0.581107 6.793420
v 4.878868 0.544551 6.705879
v 4.993498 0.585980 6.736370
v 4.916279 -0.455583 6.570549
v 4.886672 0.579988 7.019440
v 4.990614 -0.605562 6.750474
v 4.909109 -0.378422 7.299876
v 5.024122 -0.384973 7.316792
v 4.817608 0.021914 6.279926
v 4.913820 0.385532 6.497879
v 5.196655 -0.421515 6.405230
v 5.025446 -0.375021 6.492196
v 4.952246 -0.405821 6.560568
v 4.994102 0.361490 6.478062
v 4.908461 0.454331 6.548068
v 4.976258 0.492315 7.172983
v 4.946872 -0.339908 6.499263
v 5.160070 -0.354777 6.297504
v 4.952702 -0.380645 7.296372
v 4.990524 -0.449723 7.240088
v 5.038505 0.256135 7.615322
v 5.006955 0.499308 6.593310
v 4.975684 -0.448354 6.573288
v 5.024122 0.353731 7.311006
v 4.974050 -0.354851 6.513057
v 5.016362 -0.456393 7.275496
v 4.989538 -0.554725 6.672842
v 5.033250 -0.482849 6.513720
v 5.018350 0.477872 7.245344
v 4.984208 0.422662 7.247243
v 4.990524 0.588821 7.052213
v 5.002406 -0.671431 6.994706
v 5.003024 -0.670503 6.744659
v 4.994029 -0.649641 6.850927
v 4.991334 0.590721 6.980338
v 4.993808 0.615572 7.037844
v 5.169110 0.358796 6.473837
v 5.001537 -0.632622 6.710958
v 5.019057 -0.483085 7.259831
v 5.029967 -0.643693 6.669809
v 5.019440 -0.683385 6.735913
v 4.996502 0.528945 6.650095
v 5.024578 0.513692 6.564587
v 5.002553 0.651540 7.030733
v 5.017998 0.622109 7.101901
v 5.003260 0.588174 6.707116
v 5.031247 0.421588 7.289497
v 5.038505 0.359149 7.300701
v 5.019617 -0.352893 6.499410
v 5.004703 0.645974 6.750283
v 5.033544 -0.685137 7.058382
v 5.038505 -0.696002 6.764667
v 5.038505 0.671930 6.735913
v 5.028288 -0.544537 6.567767
v 5.311683 -0.368573 7.289040
v 5.066817 -0.304927 7.602882
v 5.009767 0.427668 6.501884
v 5.052874 0.477048 6.514795
v 5.023606 0.572259 6.621151
v 5.124766 -0.477181 7.271005
v 5.110396 0.355778 7.311006
v 5.071013 0.256135 7.603927
v 5.139149 -0.366379 6.486174
v 5.034825 -0.433985 6.499881
v 5.268546 -0.477122 6.504563
v 5.253646 -0.361123 6.486807
v 5.037254 0.657326 6.705820
v 5.110396 -0.693927 6.836557
v 5.131552 -0.669090 6.857389
v 5.349549 -0.685387 6.829093
v 5.144950 -0.635272 6.903545
v 5.153518 -0.678394 6.837072
v 5.145686 0.636037 6.905297
v 5.127519 0.662552 6.850927
v 5.159142 0.620210 6.916957
v 5.126031 -0.688685 6.935905
v 4.210259 -0.625275 7.156493
v 4.348385 -0.521717 6.347723
v 4.434645 -0.522821 6.419613
v 4.402903 0.382175 7.152857
v 4.544622 0.299817 7.325994
v 4.555252 0.241766 7.302408
v 4.549039 -0.174367 7.618281
v 4.571241 0.378333 7.332619
v 4.592794 -0.261451 7.280884
v 4.759381 0.437945 6.290202
v 4.736575 0.444923 6.261449
v 4.750959 0.449104 6.966439
v 4.780758 0.471085 6.980338
v 4.707822 -0.310772 6.528016
v 4.785779 0.376640 6.357278
v 4.850984 0.414035 6.174203
v 4.815561 -0.111531 6.282989
v 4.847304 -0.507583 6.779051
v 4.869976 -0.520554 6.678201
v 4.879369 -0.538044 7.124427
v 4.802989 0.407513 6.397457
v 5.009752 0.393630 6.428742
v 4.993911 -0.591222 7.094452
v 5.013948 -0.646122 7.095350
v 5.024122 -0.304588 7.614115
v 5.037475 -0.332075 7.600584
v 2.838748 -0.247082 7.614041
v 3.378683 0.146423 7.619871
v 3.370718 -0.160808 7.616117
v 3.983280 -0.643355 7.491461
v 3.471362 -0.381617 7.503990
v 3.178383 0.751756 7.346223
v 3.097541 0.762592 7.253500
v 3.249287 0.738491 7.072898
v 3.226938 0.761974 7.095350
v 3.377594 0.752021 7.102608
v 3.240438 0.734177 6.981206
v 3.298828 -0.737078 7.052213
v 3.212554 -0.782498 7.009091
v 2.939391 0.325950 7.569152
v 3.442594 0.337640 7.553841
v 3.306793 -0.728480 6.974713
v 3.308412 -0.739567 6.991453
v 3.284444 0.725933 7.066597
v 3.126294 -0.378437 7.501752
v 3.298828 0.750343 6.943089
v 3.304967 0.752757 7.009091
v 3.292011 0.737505 7.009091
v 3.356334 -0.775578 7.125840
v 3.370718 0.583359 6.333340
v 3.424367 0.579723 6.426961
v 3.446657 -0.355160 7.562997
v 3.311180 -0.766141 7.009091
v 3.324636 -0.769645 6.989834
v 3.284797 0.746235 7.098737
v 3.356334 0.734855 7.091051
v 3.370718 -0.778419 7.037844
v 3.960195 -0.377804 7.501428
v 3.308987 -0.750285 7.037844
v 3.313904 0.743673 7.037152
v 3.385087 0.759589 7.023460
v 3.155047 -0.620888 6.509863
v 3.643881 0.762297 6.922817
v 3.341951 0.730776 7.066597
v 3.353096 -0.742982 6.958843
v 3.326816 -0.604295 6.406378
v 3.130740 0.623832 7.491535
v 3.313197 0.747766 6.990481
v 3.254675 0.733191 6.964673
v 3.362709 -0.757381 7.102726
v 3.428225 -0.758603 6.985093
v 3.042567 0.753317 6.669736
v 3.393420 0.752610 7.001376
v 3.501072 0.733912 6.981604
v 3.370718 -0.607122 6.333340
v 3.362385 -0.628735 6.270946
v 3.415019 0.602558 6.163706
v 3.365477 -0.627866 6.214308
v 3.413841 -0.634359 6.261449
v 3.399471 -0.632813 6.290202
v 3.356334 0.756394 7.051654
v 3.615128 -0.782792 7.138487
v 3.356334 0.617133 6.261449
v 3.452458 0.609065 6.298756
v 3.413841 -0.593607 6.362093
v 3.299653 -0.763903 6.955294
v 3.423087 -0.747517 6.972520
v 3.386118 0.736209 7.053185
v 3.456978 -0.045795 7.683178
v 3.398264 0.735399 6.996032
v 3.478105 0.608255 6.197258
v 3.456978 0.614674 6.275833
v 3.399471 -0.756704 7.090492
v 3.446731 -0.742791 7.030218
v 3.456978 -0.759516 7.022591
v 3.334987 0.522084 6.455493
v 3.945812 0.605399 6.513986
v 3.456816 -0.625584 6.290143
v 3.456978 0.576440 6.337182
v 3.456978 -0.587335 6.443140
v 3.485731 0.739949 6.999477
v 3.485731 -0.593092 6.333340
v 3.500115 0.112355 7.684974
v 3.508418 0.579797 6.398487
v 3.359426 -0.542755 6.456774
v 3.485731 -0.540797 6.454683
v 3.500115 -0.060164 7.699947
v 3.493858 -0.742776 7.072397
v 3.476824 0.607696 6.280633
v 3.461424 0.564559 6.440711
v 3.560124 -0.757278 7.102859
v 3.605469 0.321415 7.635374
v 3.499761 -0.596448 6.418539
v 3.519563 -0.540385 6.440019
v 3.504752 0.753169 6.999286
v 3.485731 -0.589588 6.175190
v 3.505312 0.752978 7.032367
v 3.590909 -0.740862 6.971224
v 3.556502 0.556829 6.389624
v 3.547227 -0.597729 6.376476
v 3.543473 -0.577927 6.405245
v 3.515942 0.573186 6.247080
v 3.500115 0.513044 6.462736
v 3.570857 0.516489 6.404097
v 3.505371 0.586481 6.218224
v 3.482197 0.582461 6.315923
v 3.586375 0.732131 6.954985
v 3.973755 0.630648 7.481626
v 3.557621 -0.777830 7.037844
v 3.581796 0.566399 6.189574
v 3.528868 0.567282 6.275833
v 3.575406 -0.534864 6.392127
v 3.593588 -0.771868 7.016702
v 3.586375 0.740361 7.048503
v 3.694895 0.507612 6.471055
v 3.581987 -0.587571 6.333340
v 3.565071 -0.771927 6.987433
v 3.616188 -0.745897 7.067348
v 3.658265 0.290380 7.676553
v 3.586242 -0.590574 6.275833
v 3.552778 -0.586614 6.136602
v 3.643881 0.501988 6.376476
v 3.615128 0.736636 7.090256
v 3.610402 0.540369 6.318970
v 3.637020 -0.742894 7.074164
v 3.615598 0.735826 6.993382
v 3.973917 0.355498 7.503150
v 3.625787 -0.340320 7.634108
v 3.572005 0.760987 7.009091
v 3.701402 0.761340 6.965953
v 3.634886 -0.511749 6.175190
v 3.669130 0.733014 6.971195
v 3.634444 -0.525662 6.275833
v 3.658265 0.728597 7.023460
v 3.615128 -0.738771 6.970974
v 3.606220 0.492035 6.128372
v 3.155047 0.601203 7.502135
v 3.701402 -0.784559 7.080966
v 3.655438 -0.740200 6.998299
v 3.845168 -0.539899 6.500573
v 3.701402 0.761915 7.023460
v 3.672781 -0.765478 6.994854
v 3.514484 -0.532479 6.477120
v 3.658265 0.484983 6.189574
v 3.730155 0.495996 6.275833
v 3.679510 0.493625 6.186232
v 3.681644 -0.768246 7.023460
v 3.706437 0.523409 6.189574
v 3.984870 -0.606519 6.512411
v 4.055391 -0.326834 7.664097
v 3.816415 0.523085 6.299080
v 4.011326 0.608903 6.527044
v 3.787661 -0.540797 6.275833
v 3.802811 -0.515990 6.334090
v 3.960195 -0.606519 7.503740
v 3.956706 -0.541769 6.282870
v 3.888305 0.514929 6.503135
v 3.859419 -0.514620 6.434410
v 3.900024 -0.491594 6.447513
v 3.953320 -0.499176 6.498600
v 3.923404 0.737328 7.360445
v 3.909152 -0.469319 6.448367
v 3.901879 -0.488208 6.433806
v 3.990082 0.602145 7.494244
v 3.910301 -0.241001 6.440903
v 3.911242 -0.198659 6.442802
v 3.903808 0.487044 6.487588
v 3.931074 -0.463945 6.473705
v 3.963684 -0.220728 6.469847
v 3.973637 -0.477107 6.468036
v 3.991805 0.457423 6.500588
v 3.944751 -0.404172 6.468846
v 3.937405 -0.261451 6.468110
v 4.002434 -0.648817 7.467935
v 3.975728 0.748959 6.677892
v 3.997753 -0.448354 7.491682
v 3.974565 -0.390848 6.477518
v 4.060839 0.307326 7.664687
v 3.998430 -0.477122 6.512130
v 4.008146 0.333105 7.488090
v 4.030863 0.332708 7.582829
v 4.054699 0.522820 6.232696
v 3.963862 0.460661 6.485188
v 3.997443 -0.628838 6.526823
v 4.013255 -0.606519 7.479756
v 4.099147 0.194610 7.706955
v 4.008132 0.219256 6.484658
v 4.047735 -0.334328 6.536835
v 4.054316 -0.542122 6.208330
v 4.025004 -0.599628 6.527354
v 4.011297 0.623493 7.462958
v 3.962639 -0.267355 6.470893
v 4.131875 0.356058 6.597374
v 4.040212 0.335549 7.544771
v 4.180739 0.586819 7.228398
v 4.132714 -0.405232 6.480727
v 3.994440 -0.237777 6.483142
v 4.057320 -0.238248 6.483318
v 4.019851 -0.347725 7.469171
v 4.081538 -0.353585 7.374637
v 4.054537 0.596948 7.420262
v 4.117933 0.507067 6.333237
v 4.046705 -0.305427 6.522319
v 4.037120 0.313642 7.444187
v 4.075208 0.305132 7.402699
v 4.047309 0.296284 7.454625
v 4.081229 0.604354 7.373842
v 4.161482 -0.781143 6.894063
v 4.189720 0.748370 6.865398
v 4.132685 -0.620903 6.620974
v 4.080759 -0.339172 7.584183
v 3.979761 0.246183 6.484864
v 4.090343 0.572435 6.576100
v 4.136263 -0.281989 7.526677
v 4.165045 -0.408309 6.630957
v 4.057216 0.512029 6.175190
v 4.199731 -0.606519 7.192593
v 4.054979 -0.528283 6.298638
v 4.118345 -0.781379 6.980338
v 4.060839 0.500221 6.304586
v 4.107686 -0.528106 6.338007
v 4.099810 0.297668 7.584183
v 4.074104 -0.507877 6.303659
v 4.025917 -0.513163 6.311977
v 4.086191 -0.319340 7.626938
v 4.139163 0.607269 6.628718
v 4.077695 0.488384 6.203943
v 4.063401 0.290999 7.430377
v 4.118345 0.217636 6.485174
v 4.101355 0.254148 6.491003
v 4.141047 -0.399446 7.304278
v 4.085440 0.284226 7.669722
v 4.185627 0.500560 7.235700
v 4.111013 0.248745 7.616735
v 4.090269 0.242237 7.696649
v 4.134348 0.183200 7.683826
v 4.108084 0.286935 7.541047
v 4.189323 0.245373 7.540252
v 4.156609 -0.002658 7.694117
v 4.089150 0.254987 6.502605
v 4.209168 0.405467 6.658251
v 4.156256 -0.146438 7.693896
v 4.319632 0.658503 6.850927
v 4.218989 -0.503269 6.304586
v 4.218989 0.299273 6.487824
v 4.017701 0.466948 6.472099
v 4.141784 0.493242 6.455051
v 4.190088 -0.045972 7.656029
v 4.197685 0.496570 7.217989
v 4.219872 0.458188 6.485350
v 4.228205 0.261583 6.497467
v 4.218989 0.155492 7.626555
v 4.157154 0.126739 7.683120
v 4.252556 0.533155 7.080966
v 4.199644 0.543682 7.207345
v 4.271371 0.460750 6.497246
v 4.235095 0.601203 7.080966
v 4.331175 0.626379 6.796761
v 4.320957 -0.319311 6.518858
v 4.305204 0.612319 6.965747
v 4.297357 0.405260 6.513352
v 4.362755 0.309682 6.538248
v 4.327332 0.478903 6.527383
v 4.147098 0.486249 6.002656
v 3.931442 -0.625629 6.514221
v 3.226938 0.607151 6.513499
v 3.477339 0.050829 7.692659
v 3.888305 -0.774003 7.350154
v 3.931442 0.759044 6.678407
v 3.667952 -0.252353 7.706042
v 3.594089 0.565633 6.290202
v 3.663491 0.236289 7.707117
v 3.633192 0.502886 6.261449
v 3.154900 0.514855 6.501236
v 3.960195 -0.773340 6.682927
v 3.629512 0.759898 7.124104
v 3.888305 0.759515 7.339774
v 3.758908 -0.315836 7.680734
v 3.658265 -0.781202 6.951570
v 3.787661 0.490313 6.376476
v 3.802031 -0.285729 7.708266
v 3.902674 -0.780790 7.325390
v 3.888305 0.491652 6.433983
v 4.161482 0.760442 6.908447
v 4.129064 -0.160808 7.707588
v 3.931442 0.496010 6.316938
v 4.129785 0.112355 7.707367
v 4.319632 0.500942 6.333340
v 3.500586 0.399210 5.984797
v 3.530075 -0.487663 6.001920
v 3.205251 0.507700 6.024283
v 3.356334 -0.612658 6.155197
v 3.399471 -0.626144 6.154990
v 3.346352 0.565398 6.095909
v 3.521772 0.550940 6.096056
v 3.371130 0.588821 6.147776
v 3.500115 -0.368661 5.763546
v 3.428254 -0.329882 5.802032
v 3.544033 -0.373858 5.843093
v 3.383968 -0.598951 6.145700
v 3.456301 -0.596669 6.147187
v 3.356334 -0.548997 6.074487
v 3.520565 -0.569212 6.096763
v 3.453341 -0.616059 6.164413
v 3.500115 0.503357 6.058086
v 3.496081 0.363831 5.866855
v 3.678184 -0.383545 5.707836
v 3.549229 0.321062 5.821215
v 3.442594 0.335608 5.780478
v 3.486143 0.576086 6.175234
v 3.974565 0.625952 5.427563
v 3.471362 -0.622713 6.261449
v 3.508536 0.307267 5.795008
v 3.497171 0.475045 6.011180
v 3.489559 -0.584464 6.096763
v 3.566970 -0.599996 6.232696
v 3.529383 0.384399 5.959577
v 3.519799 0.466403 5.994102
v 3.549598 0.384222 5.887908
v 3.544459 0.385532 5.930765
v 3.556665 0.470128 5.958724
v 3.549774 -0.462738 5.980439
v 3.514484 -0.323271 5.811056
v 3.586375 -0.311567 5.808819
v 3.573640 -0.313952 5.795392
v 3.564614 -0.398356 5.937626
v 3.591189 0.547304 6.160806
v 3.550260 -0.498661 6.053095
v 3.540057 -0.419601 5.983296
v 3.590438 -0.461678 5.916279
v 3.484892 -0.515651 6.045307
v 3.615128 -0.376478 5.845478
v 3.572285 -0.486765 5.974330
v 3.672634 0.323241 5.815753
v 3.673532 -0.509850 6.146068
v 3.618514 -0.485779 5.905487
v 3.605573 -0.432601 5.873774
v 3.579528 0.435618 5.866384
v 3.586375 -0.388492 5.859729
v 3.644852 -0.447191 5.854547
v 3.859551 -0.355705 5.795303
v 3.666598 0.435795 5.851720
v 3.578130 0.465240 5.922595
v 3.744524 -0.337729 5.824807
v 3.672634 -0.505919 6.232696
v 3.198184 -0.985419 4.636799
v 4.362755 -0.983564 4.895592
v 3.711841 -0.311081 5.793669
v 4.017701 -0.376478 5.846317
v 3.715771 -0.512780 6.125147
v 3.744716 -0.332429 5.807331
v 3.730155 0.521701 6.154784
v 4.028125 0.495201 6.138192
v 3.845168 -0.370133 5.727609
v 4.033382 -0.433985 5.852883
v 4.477782 -0.449017 5.689934
v 4.118345 -0.496129 5.988286
v 3.954129 -0.326024 5.808495
v 4.032086 -0.702716 5.352036
v 2.450558 -0.806849 5.154386
v 3.988948 0.436634 5.851087
v 3.693540 0.637126 5.377212
v 4.041111 0.635831 5.390389
v 3.926216 0.522069 6.153812
v 4.072028 -0.500339 6.150956
v 4.033219 0.519257 6.161071
v 3.484862 -0.976600 4.940157
v 4.319632 -0.975746 4.935888
v 4.060839 -0.490829 5.930765
v 3.586375 0.333827 5.839869
v 4.072691 0.334931 5.837851
v 3.643881 -0.468524 5.867562
v 4.003317 0.682707 5.350814
v 4.304526 0.944033 4.954174
v 4.046455 -0.459396 5.863645
v 4.049811 -0.367615 5.853163
v 4.060206 0.442111 5.888526
v 4.064799 -0.448354 5.868710
v 4.177030 -0.352186 5.772616
v 4.088782 0.480066 5.973918
v 4.042215 -0.529210 6.152282
v 4.090726 -0.391716 5.902012
v 4.083055 -0.513619 6.237039
v 4.175851 -0.376478 5.716346
v 4.099618 0.593415 5.448277
v 4.104256 0.458792 5.955279
v 4.161482 0.334209 5.791048
v 4.218989 0.486176 6.304586
v 4.093538 -0.462738 5.929484
v 3.974565 -0.335771 5.801369
v 4.126413 -0.325273 5.809113
v 4.025430 0.320679 5.809923
v 4.047823 0.357074 5.853590
v 4.108908 0.388933 5.926452
v 4.103962 -0.506832 6.275833
v 4.128960 -0.471954 5.965864
v 4.094804 -0.395397 5.926098
v 4.152869 -0.397355 5.953158
v 4.204605 0.563558 5.518990
v 4.047883 -0.648213 5.400591
v 4.175851 -0.583787 5.504945
v 4.175851 -0.462738 5.972416
v 4.179606 0.313642 5.806816
v 4.145700 0.374814 5.917795
v 4.204605 0.595167 5.493461
v 4.175851 0.361770 5.719938
v 4.192988 0.333429 5.748338
v 4.204605 0.479771 5.994632
v 4.175851 -0.304588 5.803754
v 4.170655 -0.376832 5.960211
v 4.168828 -0.300230 5.836040
v 4.169977 0.312906 5.831079
v 4.178148 0.212998 5.787000
v 4.173495 0.371222 5.959489
v 4.184332 -0.236791 5.767831
v 4.224715 -0.324140 5.778093
v 4.249229 0.313745 5.800560
v 4.195726 -0.169936 5.750841
v 4.220048 -0.263115 5.764695
v 4.176941 0.284889 5.815753
v 4.348385 -0.512132 6.088931
v 4.185450 -0.031411 5.753035
v 4.240513 0.043910 5.765460
v 4.220078 0.313642 5.733984
v 4.300905 0.874366 5.005909
v 4.257002 -0.599025 5.520698
v 4.190632 -0.344692 5.743524
v 4.241013 0.227382 5.764548
v 4.182418 0.224158 5.764533
v 4.219518 -0.271845 5.771320
v 4.244296 -0.260715 5.785763
v 4.289583 -0.752566 5.226703
v 4.225319 0.318235 5.751504
v 4.225143 0.277086 5.739770
v 4.232003 -0.280973 5.751828
v 4.230148 -0.779038 5.110483
v 4.190235 0.788165 5.140016
v 4.255795 0.724490 5.090254
v 4.241852 0.256136 5.791240
v 4.250318 0.284889 5.813088
v 4.276495 0.212998 5.845169
v 4.278762 -0.196642 5.841826
v 4.197876 0.795556 5.104285
v 4.305278 0.646210 5.154400
v 4.287095 -0.890061 5.020027
v 4.237126 0.274406 5.751489
v 4.309149 0.720692 5.255029
v 4.250996 -0.318957 5.800073
v 4.233844 -0.326966 5.762413
v 4.258268 -0.338038 5.789429
v 4.280735 -0.340776 5.765107
v 4.265100 0.687698 5.111631
v 4.252836 -0.721531 5.101826
v 4.266454 -0.697519 5.115783
v 4.391523 0.688523 5.341288
v 4.235463 -0.305206 5.747367
v 4.314685 -0.282696 5.722176
v 4.285696 0.305265 5.836423
v 4.287890 -0.304588 5.849336
v 4.314406 0.810911 5.018423
v 4.291600 0.284373 5.848422
v 4.420585 0.482230 5.987963
v 4.343041 0.954324 4.932634
v 4.334001 -0.348859 5.787000
v 4.393172 -0.304588 5.887643
v 4.375563 0.112355 5.887908
v 4.397382 0.306722 5.866428
v 4.372089 0.968178 4.889703
v 4.276495 0.273258 5.733881
v 4.442507 0.334548 5.810438
v 4.340817 0.564838 5.190942
v 4.362548 0.630089 5.229176
v 4.367628 -0.712757 5.283782
v 4.296945 -0.670326 5.148879
v 4.362755 0.241766 5.872022
v 4.350829 -0.969121 4.928542
v 4.343394 -0.620888 5.201321
v 4.366862 -0.582786 5.205988
v 4.399517 0.227382 5.905266
v 4.401327 0.956444 4.881209
v 5.118994 -0.702524 5.366950
v 4.394467 -0.267561 5.735397
v 4.329025 0.946256 4.785674
v 4.314715 -0.901912 4.727814
v 4.415005 -0.952249 4.880811
v 4.395571 -0.898614 4.823702
v 4.393113 0.112355 5.945149
v 4.381923 0.126739 5.902012
v 4.399782 0.954854 4.858183
v 4.263952 -0.284197 5.736104
v 4.434645 -0.507406 5.988286
v 4.397455 -0.362095 5.964833
v 4.390889 -0.102226 5.959533
v 4.366038 0.878488 4.791150
v 4.370941 -0.045795 5.879914
v 4.384146 -0.012095 5.895387
v 4.374165 -0.965042 4.823570
v 4.377139 -0.045795 5.976877
v 4.400267 0.428669 5.968425
v 4.391714 -0.017042 5.959533
v 4.419834 0.890428 4.909947
v 4.449029 0.880328 4.943426
v 4.341496 -0.340467 5.851588
v 4.406024 -0.333341 5.902012
v 4.426680 -0.913440 4.895592
v 4.414637 0.331162 5.870050
v 4.375843 0.269091 5.740211
v 4.464738 0.263158 5.743288
v 4.411943 0.935612 4.884123
v 4.434144 -0.477932 5.915160
v 4.387341 -0.448354 5.967792
v 4.457685 -0.570522 5.204707
v 4.510245 -0.512824 6.132053
v 4.454255 -0.886733 4.874333
v 4.498702 -0.412843 5.708440
v 4.607414 0.491329 5.945974
v 4.464325 -0.333047 5.775384
v 4.514471 -0.483497 5.738297
v 4.354701 -0.583875 5.189602
v 4.585581 -0.570507 5.190338
v 4.485850 0.276394 5.721764
v 4.486836 -0.318957 5.753771
v 4.486763 0.399916 5.706246
v 4.486350 0.284889 5.740035
v 4.507610 0.483570 6.160923
v 4.520919 0.479374 6.296666
v 4.471613 -0.267060 5.737576
v 4.499542 -0.357589 5.736987
v 4.489560 0.432276 5.690920
v 4.512954 -0.457246 5.703567
v 4.492166 -0.507244 6.290202
v 4.535185 0.480684 5.759013
v 4.527632 -0.469201 6.181403
v 4.526749 -0.468789 6.270091
v 4.541707 0.449693 6.153253
v 4.564041 -0.509305 5.743863
v 4.579103 -0.501753 5.643572
v 4.535082 -0.453713 6.205283
v 4.607179 -0.452579 6.164443
v 5.482303 0.558066 5.208609
v 4.621562 -0.494877 6.135041
v 4.739328 -0.440890 6.167578
v 4.613730 -0.513428 5.806301
v 4.572787 0.464460 5.664714
v 4.593928 -0.517859 5.887643
v 4.682676 -0.514326 6.011269
v 4.650315 0.530520 5.930765
v 4.664685 -0.530388 5.762030
v 4.851603 -0.570507 5.190294
v 4.808466 0.489621 6.103299
v 4.830004 0.478976 6.124853
v 4.707822 0.494759 5.733439
v 4.909109 -0.503681 5.643219
v 4.632619 -0.539973 5.830122
v 4.535289 0.443672 6.175190
v 4.779712 0.429391 6.189574
v 4.592794 0.489282 5.801369
v 4.657132 0.522290 5.793875
v 4.624831 0.524513 5.858890
v 4.664685 -0.547069 5.815753
v 4.697561 -0.513722 5.734970
v 4.707822 0.531183 5.801369
v 4.765328 0.495539 6.029053
v 4.722191 -0.511632 5.912878
v 4.693570 0.524911 5.916043
v 4.681748 -0.542696 5.969810
v 4.736575 -0.507907 5.887643
v 4.771820 -0.570551 5.204648
v 4.837219 -0.508952 6.088931
v 4.808466 -0.484954 6.139915
v 4.715640 0.522055 5.765549
v 5.397943 0.691379 5.326919
v 4.713093 0.506728 5.847730
v 4.722191 0.496540 5.902012
v 4.750959 -0.550381 5.787000
v 5.728626 0.504167 5.631441
v 4.750959 -0.526457 5.835938
v 4.736575 -0.468877 6.270150
v 4.894725 -0.507715 5.787000
v 4.687755 0.521392 5.994882
v 4.736575 0.532508 5.988286
v 4.750959 -0.530874 5.919709
v 4.822835 0.530152 5.801369
v 4.808672 0.497851 5.742758
v 4.776031 0.505757 5.902012
v 4.798631 -0.541489 5.994809
v 4.707822 -0.540370 5.940350
v 4.794082 -0.550485 5.930765
v 4.794141 -0.535674 5.760264
v 4.765314 -0.462738 6.304586
v 4.779815 0.525323 5.915454
v 4.822835 -0.549277 5.945149
v 4.829755 0.493301 6.009620
v 4.828444 -0.411739 6.181182
v 5.476840 -0.514841 5.638169
v 4.758924 0.507361 5.836939
v 4.852883 0.525897 5.917485
v 4.909595 -0.448840 6.132229
v 4.871772 0.492786 5.798159
v 4.794509 0.525647 5.989229
v 4.834348 0.514414 5.959533
v 4.855813 -0.333341 6.221478
v 4.854636 0.253589 6.189220
v 4.859759 0.522997 5.834347
v 4.874702 -0.529093 5.913717
v 5.006249 0.480684 5.916397
v 4.426577 0.866681 4.866839
v 4.862350 -0.088917 6.189574
v 4.920564 0.480360 6.070777
v 5.417745 -0.901102 4.929557
v 4.881666 0.415552 6.157891
v 5.282915 0.887646 4.924345
v 4.937862 -0.510719 6.017040
v 5.007824 0.230975 6.059338
v 4.866457 -0.512059 5.989567
v 4.961977 -0.444585 6.098176
v 4.890455 0.494700 5.873259
v 4.970075 -0.496085 6.033927
v 4.981000 -0.480464 5.659105
v 5.003760 -0.499530 5.776650
v 4.981146 0.468788 6.030496
v 5.045219 -0.424253 5.994279
v 5.001405 -0.497896 5.978599
v 5.031012 -0.469466 5.965408
v 4.785071 0.464489 5.664567
v 5.017202 -0.498897 5.887643
v 5.051064 -0.419527 5.713755
v 5.047295 0.414285 5.985224
v 5.058984 -0.045795 5.960697
v 5.003083 0.479344 5.792521
v 5.045396 0.435265 5.830122
v 5.088724 -0.570566 5.204707
v 5.469832 -0.620888 5.222168
v 5.060236 -0.413167 5.939231
v 5.032102 -0.471159 5.955823
v 5.426696 -0.707722 5.326919
v 5.056173 -0.321607 5.973918
v 5.041715 0.328026 5.743863
v 5.056452 -0.322270 5.758246
v 5.061974 0.349594 5.873259
v 5.071837 -0.175191 5.863748
v 5.062606 0.028628 5.902145
v 5.062385 -0.022253 5.902027
v 5.074016 0.262540 5.851381
v 5.072515 -0.309800 5.820626
v 5.038226 0.426225 5.700814
v 5.052021 0.277292 5.716214
v 5.045234 -0.350685 5.721852
v 5.136263 -0.310845 5.735353
v 5.059868 -0.311655 5.736663
v 5.073619 -0.281371 5.850969
v 5.059456 0.305383 5.815753
v 5.167902 0.273287 5.835186
v 5.211039 0.299273 5.718275
v 3.557621 -0.369824 5.726298
v 3.902674 -0.370339 5.768096
v 3.689875 0.494788 6.136410
v 3.960195 -0.511985 6.139620
v 3.709691 -0.541651 6.155506
v 4.060839 0.474471 5.930765
v 4.063445 0.489665 6.160806
v 4.159818 -0.345208 5.815753
v 4.204605 0.399916 5.975596
v 4.334001 -0.715289 5.335768
v 4.376579 0.498263 5.630263
v 4.438031 0.443436 5.873613
v 4.534523 -0.502769 6.146863
v 4.635932 -0.507627 5.743863
v 4.730480 -0.541754 5.995265
v 4.794082 -0.514341 6.025667
v 4.808466 -0.549115 5.815753
v 4.870006 -0.539560 5.873259
v 4.865972 -0.501282 6.100635
v 4.860966 -0.196760 6.218327
v 5.239792 0.881315 4.945473
v 4.859848 -0.387358 6.169624
v 5.007603 -0.304588 6.059220
v 5.013433 0.414285 6.048311
v 5.033971 -0.474472 5.815753
v 5.056320 0.414285 5.945149
v 5.081643 -0.980589 4.536156
v 5.055481 -0.887528 4.615937
v 4.463397 -0.887145 4.631307
v 5.412327 0.863250 4.881209
v 5.139149 0.954030 4.573904
v 5.114754 0.868094 4.631013
v 4.995369 0.938247 4.457905
v 5.124766 0.601203 4.389313
v 5.156890 0.593312 4.401091
v 5.167902 0.940308 4.469698
v 5.232549 0.867211 4.715903
v 5.072971 0.594078 4.385117
v 5.168211 0.875485 4.417153
v 5.200159 0.939440 4.630807
v 5.386724 -0.927530 4.665552
v 5.153518 -0.961450 4.466503
v 5.221536 0.922464 4.670632
v 5.219431 -0.945461 4.499025
v 5.253146 0.887366 4.496964
v 5.152458 -0.963202 4.594854
v 5.257136 -0.932682 4.704302
v 5.562600 -0.857214 4.774116
v 5.326155 0.903620 4.751679
v 5.154225 -0.612349 4.392183
v 5.449795 0.816859 4.657013
v 5.461970 -0.915604 4.844946
v 5.162249 -0.885644 4.657189
v 5.431230 -0.614851 4.171978
v 5.584845 0.582653 4.334868
v 5.586392 -0.822175 4.779034
v 5.275127 -0.613261 4.500733
v 5.419894 -0.614086 4.629114
v 5.464385 0.593150 4.210684
v 5.484202 0.877458 4.895592
v 5.642352 0.632533 4.076075
v 5.416522 -0.640881 3.855502
v 5.395822 -0.612481 4.564909
v 5.421822 -0.627042 4.521772
v 5.439711 0.894344 4.822289
v 5.373209 -0.369117 3.781594
v 5.627982 -0.365363 3.817282
v 5.469362 -0.591148 3.849878
v 5.417199 0.595123 4.504796
v 5.397943 0.581770 3.808110
v 5.511306 0.558066 3.877365
v 5.383559 0.624759 3.850099
v 5.421498 0.623611 3.865984
v 5.405274 0.388271 3.795640
v 5.473264 0.848439 4.690757
v 5.445776 -0.368661 3.811835
v 5.556093 -0.620255 4.593662
v 5.612568 0.868153 4.923404
v 5.518550 -0.368661 3.883327
v 5.541723 0.600555 4.550525
v 5.412327 0.586805 4.449881
v 5.484202 0.620549 4.449881
v 5.603146 0.359974 3.956926
v 5.459012 0.610523 4.439988
v 5.527339 0.593827 4.399854
v 5.438267 -0.886144 4.876644
v 5.504857 -0.900661 4.760734
v 5.484555 0.625908 4.191073
v 5.662610 -0.368823 4.012268
v 5.642263 0.831258 4.852500
v 5.541723 0.874896 4.794949
v 5.629175 -0.614822 4.350018
v 5.412327 -0.607564 4.449881
v 5.469832 -0.636405 4.449881
v 5.522113 -0.628455 4.427797
v 5.613598 0.628970 4.291731
v 5.640541 -0.604884 4.005687
v 5.599229 -0.893152 4.881208
v 5.541723 -0.883214 4.955307
v 5.588615 -0.640483 3.999960
v 5.758395 -0.578266 4.092108
v 5.691864 0.744969 4.874804
v 5.584845 -0.622345 4.449881
v 5.569151 -0.615676 4.477766
v 5.562717 0.349506 3.910991
v 5.613819 -0.883303 4.865690
v 5.565500 -0.603486 4.507402
v 5.578368 -0.585524 4.526674
v 5.589027 -0.583772 4.498039
v 5.699505 0.625687 4.105153
v 5.662668 0.561600 4.012429
v 5.642101 0.854873 4.896785
v 5.599229 -0.577854 4.521772
v 5.613598 -0.587953 4.490339
v 5.654277 0.352627 3.992569
v 5.685489 0.344383 3.572858
v 5.850456 -0.615161 4.888231
v 5.685489 0.594446 4.712444
v 5.650405 -0.873012 4.938729
v 5.699564 -0.839489 4.981587
v 5.670663 0.349020 3.787439
v 5.665216 -0.368940 3.874788
v 5.605752 0.565045 4.513984
v 5.699873 0.592694 4.493018
v 5.757320 -0.582933 4.680658
v 5.627982 0.558464 4.550525
v 5.622108 0.594240 4.800617
v 5.701257 0.593518 4.865971
v 5.703686 0.821276 4.938729
v 5.901057 -0.614734 4.376872
v 5.685489 -0.609610 4.493018
v 5.712181 0.592164 4.550525
v 5.736591 0.161749 3.371571
v 5.742745 0.787915 4.996015
v 5.742995 0.572980 4.665552
v 5.671120 0.562925 4.608046
v 5.755981 0.349344 3.701636
v 5.720087 0.380159 3.857681
v 5.685489 0.353216 3.889172
v 5.771763 0.593665 4.355907
v 5.761193 -0.780215 4.938980
v 5.719998 -0.381823 4.055301
v 5.747264 -0.614675 4.604998
v 5.772426 0.500898 4.094081
v 5.752476 0.773722 4.941542
v 5.771763 0.701847 4.936079
v 5.746190 0.372297 3.904675
v 5.699225 0.355513 4.036059
v 5.814886 0.575733 4.766196
v 5.735251 0.180638 3.433244
v 5.706218 0.163752 3.463911
v 5.737239 0.241767 3.453075
v 5.734589 0.414315 3.846757
v 5.749753 -0.399019 3.809332
v 5.767052 0.443039 3.907473
v 5.685489 0.275349 3.495608
v 5.728803 0.284963 3.486863
v 5.786147 0.310506 3.472494
v 5.699873 -0.390288 3.817282
v 5.780228 -0.395765 3.754122
v 5.829269 -0.382750 3.710631
v 5.887320 -0.614189 4.535861
v 5.778226 -0.627498 4.931883
v 5.737121 -0.391966 3.890247
v 5.800619 -0.366850 3.975020
v 5.754332 -0.378952 3.932295
v 5.754258 0.273140 3.429092
v 5.761089 -0.472720 3.831651
v 5.762282 0.759574 4.952642
v 5.744939 -0.448354 3.874788
v 5.699873 -0.275835 3.482888
v 5.842785 -0.562645 4.148142
v 5.786132 -0.457688 3.927171
v 5.759249 -0.474074 3.874788
v 5.757040 -0.803580 4.954335
v 5.775871 0.371163 3.734806
v 5.735767 0.392835 3.824408
v 5.758101 0.454198 3.860404
v 5.781436 -0.793422 4.948211
v 5.768892 -0.448354 3.786983
v 5.781524 0.621270 4.946533
v 5.807671 0.608358 4.931766
v 5.764417 -0.369250 4.068935
v 5.786132 0.601925 4.622415
v 5.742995 -0.363655 3.572858
v 5.856683 0.759574 4.883314
v 5.829269 0.430598 3.951066
v 5.843639 0.345045 3.486598
v 5.775311 -0.419601 3.941953
v 5.763047 0.451401 3.821552
v 5.857743 0.466080 3.787542
v 5.843639 -0.493066 3.874788
v 5.752300 0.349315 3.951935
v 5.807009 -0.470261 3.766386
v 5.843639 -0.596036 4.809333
v 5.842829 -0.463945 3.944176
v 5.915529 -0.649111 4.320485
v 5.918076 -0.640027 4.289081
v 5.770777 -0.490549 4.085778
v 6.088063 -0.485852 4.096834
v 5.843639 0.418732 3.725575
v 5.822189 0.251925 4.363622
v 5.835350 0.307061 4.500969
v 5.821967 -0.304588 4.381657
v 5.804550 -0.342734 3.472214
v 5.858023 -0.366114 3.368715
v 5.821834 -0.326539 4.486923
v 5.830315 0.298110 4.352889
v 5.822055 0.292132 4.372117
v 5.872407 0.303749 4.343422
v 5.800516 0.451813 3.926700
v 5.964216 0.449664 3.939170
v 5.800516 0.457423 4.086514
v 5.813605 0.359959 3.702475
v 5.914573 0.414580 3.730183
v 5.916427 0.450871 3.903600
v 5.858023 -0.368749 3.995984
v 6.024049 0.349712 3.983161
v 5.915529 0.601218 4.579293
v 5.895301 0.363655 3.709645
v 5.748458 0.868079 5.058733
v 5.836572 -0.455612 3.738163
v 5.831978 -0.470997 3.751413
v 5.879959 -0.470173 3.766651
v 5.987420 -0.371473 3.673501
v 6.030557 0.345207 3.500968
v 5.909464 -0.425122 3.740077
v 5.822276 -0.238984 4.342318
v 5.839694 -0.326333 4.341921
v 5.963598 -0.807805 4.800249
v 5.925658 -0.427330 3.968556
v 5.944886 -0.567769 4.233990
v 5.901646 0.601586 4.838572
v 5.958666 -0.382647 3.695909
v 5.866002 -0.484424 3.925331
v 5.929913 -0.471395 3.928614
v 5.929913 -0.468715 3.813145
v 5.930870 -0.622993 4.810157
v 5.853400 0.601203 4.890705
v 6.001804 -0.365849 3.500967
v 5.950613 0.550072 4.256559
v 6.204121 -0.318972 4.341685
v 5.902337 0.454125 3.832240
v 6.001023 -0.889530 4.851586
v 5.925187 0.433660 3.740828
v 5.968869 -0.616177 4.309001
v 5.944430 -0.563381 4.378006
v 5.917090 0.589263 4.536156
v 5.901160 0.595344 4.392375
v 5.947050 0.543682 4.406759
v 5.973036 0.463886 3.739311
v 5.929913 -0.561865 4.191088
v 5.959122 0.587555 4.582046
v 5.958666 0.554282 4.374163
v 5.941603 0.500560 4.521772
v 5.951069 -0.526752 4.545975
v 5.952262 -0.527841 4.458553
v 5.943958 -0.466065 3.743964
v 5.975759 -0.610229 4.589996
v 5.962818 -0.539457 4.369216
v 5.966779 -0.484203 3.753077
v 5.973977 0.552368 4.377004
v 5.949185 0.486176 4.561272
v 5.949980 0.478255 4.536156
v 5.978910 0.478343 4.587655
v 5.965600 0.536188 4.443050
v 6.260626 0.863309 4.637123
v 5.986639 -0.529343 4.464619
v 5.992101 0.493728 4.486246
v 6.008826 -0.484292 3.896313
v 5.992778 -0.469039 3.924271
v 5.988965 -0.496188 4.536156
v 6.036902 -0.597567 4.615642
v 6.016172 -0.290204 4.623181
v 6.072736 -0.367777 3.960135
v 5.928867 -0.602926 4.551541
v 5.958534 0.530240 4.493313
v 5.952630 0.551824 4.474733
v 6.030557 0.345973 2.983381
v 6.016172 -0.493228 3.788529
v 5.973036 -0.471925 3.736602
v 5.920609 -0.326863 4.558607
v 6.041171 0.466300 3.860404
v 5.993412 -0.369073 3.982336
v 5.987700 -0.577971 4.362385
v 6.000758 0.569697 4.320485
v 6.102564 -0.622257 4.680363
v 5.994368 -0.498470 4.586713
v 6.006515 0.550528 4.426193
v 5.958666 -0.616221 4.343525
v 6.001804 -0.590294 4.349252
v 5.980883 -0.540768 4.370291
v 6.012492 0.349889 3.677859
v 6.057897 0.351818 3.703388
v 5.992233 -0.548747 4.392139
v 6.004792 0.535231 4.455402
v 5.910920 0.865665 4.919517
v 6.059309 0.284889 4.640583
v 6.011815 0.305986 4.613655
v 6.033707 -0.553974 4.294426
v 6.035488 -0.482613 3.769463
v 7.252647 0.465682 4.097217
v 6.036313 0.528312 4.377682
v 6.015171 0.554032 4.378006
v 6.016202 0.457761 3.903541
v 6.050830 0.419762 3.909327
v 6.052714 -0.325951 4.629187
v 6.073679 -0.335446 3.040887
v 6.020501 0.462870 3.754549
v 6.029850 -0.538103 4.435512
v 6.030557 0.496290 4.478649
v 6.094570 0.478697 4.629865
v 6.000508 -0.625393 4.765504
v 6.030321 0.528474 4.306454
v 6.059309 -0.304588 4.638580
v 6.035238 -0.561983 4.349944
v 6.035959 -0.539501 4.311224
v 6.051831 0.493198 4.439517
v 6.016260 0.538132 4.291378
v 6.056204 -0.475635 3.817282
v 6.143125 0.601203 4.661062
v 6.048223 -0.526354 4.323282
v 6.059309 0.496570 4.334868
v 6.294179 0.788106 4.541573
v 6.063992 -0.451593 3.874788
v 6.073679 -0.334578 3.457845
v 6.040053 0.466183 3.788529
v 6.068173 0.439196 3.846035
v 6.098958 0.351965 3.747968
v 6.109897 -0.384105 3.821390
v 6.059309 -0.527944 4.486894
v 6.303219 -0.525647 4.492695
v 6.044337 -0.390318 3.716859
v 6.131200 -0.500236 4.643012
v 6.144170 -0.593548 4.655276
v 6.059309 0.319664 3.467135
v 6.058015 0.318147 3.039754
v 5.853841 0.538309 4.153707
v 6.102432 0.536321 4.283708
v 6.106613 0.320532 3.004508
v 6.056070 0.594902 4.628466
v 6.090580 -0.390376 3.903424
v 6.097986 -0.402949 3.846035
v 6.163236 0.500560 4.643203
v 6.203075 -0.189561 4.639111
v 6.318103 0.872275 5.024989
v 6.112694 0.350581 3.886493
v 6.304750 -0.887999 4.608767
v 6.214059 -0.807805 4.603762
v 6.634888 0.348873 3.501277
v 6.342381 -0.556211 4.284576
v 6.102432 0.346297 3.716639
v 6.127137 -0.369647 3.874788
v 6.235863 0.304455 4.612536
v 6.317132 0.495407 4.335914
v 6.181831 -0.498484 4.629791
v 6.196407 -0.326289 4.629850
v 6.447500 -0.339260 3.002358
v 6.591281 -0.336124 3.155915
v 6.260596 -0.499927 4.536156
v 6.211924 -0.313849 4.630630
v 6.203075 0.306943 4.630733
v 6.242723 0.492654 4.562332
v 6.256180 -0.327099 4.588435
v 6.318103 0.849823 4.574714
v 6.577294 -0.343029 3.471625
v 6.468450 0.320900 3.005170
v 6.232609 -0.886306 4.968174
v 6.278440 -0.871495 4.979290
v 6.159953 -0.339642 3.003595
v 6.293163 -0.517403 4.521772
v 6.246065 -0.506596 4.575553
v 6.605650 0.347519 2.983381
v 6.303719 0.497880 4.478649
v 6.327290 0.520789 4.487026
v 6.375609 -0.509894 4.461085
v 6.343764 0.840887 4.967483
v 6.408412 0.850501 4.913819
v 6.333252 0.307650 4.522832
v 6.461884 -0.361918 2.969012
v 6.476253 -0.888117 4.850011
v 6.505006 0.318103 3.470462
v 6.375609 -0.853239 4.979055
v 6.361240 0.487869 4.449881
v 6.380791 -0.843051 4.958929
v 6.433116 0.865061 4.869077
v 6.461884 -0.513280 4.327949
v 6.331530 -0.550057 4.509876
v 6.313700 -0.811736 4.529898
v 6.505006 -0.333533 3.457845
v 6.446749 0.798294 4.939510
v 6.450282 -0.812870 4.947004
v 6.339245 0.292412 2.630525
v 6.246213 0.346518 2.796478
v 6.447500 -0.367556 2.566438
v 6.404363 -0.885276 4.899155
v 6.332487 0.547569 4.515868
v 6.447500 -0.869596 4.886185
v 6.711829 0.350154 2.786746
v 6.496879 -0.780348 4.930779
v 6.016172 -0.366379 2.983381
v 6.466815 0.765610 4.931869
v 6.476871 0.816197 4.897757
v 6.505006 -0.830287 4.903366
v 6.545625 -0.339731 3.045422
v 6.714096 -0.513045 4.327655
v 6.591295 0.322682 3.459259
v 6.580930 0.869522 4.849261
v 7.008223 -0.807805 4.941158
v 6.605650 0.753081 4.930838
v 6.683311 -0.776417 4.931456
v 6.634403 0.788106 4.925332
v 6.648786 0.357280 3.443461
v 6.576896 0.314216 3.098408
v 6.678350 0.353584 2.882738
v 7.698579 -0.808483 4.527381
v 6.635816 -0.368145 3.027769
v 6.850073 0.745632 4.933165
v 6.331589 -0.327158 4.522051
v 7.678762 -0.887131 4.585815
v 7.131127 0.793966 4.916601
v 7.105672 0.750461 4.931928
v 7.123236 -0.822175 4.910595
v 6.778183 0.478756 4.443212
v 7.619211 0.867181 4.586462
v 6.860202 -0.771264 4.931942
v 7.698343 -0.327496 4.516486
v 7.324523 0.867726 5.029936
v 6.965086 0.347445 3.644748
v 7.062153 -0.512927 4.327537
v 7.003188 -0.776284 4.930647
v 7.381439 0.487310 4.465443
v 7.460604 -0.498779 4.370968
v 7.166432 0.868359 4.867090
v 7.108867 -0.782203 4.929763
v 5.096012 -0.879858 4.636799
v 5.354805 0.910789 4.746983
v 5.661476 -0.642869 4.313874
v 5.315511 0.592856 4.536156
v 5.354791 0.913027 4.637270
v 5.602571 0.601203 4.791489
v 5.570476 0.605267 4.435512
v 5.609300 0.579502 4.371763
v 5.666526 0.622566 4.327257
v 5.688934 -0.371046 3.762396
v 5.901160 -0.538957 4.129194
v 5.800310 0.428773 3.745259
v 5.821069 0.450547 3.752223
v 5.858023 0.472469 3.846035
v 5.829269 0.349079 3.996132
v 5.778197 0.363198 4.083525
v 5.858023 0.585538 4.823702
v 5.910523 0.623405 4.315612
v 5.955766 0.597228 4.294485
v 5.818066 -0.368896 4.083701
v 6.041009 -0.486206 3.860404
v 6.049578 -0.368896 3.696321
v 6.026140 0.773722 4.746806
v 6.274966 -0.886247 5.004849
v 6.355852 0.867108 4.586904
v 6.691924 -0.387918 2.940244
v 4.155196 -0.987612 4.643748
v 3.910477 -0.865356 4.393170
v 3.966010 0.548953 3.522683
v 3.586375 0.964380 4.550525
v 3.691066 -0.642015 3.551716
v 3.615128 -0.655044 3.587242
v 3.860009 -0.640822 3.574168
v 3.960195 -0.652291 3.615995
v 4.176676 0.965940 4.649946
v 3.561979 -0.957843 4.458597
v 3.744524 0.312096 3.371571
v 3.752033 0.320709 3.393272
v 3.923757 0.594078 3.954202
v 3.658265 0.613732 3.546033
v 3.873921 0.575674 3.524244
v 3.931442 0.607225 3.552467
v 4.238716 0.594107 4.385087
v 3.577600 0.938807 4.457508
v 3.787043 -0.363022 2.766518
v 3.960195 -0.520244 3.516500
v 3.845168 -0.485499 2.675414
v 3.864160 -0.368896 2.759819
v 3.289170 -0.600144 3.522006
v 3.827545 0.366820 2.746819
v 3.902674 0.411106 2.720421
v 4.137794 -0.613997 4.112882
v 3.902674 -0.615175 3.941585
v 3.954807 0.623449 3.578703
v 3.802031 -0.475443 2.379535
v 3.940217 -0.470011 2.357657
v 3.835774 0.479624 2.457859
v 3.902674 0.487192 2.480164
v 3.953011 -0.340540 2.746215
v 3.684132 0.349565 3.508211
v 3.966570 0.328026 3.523022
v 3.873921 0.477033 2.580807
v 3.960195 -0.390847 2.282557
v 3.892442 0.450385 2.343273
v 3.845168 -0.500590 2.455621
v 3.937037 0.334430 2.744861
v 3.845168 0.478579 2.658601
v 3.917058 0.462105 2.671189
v 3.926554 -0.485072 2.675120
v 3.951803 -0.497542 2.519738
v 3.974608 0.355734 2.720023
v 3.931442 -0.508319 2.552054
v 3.888673 -0.496423 2.580027
v 3.978053 0.576734 3.539452
v 3.937655 -0.354645 3.508505
v 3.970192 -0.332929 3.516500
v 3.924935 0.479492 2.471919
v 3.944604 0.481965 2.537684
v 3.973932 0.455818 2.552054
v 3.975949 -0.435413 2.686147
v 4.031938 -0.247082 3.227805
v 4.017996 0.429126 2.624341
v 4.154504 -0.297963 2.631335
v 3.988948 -0.457717 2.354065
v 4.037518 0.434824 2.584399
v 3.989066 -0.592223 3.544105
v 3.949213 -0.467655 2.465794
v 3.988948 -0.520244 3.529794
v 4.017701 0.445718 2.393904
v 4.083379 0.566399 3.636548
v 4.047515 -0.639644 3.657910
v 3.975227 -0.473029 2.595971
v 4.002567 0.284447 2.711735
v 4.204605 0.631826 3.846035
v 4.036238 0.212999 3.069641
v 4.028905 0.227383 3.472214
v 4.043304 0.624877 3.662459
v 4.060839 0.629633 4.018569
v 4.072617 0.339996 2.663489
v 4.099250 -0.641308 4.067197
v 4.147098 -0.643413 4.084747
v 4.133274 0.284065 2.648619
v 4.071159 -0.577751 3.619970
v 4.061767 0.313642 2.333129
v 4.041523 0.213897 2.709865
v 4.042362 -0.405231 2.327108
v 4.084351 -0.413770 2.370097
v 3.992600 -0.308637 3.524744
v 4.067302 -0.455259 2.447038
v 4.047176 -0.193948 3.328448
v 4.068289 0.436031 2.456387
v 4.053050 -0.196421 3.479929
v 4.024710 -0.268356 2.702842
v 4.038990 -0.239058 2.702518
v 4.052742 -0.189560 2.687928
v 4.052785 0.161853 2.687752
v 4.066654 0.348564 3.610386
v 4.044850 0.015319 2.846800
v 4.060839 -0.183024 3.133213
v 4.039241 -0.196701 3.246503
v 4.039638 -0.190709 3.098099
v 4.062119 -0.366629 3.600345
v 4.076357 -0.356294 3.586609
v 4.060839 -0.169170 3.119241
v 4.039786 0.393144 2.328860
v 4.113163 -0.362094 2.370613
v 4.141283 -0.195656 3.480798
v 4.032086 0.246080 3.494887
v 4.121392 0.389434 2.537684
v 4.089297 0.403067 2.567086
v 4.147098 0.184245 3.487379
v 4.105242 -0.432026 2.494812
v 4.154651 0.176928 3.479723
v 4.022781 0.334151 3.566704
v 4.128136 0.342410 2.384158
v 4.147098 0.630663 4.076075
v 5.038505 -0.850928 4.387207
v 4.158803 0.155919 3.127103
v 4.154165 -0.168080 3.119933
v 4.027595 -0.248304 3.472023
v 4.173570 0.285051 2.610296
v 4.157905 0.241767 2.411380
v 4.168255 0.334754 2.557972
v 4.226556 0.349712 3.766754
v 4.146892 -0.190002 3.139793
v 4.197832 -0.326893 2.508931
v 4.166665 -0.218314 3.112778
v 4.154386 0.349727 2.429606
v 4.161526 0.126739 3.055271
v 4.164957 -0.261451 3.400324
v 4.184906 -0.974877 4.642320
v 4.175719 -0.146438 3.012134
v 4.162380 0.155492 3.084024
v 4.163293 0.155492 3.098408
v 4.158715 -0.261451 3.483286
v 4.166635 0.198703 3.324812
v 4.162321 0.241605 3.497125
v 4.158773 0.174602 3.371571
v 4.168961 0.208611 3.480739
v 4.166885 0.227500 3.399279
v 4.167003 0.198629 3.400324
v 4.167503 0.198629 3.030699
v 4.123586 0.594401 4.113073
v 4.178090 0.257505 3.097967
v 4.243737 0.304897 3.055271
v 4.233358 0.309505 3.531811
v 4.167136 -0.258109 3.055271
v 4.247742 -0.596286 3.797892
v 4.224863 -0.914574 4.645294
v 4.218989 -0.914721 4.614112
v 4.218989 -0.365157 3.587242
v 4.216427 -0.261421 2.954672
v 4.180813 0.238660 3.015182
v 4.198451 -0.300201 2.575728
v 4.198598 0.898246 4.622415
v 3.586375 -0.979382 4.550525
v 4.420275 -0.897966 4.611491
v 4.168152 -0.944195 4.600522
v 4.247742 -0.334048 3.529721
v 4.276495 -0.563381 3.787542
v 4.243561 -0.372150 3.778974
v 4.237333 -0.327967 3.084024
v 4.290879 -0.330691 2.997765
v 4.368702 0.967560 4.846287
v 4.247742 0.882507 4.617483
v 4.400018 -0.232698 2.647662
v 4.247742 0.558066 3.787719
v 4.414887 -0.327010 3.040887
v 4.406598 -0.315718 3.514556
v 4.443140 -0.131612 2.575080
v 4.469861 0.263762 2.587373
v 4.338462 -0.257858 2.756094
v 4.421424 0.212999 2.609560
v 4.470774 0.867181 4.629629
v 5.153253 -0.879740 4.403078
v 4.395600 0.305721 3.523935
v 4.458981 0.253191 3.112778
v 4.578425 -0.330706 2.738972
v 4.482508 -0.326996 2.667081
v 4.441962 -0.283152 3.256558
v 4.454476 0.237144 2.572209
v 4.463397 -0.247082 2.567601
v 4.491798 0.226808 2.560122
v 4.469655 -0.178769 3.465957
v 4.455257 0.246654 3.342818
v 4.459467 0.212999 3.443461
v 4.462676 0.255444 3.485067
v 4.467991 0.169876 3.466796
v 4.465871 -0.144878 3.112763
v 4.481477 -0.269843 2.572651
v 4.506535 -0.218314 3.488851
v 4.463397 -0.271241 3.490779
v 5.444628 0.348829 3.812909
v 4.463384 -0.276070 3.084142
v 4.476236 -0.247082 3.084024
v 4.645442 -0.271654 2.778781
v 5.139149 0.845613 4.394024
v 5.167902 0.205608 3.479458
v 4.520919 -0.327349 2.627728
v 4.510422 0.307120 2.629480
v 4.529444 0.237718 2.992921
v 4.808510 -0.260111 2.561609
v 5.370308 -0.173837 3.456123
v 4.679069 0.250733 2.747407
v 4.621945 0.270932 2.782786
v 4.650315 -0.326922 2.704594
v 5.383559 -0.648551 3.860404
v 5.182271 -0.615411 4.115708
v 5.397943 -0.601366 3.808228
v 5.254162 0.243636 3.480650
v 5.570476 0.308062 2.628729
v 5.348961 0.593636 4.125867
v 5.383559 -0.325523 2.617805
v 5.454079 0.243136 2.749792
v 4.679069 -0.261451 2.750764
v 5.185879 -0.326304 2.703225
v 5.455449 0.245756 2.560401
v 5.406084 -0.572274 3.795183
v 5.435162 -0.160807 2.759568
v 5.383559 0.633622 4.090445
v 5.268546 -0.218314 3.489543
v 5.340436 -0.060164 2.753149
v 5.599229 0.318353 2.667081
v 5.628792 -0.246920 2.560534
v 5.369189 -0.645106 4.100986
v 5.311226 0.083175 3.446200
v 5.438003 0.162530 3.479561
v 5.290762 -0.050329 3.450911
v 5.407688 0.112355 3.396437
v 5.469832 0.307076 2.704506
v 5.346251 -0.085325 3.406198
v 5.405053 -0.196745 3.479414
v 5.409191 0.070602 3.329317
v 5.419216 -0.096543 3.320822
v 5.434617 -0.326009 2.702636
v 5.368114 0.154506 3.456653
v 5.461941 0.148852 3.348780
v 5.441580 0.083293 3.286018
v 5.449913 -0.002658 3.253098
v 5.407498 -0.045795 2.768049
v 5.450119 0.069233 2.899771
v 5.464076 -0.108351 2.901082
v 5.484453 0.111928 3.271222
v 5.482804 0.171187 2.773393
v 5.441625 -0.274819 2.742284
v 5.463635 -0.167123 3.351548
v 5.447660 -0.168890 2.782094
v 5.480065 -0.181713 2.788307
v 5.476973 0.076506 3.177174
v 5.497202 0.101725 3.213421
v 5.474985 -0.088608 3.199199
v 5.492976 -0.133232 3.255454
v 5.646356 -0.266721 2.575095
v 5.484129 0.141359 3.299592
v 5.480021 0.003982 3.012223
v 5.494846 -0.106746 3.012134
v 5.495495 -0.107850 3.184668
v 5.458304 0.151503 2.810847
v 5.527339 -0.173380 2.940244
v 5.531609 0.151252 3.012134
v 5.521288 -0.149972 3.040887
v 5.593458 0.161529 2.845902
v 5.607548 0.276379 2.845931
v 5.714242 -0.174175 2.954628
v 5.521009 -0.135646 3.155915
v 5.515753 -0.171084 3.242174
v 5.617898 -0.299038 2.848802
v 5.627982 -0.344074 2.724588
v 5.526544 0.151841 3.200480
v 5.721383 0.263394 2.933089
v 5.627982 0.252440 2.571061
v 5.594916 -0.181272 2.859770
v 5.801856 -0.337905 2.881648
v 5.814886 0.326539 2.882738
v 5.708868 -0.203945 3.479944
v 5.721456 -0.182361 3.465059
v 5.711812 -0.189561 2.930556
v 5.684488 -0.246978 2.592983
v 5.642352 0.227383 2.566187
v 5.640261 0.026096 2.558016
v 5.677097 0.164149 3.479060
v 5.801370 0.242282 2.692698
v 5.723488 0.161587 2.940244
v 5.689096 0.244755 2.605865
v 5.801974 0.097986 2.663150
v 5.733794 -0.258889 2.934531
v 5.839767 -0.256136 2.715989
v 5.799603 -0.342337 2.824672
v 5.737430 -0.189899 3.270927
v 5.740110 -0.217519 3.239244
v 5.737298 -0.180359 2.969012
v 5.740948 0.227383 2.954628
v 5.738490 0.169876 3.012134
v 5.739800 0.184245 3.371571
v 5.734544 -0.183995 3.429092
v 5.761310 0.280737 2.969012
v 5.742657 -0.275835 3.457845
v 5.760500 -0.300289 2.940244
v 5.858023 -0.364833 2.911491
v 5.842358 0.226146 2.707097
v 5.871317 -0.190076 2.701576
v 5.850028 0.132496 2.688871
v 5.872407 0.343941 2.853984
v 5.875867 0.336020 2.831282
v 5.843639 -0.045795 2.678315
v 5.958666 -0.132054 2.682893
v 6.033795 -0.212484 2.702371
v 6.030557 0.083602 2.663783
v 6.102432 -0.002657 2.623503
v 6.145569 0.336492 2.802117
v 6.082512 -0.107953 2.646146
v 6.073679 0.265602 2.744198
v 6.159953 -0.264013 2.706935
v 6.135146 -0.184761 2.658527
v 6.226720 0.026096 2.533180
v 6.302806 -0.262364 2.608456
v 6.067569 0.176398 2.688944
v 6.216959 -0.104479 2.565981
v 6.260596 0.237365 2.642377
v 6.242474 0.171039 2.594602
v 6.244770 -0.002657 2.494547
v 6.171805 0.172762 2.648045
v 6.274759 0.097986 2.480164
v 6.264866 0.054658 2.220399
v 6.266044 -0.002657 2.293261
v 6.264277 -0.074548 2.221370
v 6.295180 -0.117670 2.198859
v 6.267030 0.082660 2.248769
v 6.279854 -0.144583 2.235754
v 6.289217 -0.358826 2.752767
v 6.309093 -0.158039 2.365151
v 6.313966 -0.176398 2.437041
v 6.290955 0.142316 2.234561
v 6.324037 -0.227029 2.241378
v 6.357692 0.255252 2.307792
v 6.327540 0.188839 2.230528
v 6.367689 0.263954 2.270882
v 6.279294 0.112355 2.224536
v 6.406174 0.310403 2.322014
v 6.554945 0.134645 2.012133
v 6.447500 0.345414 2.552054
v 6.588453 0.201500 2.034467
v 6.519464 0.025890 2.005847
v 6.505006 0.344545 2.322014
v 6.413711 -0.017041 2.086600
v 3.786381 0.338553 3.385336
v 3.959459 -0.590927 3.526497
v 4.037194 -0.454287 2.599343
v 4.052388 0.176516 3.480047
v 4.041581 0.169876 3.112778
v 4.169786 -0.344560 2.428193
v 4.191575 0.299273 2.465794
v 4.183964 0.293428 2.589361
v 4.207108 0.191445 2.566438
v 4.285343 0.227383 2.835051
v 5.008736 0.960257 4.521742
v 4.218989 -0.652777 3.860404
v 4.491665 -0.316027 2.623547
v 4.635932 -0.330985 2.681450
v 4.635932 0.307665 2.705507
v 5.421822 0.126739 2.758332
v 5.401992 -0.169847 3.432861
v 5.426696 -0.180933 3.441959
v 5.486263 0.069233 3.084024
v 5.641469 -0.341748 2.696394
v 5.814886 0.321622 2.831061
v 5.858023 0.251542 2.728651
v 6.001804 -0.364744 2.839615
v 6.272301 -0.017041 2.408288
v 6.226293 -0.074548 2.546680
v 6.414787 -0.322608 2.422657
v 6.307518 0.170465 2.480105
v 6.300951 0.126739 2.365151
v 6.398282 0.290984 2.480164
v 6.439696 0.335785 2.408288
v 6.529740 -0.088917 2.003844
v 0.840277 0.888161 6.994706
v 1.947340 0.888720 6.865310
v 1.242836 -0.505875 7.238675
v 1.265450 -0.571067 7.203665
v 1.169532 0.600644 7.195331
v 1.055933 -0.160808 7.343410
v 1.846697 0.164311 7.345604
v 2.206060 0.775018 7.177105
v 1.271604 0.586819 7.178753
v 1.332379 0.558066 7.173203
v 1.257220 -0.483526 7.245403
v 2.551201 0.353849 7.335019
v 1.061204 0.506051 7.346046
v 2.004846 0.889530 6.994706
v 0.827071 0.877325 6.837838
v 1.875450 -0.160808 7.342557
v 1.904203 -0.218314 7.365185
v 1.329110 0.525897 7.177090
v 1.990477 -0.907536 7.023460
v 1.371982 -0.549881 7.164487
v 1.472876 0.574202 6.689493
v 2.378667 0.586819 6.692261
v 2.201437 -0.800680 7.174484
v 1.976094 0.054849 7.340334
v 2.029109 0.881977 7.031587
v 2.079549 0.193049 7.364435
v 2.464927 0.759353 6.706483
v 1.976594 -0.102786 7.344058
v 2.091121 0.853445 6.799603
v 2.062353 0.872658 6.836557
v 2.479311 -0.598480 6.686357
v 2.101103 -0.873100 6.799367
v 2.177380 -0.811898 6.717790
v 1.979465 -0.163266 7.361990
v 2.186523 -0.844465 7.009091
v 2.011590 0.060090 7.361505
v 2.234887 0.782305 7.163089
v 2.206973 -0.828034 6.749664
v 2.249271 -0.804419 7.152857
v 2.228232 0.809734 7.016820
v 2.335531 -0.779038 6.705791
v 2.263640 -0.526678 6.556784
v 2.219340 0.286184 6.421351
v 2.292393 0.490460 6.543901
v 2.531694 0.578530 7.174867
v 1.435275 0.538470 7.149941
v 2.483948 -0.769836 7.173557
v 2.475454 -0.829801 7.033795
v 2.584710 0.608932 6.699622
v 2.482153 0.809351 6.787869
v 2.443918 0.479168 6.541694
v 2.545047 -0.597670 7.174985
v 2.464927 0.779479 6.715994
v 2.249271 0.797028 6.737268
v 2.551201 0.534083 7.144008
v 2.450558 -0.783455 7.172291
v 2.538024 0.616250 7.176677
v 2.487246 -0.829595 6.825751
v 2.450558 0.345708 6.444789
v 2.226215 0.522776 6.584153
v 2.475880 0.495524 6.568076
v 2.486098 0.809630 7.044807
v 2.476882 -0.517153 6.581415
v 2.472921 0.766876 7.160556
v 2.464927 -0.445689 6.524203
v 2.349914 -0.390848 6.477135
v 2.518458 0.549277 6.672856
v 2.488748 -0.787400 6.713447
v 2.499716 0.809277 6.994706
v 2.531694 -0.497189 6.600775
v 2.528661 0.449251 6.571197
v 2.499613 0.765389 6.715051
v 2.533711 0.783910 6.793420
v 2.486084 -0.275835 7.414859
v 2.512010 -0.329985 7.397281
v 2.485686 -0.031411 7.420159
v 2.488189 0.141123 7.411650
v 2.506563 0.256135 7.377803
v 2.490868 -0.232698 7.396706
v 2.508064 0.011726 7.380629
v 2.530104 0.291588 6.427137
v 2.541146 -0.798633 6.807804
v 2.530619 0.710356 7.160998
v 2.472936 0.752625 7.174764
v 2.493680 0.273817 7.361107
v 2.513099 0.011756 7.376919
v 2.437469 0.196332 6.369542
v 2.533166 0.244667 6.399812
v 2.532415 -0.750285 6.712284
v 2.547903 -0.790595 7.052213
v 2.559534 0.754097 6.779051
v 2.502808 -0.323787 7.411650
v 2.501085 -0.311346 7.432968
v 2.489926 0.270343 7.397943
v 2.557738 0.765448 6.980338
v 2.543604 0.278676 7.362285
v 2.570267 0.351199 7.388256
v 2.545798 0.175721 6.367805
v 2.614788 0.337404 6.367716
v 2.544650 -0.570036 6.671944
v 2.569030 -0.520244 6.580782
v 2.574286 -0.694000 7.125502
v 2.557046 -0.750285 6.746249
v 2.553733 0.760943 7.066597
v 2.553571 0.672048 7.151576
v 2.559151 0.586819 7.161028
v 2.579955 -0.624627 6.701919
v 2.565571 -0.350155 7.344544
v 2.520122 -0.263748 7.366967
v 2.536817 0.382146 6.494154
v 2.564363 0.386975 6.475118
v 2.522433 0.503033 6.619664
v 2.564834 0.515533 6.591823
v 2.560079 -0.776078 6.850927
v 2.544296 0.709679 6.714139
v 2.536375 -0.376964 6.476575
v 2.565571 0.212998 6.374047
v 2.559858 -0.674184 6.713152
v 2.579307 -0.373667 7.381852
v 2.636548 -0.275600 7.522953
v 2.543752 -0.786001 6.758042
v 2.587095 0.364052 6.397956
v 2.579631 0.687374 6.764888
v 2.543663 0.335490 7.405157
v 2.575597 0.702450 7.051124
v 2.601170 0.364081 7.419040
v 2.637578 0.325479 7.355218
v 2.560447 -0.606519 7.162809
v 2.572667 -0.612835 7.116787
v 2.582442 -0.678026 7.094879
v 2.585843 -0.713890 7.028554
v 2.623415 0.419983 6.492520
v 2.617629 -0.541563 7.145422
v 2.580234 0.558611 7.132834
v 2.623077 0.516946 7.156184
v 2.565806 -0.562351 7.134836
v 2.536817 -0.571140 7.159408
v 2.599403 0.364582 7.389154
v 2.680598 0.198629 7.554842
v 2.738104 0.717423 7.037844
v 2.580750 0.645548 7.100179
v 2.688636 0.506375 7.188205
v 2.608236 0.338346 6.357308
v 2.574213 -0.468892 6.542768
v 2.723720 -0.396972 6.399105
v 2.583856 -0.385548 6.395984
v 2.655643 0.612392 7.148352
v 2.560565 -0.339613 7.361696
v 2.891366 -0.352245 7.346223
v 2.593529 -0.381779 7.412357
v 2.503662 0.286199 7.427359
v 2.498023 0.256135 7.435677
v 2.691463 -0.524146 7.186748
v 2.617041 0.435677 6.527648
v 2.932545 0.464386 6.541915
v 2.580514 -0.724005 6.937201
v 2.720349 0.288510 7.560378
v 2.838748 0.421264 6.499057
v 2.571283 -0.707206 6.763975
v 2.737309 -0.718278 6.792330
v 2.594323 -0.664025 7.096528
v 2.796568 -0.620652 7.255532
v 2.667407 -0.661051 7.123971
v 2.718229 -0.368985 7.504431
v 2.809994 -0.313319 7.592414
v 2.607736 0.388845 6.405627
v 2.781241 0.421809 6.440402
v 2.652213 0.422383 6.448735
v 2.709351 0.616412 6.694926
v 2.723720 0.695796 6.797586
v 2.738104 -0.664025 6.706807
v 2.802457 0.608785 7.260964
v 2.838748 0.513206 6.567016
v 2.779210 0.227382 7.603956
v 2.752474 -0.617413 6.683987
v 2.636357 0.350522 6.348415
v 2.918750 -0.455244 6.527809
v 2.968144 -0.437975 6.460882
v 2.786012 -0.247082 7.606533
v 2.809994 0.293325 7.592178
v 2.717743 0.310948 6.370043
v 2.706524 0.259978 6.369469
v 2.724427 -0.729923 7.036857
v 2.808552 -0.775225 6.849512
v 2.823274 0.572038 6.631339
v 2.774705 0.349904 6.368821
v 2.852690 -0.565958 6.606959
v 2.809847 -0.448575 7.278838
v 2.931161 0.601203 7.362109
v 2.772687 0.467272 7.246875
v 2.809994 0.762047 7.023460
v 2.788794 -0.771677 7.029585
v 2.877762 0.334842 7.361622
v 2.818740 -0.597700 6.643352
v 2.809185 0.755275 6.836160
v 2.781565 0.328129 6.367672
v 2.824364 -0.352260 7.558728
v 2.853117 0.241766 7.612995
v 2.925007 -0.339628 6.354201
v 2.853264 0.384722 7.315394
v 3.040035 -0.780628 6.692776
v 2.982514 0.336977 6.342114
v 2.909769 0.404171 6.449677
v 2.964184 0.434912 6.514074
v 2.723720 -0.323183 6.355747
v 2.978009 -0.365201 6.322872
v 2.981836 0.756261 7.182449
v 2.930616 0.291853 6.368732
v 2.910638 0.375992 6.400578
v 2.925567 0.543991 6.559950
v 3.040035 0.762710 6.692776
v 2.925007 -0.522939 6.542798
v 3.442594 -0.275835 7.613437
v 2.866397 0.442273 6.199835
v 2.928776 0.355454 6.261272
v 2.859742 0.350640 6.196979
v 2.956337 0.456112 6.290747
v 2.909298 -0.375286 7.354467
v 2.918220 0.349035 7.361416
v 2.881414 0.209377 6.369896
v 2.961828 -0.469599 6.527677
v 3.111925 0.572435 7.495171
v 2.889511 0.334990 7.346811
v 3.006408 -0.641794 6.528001
v 2.990008 0.507597 6.282708
v 2.882739 -0.545979 6.562747
v 2.947974 0.363448 7.389124
v 3.111925 0.626820 7.480463
v 2.990390 0.457423 6.513250
v 2.996235 0.571390 6.511188
v 3.003861 -0.442642 6.340789
v 2.993231 -0.468760 6.513897
v 2.996898 0.612657 6.524438
v 3.005746 -0.606519 6.513602
v 3.071408 0.486176 6.388873
v 3.030097 0.330440 6.371559
v 3.015006 0.311183 6.370867
v 3.076178 -0.412181 6.427682
v 2.996898 -0.334048 6.352170
v 3.022073 -0.351700 6.371073
v 3.055390 -0.634006 7.450326
v 3.083584 -0.520082 6.404788
v 3.106065 0.406365 6.471040
v 3.126294 0.358148 7.501663
v 3.169490 -0.767171 7.353422
v 3.097541 0.519051 6.002656
v 3.123688 0.446057 6.500234
v 3.205060 0.522246 6.323623
v 3.083569 0.386533 6.420777
v 3.111925 -0.505875 6.511644
v 3.009868 -0.381941 7.426417
v 3.183801 -0.353924 7.560686
v 3.442594 0.313642 7.584625
v 3.153619 0.510969 6.464150
v 3.130961 0.456333 6.492005
v 3.136350 -0.523984 6.500706
v 3.119139 -0.497969 6.484246
v 3.126795 0.500692 6.447513
v 3.122790 -0.477122 6.492535
v 3.120567 -0.454096 6.495597
v 3.111925 -0.620888 7.495804
v 3.223493 -0.624186 7.504902
v 3.255691 -0.783366 6.937201
v 3.241322 -0.540282 6.500676
v 3.241322 -0.782380 7.109734
v 3.226054 0.520347 6.377154
v 3.226805 -0.539943 6.131566
v 3.206782 -0.541018 6.318970
v 3.216912 -0.590191 6.275833
v 3.241322 0.761782 6.937201
v 3.244634 0.583271 6.333340
v 3.231340 0.582550 6.261449
v 3.233298 0.580636 6.221183
v 3.270502 -0.606916 6.361607
v 3.238377 -0.611951 6.275833
v 3.262463 0.594136 6.195580
v 3.262581 0.594092 6.327067
v 3.299888 0.528150 6.086928
v 3.284444 -0.622817 6.203943
v 3.285416 0.571552 6.401446
v 3.313197 0.587128 6.290202
v 3.285784 0.568313 6.118817
v 3.290068 -0.542579 6.427918
v 3.335561 -0.598745 6.261449
v 3.313271 0.583816 6.405819
v 3.320736 0.593665 6.228618
v 3.334943 0.608241 6.212276
v 3.362798 -0.628426 6.167475
v 3.334840 -0.613585 6.196258
v 3.370718 0.614203 6.175190
v 2.177380 0.481170 6.568533
v 2.484361 -0.814578 6.744085
v 2.709351 0.663700 6.732556
v 2.600698 -0.527635 6.570402
v 2.789663 0.349639 6.339626
v 2.868399 0.643854 6.624478
v 2.902968 -0.657164 6.599038
v 3.198184 -0.779936 7.339774
v 3.129091 -0.643693 7.491770
v 3.101737 0.508907 6.401491
v 3.399471 0.519861 6.055377
v 1.406639 0.521068 6.600275
v 2.105490 -0.319296 6.430303
v 1.214539 -0.289954 6.424060
v 1.458507 -0.599084 6.700108
v 1.415370 -0.515754 6.582828
v 1.433714 0.578118 6.686696
v 2.264788 0.492830 6.104448
v 1.992995 -0.247082 6.410928
v 2.220518 0.478829 6.167740
v 1.084686 0.865179 5.044614
v 2.177380 0.438445 6.197789
v 1.641567 0.481877 5.887643
v 1.688547 -0.510439 6.074546
v 1.697071 -0.498985 5.994897
v 2.177380 -0.545523 6.609314
v 1.657777 -0.502680 5.916397
v 1.698396 0.440182 5.959533
v 1.675194 0.482996 5.987506
v 1.342140 -0.501164 6.147865
v 2.220518 -0.497233 6.165458
v 1.691653 -0.325951 5.779476
v 1.718198 0.350404 5.916146
v 1.732730 0.342056 5.960711
v 1.314726 0.414285 6.203383
v 1.695908 -0.369264 5.751018
v 1.728651 -0.336065 5.779153
v 1.723852 -0.368190 5.967204
v 1.760437 -0.459116 5.980174
v 1.774807 -0.370398 5.940954
v 1.766621 0.334607 5.951878
v 1.775322 -0.361344 5.968573
v 1.832313 -0.369897 5.724032
v 1.784126 -0.340276 5.795245
v 1.710336 -0.384635 5.951451
v 1.976094 -0.909553 6.850927
v 1.562596 0.359356 5.720115
v 1.817369 0.333105 5.887996
v 1.799688 0.283255 5.933268
v 1.799172 -0.253692 5.948992
v 1.772127 -0.135544 5.965334
v 2.062353 0.451578 5.995000
v 1.722762 0.356779 5.967601
v 1.783861 0.153961 5.960770
v 1.799084 -0.369721 5.930765
v 1.793283 0.081187 5.967204
v 2.083921 -0.484307 5.995471
v 1.842486 -0.341851 5.820935
v 1.888803 -0.357957 5.828797
v 1.882885 -0.340423 5.808921
v 1.551789 -0.397811 5.707954
v 1.923548 0.334784 5.850321
v 1.904203 -0.304588 5.860701
v 1.848787 -0.366585 5.873259
v 1.932956 -0.360519 5.844506
v 1.928407 0.130979 5.867370
v 1.962357 -0.356588 5.758776
v 1.960296 -0.032530 5.863528
v 1.932956 -0.146438 5.868415
v 1.968158 -0.160675 6.274464
v 1.951801 0.270520 6.333340
v 1.951963 0.227382 6.359015
v 1.969704 0.307591 5.826265
v 1.951934 -0.218314 6.372545
v 1.945235 -0.002658 6.362093
v 1.991287 0.141594 6.389668
v 1.976094 -0.320547 6.367790
v 1.967805 0.169876 6.292116
v 1.957219 -0.333341 5.853502
v 1.970396 -0.334180 5.817122
v 1.962151 -0.361623 6.209479
v 1.954584 -0.163723 6.211083
v 1.957779 0.314172 6.347753
v 1.964521 0.299273 6.232696
v 1.967378 0.336536 6.342880
v 1.956571 -0.336139 6.351036
v 2.004846 -0.366364 6.333340
v 1.959781 -0.346327 6.320310
v 1.982792 -0.355057 6.355041
v 1.977639 -0.304588 5.830122
v 1.979023 -0.290204 5.761810
v 1.980525 0.270520 5.830122
v 1.989344 -0.175191 5.753005
v 1.984103 -0.031411 5.839780
v 1.973841 0.198629 5.772616
v 2.076737 0.349447 6.211010
v 1.990477 0.346400 6.333340
v 1.974224 -0.146438 5.772616
v 2.091121 -0.379099 5.716287
v 2.043597 -0.369058 5.750031
v 1.875450 0.327304 5.758246
v 1.981644 0.270520 5.764577
v 1.981394 0.336300 6.232696
v 1.985339 0.141123 5.839191
v 1.975372 0.241766 5.842901
v 1.982866 -0.070058 6.384235
v 1.961710 0.184245 6.406658
v 3.473261 0.363139 5.721234
v 2.324901 0.334857 6.354761
v 1.976094 0.313642 6.360429
v 2.119874 -0.204548 6.386709
v 2.017597 0.187690 6.378803
v 2.023250 0.027067 5.845478
v 2.023868 0.256136 5.830122
v 2.025017 0.256136 5.839294
v 2.047984 0.313642 5.790415
v 2.039047 -0.275835 5.806213
v 2.062353 0.323094 5.833995
v 2.089914 -0.304132 5.763974
v 2.094669 -0.045795 5.774308
v 2.148627 0.190399 6.384574
v 2.062706 -0.347298 5.776297
v 2.044524 -0.347652 5.859258
v 2.038046 -0.332988 5.830593
v 2.075500 0.255591 5.787809
v 2.075736 0.198629 5.916397
v 2.066682 -0.287039 5.772616
v 2.134243 -0.193771 6.367790
v 1.994703 -0.186337 6.390846
v 1.999929 -0.353614 5.750488
v 2.071334 0.225954 5.886465
v 2.087779 -0.233022 5.773572
v 2.060410 -0.261451 5.785336
v 2.076192 0.342410 5.902012
v 2.091121 0.336168 5.850852
v 2.119874 0.284889 5.785218
v 2.049692 0.126739 5.873259
v 2.068699 0.336035 5.870668
v 2.177380 -0.371546 5.769907
v 2.098880 -0.189561 5.754492
v 2.049221 -0.346945 5.833434
v 2.059615 -0.261451 5.763061
v 2.063737 -0.334063 5.888968
v 2.083789 -0.369927 5.893930
v 2.098909 0.198629 5.766300
v 2.118476 -0.318398 5.800883
v 2.084584 0.388609 5.968809
v 2.105402 0.457069 5.985489
v 2.091121 0.184245 5.742317
v 2.098777 0.207419 5.750488
v 2.101721 0.083602 5.758246
v 2.101942 -0.103301 5.746645
v 2.139970 -0.326054 5.823026
v 2.089546 -0.433985 5.916397
v 2.105063 -0.477932 5.986903
v 2.134243 0.446071 5.884787
v 2.172095 0.291278 5.792786
v 2.114662 -0.299067 5.767669
v 2.088176 -0.306973 5.785571
v 2.162997 -0.462738 5.858448
v 2.094919 -0.376478 5.877779
v 2.161627 0.182817 6.366539
v 2.249271 -0.345959 6.451900
v 2.110952 -0.485543 5.916397
v 2.149643 -0.477196 5.873819
v 2.172022 0.449855 5.866619
v 2.163276 -0.346489 5.840045
v 2.156489 -0.325759 5.808495
v 2.292393 -0.509541 5.945149
v 2.336782 -0.380056 6.203472
v 2.315905 -0.196318 6.369542
v 2.162290 0.313171 5.802032
v 2.349914 0.349344 6.196537
v 2.439869 0.320370 5.823394
v 2.335531 -0.484513 5.865795
v 2.054521 0.182655 6.368600
v 2.220782 0.182876 6.372928
v 2.258133 -0.325906 5.822746
v 2.306777 -0.505654 6.017040
v 2.306777 -0.470379 6.182919
v 2.162997 0.319207 5.824498
v 2.364283 0.513751 5.959533
v 2.393920 0.460897 6.130963
v 2.220518 0.490637 6.031409
v 2.464927 -0.318957 6.420763
v 2.450558 0.263512 6.383514
v 2.278024 0.339097 6.437811
v 3.049266 0.371163 5.851352
v 2.393037 -0.509777 6.544564
v 2.349914 -0.528695 5.970355
v 2.421790 -0.479816 6.160806
v 2.388502 0.437208 6.197774
v 3.035927 0.437282 5.851013
v 2.680598 -0.366364 6.318970
v 2.349914 -0.526737 5.939790
v 3.393391 -0.441655 5.693850
v 2.997884 -0.461457 5.853148
v 2.413854 -0.498646 5.909256
v 2.124114 0.465947 5.920327
v 2.175982 0.429347 5.852647
v 2.727504 0.479079 5.909079
v 2.343378 0.507671 5.938097
v 2.321161 0.496040 5.988286
v 2.454813 -0.196112 6.368659
v 2.694967 0.515694 5.945149
v 2.436468 0.415257 6.185083
v 2.479311 -0.507980 6.117683
v 2.378667 -0.433985 6.200527
v 2.685766 -0.325995 5.822805
v 2.399117 -0.455627 6.196803
v 2.608708 -0.368911 6.196316
v 2.593293 0.491976 6.060162
v 2.594323 -0.504624 6.088931
v 2.566542 -0.217916 6.364301
v 2.548360 -0.194390 6.366450
v 2.623077 -0.462738 6.191561
v 2.945987 0.335049 5.793920
v 2.621693 -0.497792 6.147364
v 2.575111 -0.364877 6.385737
v 2.572593 -0.541828 5.966762
v 2.594000 -0.344383 6.361680
v 2.623077 0.514163 6.017040
v 3.025651 -0.482113 5.869122
v 2.680598 0.448795 6.196346
v 2.658632 0.507891 6.125221
v 3.183801 -0.386519 5.708867
v 2.920900 -0.366747 6.235420
v 2.579955 0.451475 6.168830
v 2.780078 -0.335830 6.352670
v 2.658779 -0.527532 6.125045
v 2.882960 -0.529358 6.160673
v 2.925007 0.516622 6.175190
v 2.867501 -0.334946 5.825926
v 2.939391 0.334474 5.838117
v 2.875009 0.507612 6.167828
v 2.839881 -0.335638 5.814383
v 3.130785 -0.369382 5.765578
v 2.889290 -0.369073 6.196611
v 3.049089 -0.401242 5.851279
v 3.047013 -0.527400 5.938024
v 3.011282 -0.325362 5.807994
v 3.025651 -0.537234 5.959533
v 2.988020 0.320768 5.808450
v 3.055022 0.454905 5.872273
v 3.058379 0.506449 5.939584
v 3.097541 -0.538265 6.376476
v 3.037016 0.312022 5.797747
v 3.061515 -0.455391 5.866134
v 3.083157 0.271521 5.779535
v 3.031348 0.275776 5.794979
v 3.070128 0.429818 5.861717
v 3.079417 0.263040 5.790783
v 3.040035 0.313642 5.815532
v 3.055287 -0.333385 5.799543
v 3.101501 0.376316 5.885052
v 3.148613 0.291720 5.794170
v 3.120214 0.452947 5.936920
v 3.157609 0.311360 5.801369
v 3.162703 -0.399210 5.966630
v 3.168342 -0.384708 5.944973
v 3.180738 -0.325347 5.809466
v 3.055596 -0.302144 5.795038
v 3.083466 -0.390833 5.861231
v 3.184331 0.487059 5.998180
v 3.385087 -0.371090 5.729493
v 3.168062 0.326966 5.788766
v 3.213260 0.520155 6.188764
v 3.143034 -0.462738 5.956516
v 3.180797 -0.528445 6.022634
v 3.241322 -0.493965 6.012594
v 3.522979 -0.397782 5.981323
v 3.256412 -0.606121 6.176367
v 3.513954 0.376390 5.960535
v 3.162792 0.378789 5.966350
v 3.198184 0.389920 5.982692
v 4.348385 -0.523616 5.616733
v 3.413105 0.351980 5.871934
v 3.267204 -0.539973 6.098662
v 3.263847 -0.329882 5.794552
v 3.185258 -0.333356 5.801015
v 3.332734 -0.325833 5.808921
v 3.319646 -0.599540 6.110219
v 3.442594 -0.515916 6.034736
v 3.485731 0.317558 5.793478
v 4.204605 0.414285 5.698664
v 4.247742 0.753758 5.222978
v 1.776603 -0.016924 5.962449
v 1.841264 -0.009666 5.913673
v 1.861434 0.336374 5.859906
v 2.076737 0.480360 6.008295
v 1.775896 0.274642 5.962684
v 2.071172 0.328026 5.982412
v 2.263640 -0.510631 6.045793
v 2.030950 -0.160808 5.830122
v 2.022293 0.011726 5.830122
v 1.961710 0.299273 6.433498
v 2.019231 0.261156 5.766182
v 2.119933 -0.486603 5.988390
v 2.278024 0.387181 6.488088
v 2.691831 -0.340349 5.837439
v 2.464927 -0.367409 5.773970
v 2.450558 0.480198 6.126752
v 2.522433 -0.287716 6.409588
v 2.633986 0.349977 6.197185
v 2.889393 -0.448354 6.196596
v 3.341951 -0.368366 5.853678
v 0.144164 -0.656531 6.785632
v 0.078266 -0.700993 7.264042
v -0.033464 -0.643870 6.678407
v -0.046360 -0.643119 7.120835
v -0.079648 0.569829 7.398311
v -0.006786 0.258108 6.633636
v 0.017212 0.249790 6.641763
v 0.143266 -0.384031 6.855593
v -0.051131 0.618576 7.124104
v 0.144621 0.636213 7.103521
v 0.002283 -0.256122 7.233124
v 0.120284 -0.231358 7.242340
v 0.000016 -0.111767 7.289659
v -0.008936 0.126297 7.286508
v 0.121388 0.054849 7.282709
v 0.006376 0.634535 6.681337
v 0.171902 0.636994 6.870374
v 0.006376 -0.132054 6.573892
v 0.020524 -0.371385 7.081319
v 0.074924 0.621991 7.147895
v 0.012854 -0.657532 6.686298
v 0.079326 -0.706794 6.706321
v -0.007728 -0.689775 6.634784
v 0.006376 -0.328174 6.697929
v 0.132372 -0.342263 6.726358
v -0.001162 0.306089 7.188426
v 0.130723 -0.284242 7.204474
v 0.128868 -0.713979 7.131804
v 0.057021 -0.642339 7.160527
v -0.058610 0.608535 7.361534
v 0.065560 -0.715583 6.664023
v 0.510197 0.668765 6.562010
v 0.121388 -0.393144 6.908447
v -0.004681 0.377081 6.894063
v 0.113306 0.667411 7.130478
v 0.107019 0.696532 6.649654
v 0.121668 -0.232035 6.617588
v 0.129928 -0.184408 7.261553
v 0.129294 -0.126960 7.275496
v 0.134227 0.112914 7.269150
v 0.142736 0.334916 6.757983
v 0.144974 -0.357737 7.080966
v 0.165718 -0.678394 7.080966
v 0.145062 -0.247906 6.648535
v 0.128382 0.061798 6.570608
v 0.143266 0.040479 6.584345
v 0.130325 -0.384120 7.018425
v 0.141352 -0.235274 7.230076
v 0.146196 -0.002658 7.265956
v 0.710880 0.669089 7.294531
v 0.170164 -0.729158 7.109734
v 0.121388 -0.337582 7.140799
v 0.129015 -0.097294 6.570387
v 0.216540 -0.728289 6.743981
v 0.143193 -0.369559 6.799279
v 0.129398 0.364229 7.031381
v 0.155442 -0.232698 6.692776
v 0.129928 0.165018 6.598390
v 0.142044 0.262304 6.657707
v 0.122434 0.212159 7.243827
v 0.158887 0.169876 7.195994
v 0.131194 0.266000 7.205548
v 0.142957 0.335196 7.102520
v 0.155177 -0.174411 7.223598
v 0.138290 0.362212 6.836557
v 0.156045 0.269180 6.751564
v 0.138746 0.304617 6.702405
v 0.143237 -0.326540 6.713874
v 0.157459 0.141123 6.677274
v 0.152262 0.342410 6.980338
v 0.158269 -0.262143 7.124295
v 0.164481 -0.194007 6.938349
v 0.167323 -0.662199 7.023460
v 0.146387 -0.655471 7.095350
v 0.171916 -0.701626 6.964687
v 1.070317 0.395897 6.324624
v 0.168486 -0.721531 6.836557
v 0.194118 -0.721237 6.764357
v 0.174611 -0.678394 6.784380
v 0.221031 -0.791287 6.822202
v 0.171784 0.651378 6.814223
v 0.182340 0.729893 6.850927
v 0.172417 0.690186 7.080966
v 0.183797 0.726890 7.066597
v 0.186742 0.693484 6.773515
v 0.129324 0.694367 7.147969
v 0.217571 0.736710 7.115166
v 0.211873 -0.750285 6.767950
v 0.245897 0.793907 6.850927
v 0.240420 -0.773163 6.770261
v 0.269277 0.796145 7.046619
v 0.265169 0.748532 7.113194
v 0.222032 -0.727420 7.143434
v 0.250800 -0.769203 7.114195
v 0.250800 0.741097 6.754111
v 0.279553 -0.726596 6.718894
v 0.279553 0.806053 6.850927
v 1.127823 0.692822 6.676419
v 0.220957 0.716761 6.746469
v 0.337059 0.697916 6.707160
v 0.739633 0.762798 6.761575
v 0.682112 -0.700169 7.275569
v -0.022377 -0.687125 6.567340
v 0.667743 -0.771176 6.758189
v 0.768386 -0.723431 6.707160
v 0.728385 0.810779 6.850927
v 0.740737 -0.778405 7.123809
v 0.782756 0.428669 7.528031
v 0.725249 -0.652777 7.342601
v 0.685984 -0.728834 7.145790
v 0.969674 -0.684813 6.557579
v -0.073995 -0.643369 6.526485
v 0.768386 -0.718219 7.181610
v 0.710880 -0.824413 7.037844
v -0.381814 -0.362095 6.318897
v 0.725441 -0.825973 6.822864
v 0.754003 0.655456 7.309107
v 0.748349 0.708266 7.159290
v 0.748128 -0.785427 6.758130
v 0.807284 -0.728009 7.173836
v 0.710203 0.808880 7.024019
v 0.811524 0.855948 7.064521
v 0.788763 0.781996 7.161131
v 0.800732 -0.846511 6.779051
v 0.811273 -0.848234 7.110765
v 0.811656 -0.806966 7.155580
v 0.742637 0.711328 6.727580
v 0.794387 -0.779038 6.718320
v 0.801630 0.869213 7.023460
v 0.825893 0.779979 7.173939
v 0.854646 0.707191 7.186733
v 0.782903 0.703451 6.708161
v 0.840277 -0.824575 6.735030
v 0.869030 -0.726449 7.186806
v 0.848139 -0.470968 7.491152
v 0.796698 -0.476224 7.514340
v 0.984043 0.663951 6.559080
v 0.796669 0.456421 7.514590
v 1.020363 0.889177 7.023489
v 1.088720 -0.523601 7.330867
v 0.825893 -0.793422 6.708692
v 1.099070 -0.793422 6.703775
v 0.869030 -0.789388 7.175809
v 0.940920 0.692247 7.187013
v 0.819017 -0.901117 7.029790
v 1.019053 -0.304588 7.375138
v 1.163231 -0.440905 7.289291
v 1.113439 0.706514 6.701743
v 1.027180 0.198629 7.367718
v 1.070317 0.342410 6.317410
v 1.055933 0.141123 7.343234
v 1.046128 -0.318957 7.360121
v 1.034512 -0.800606 7.174425
v 1.109847 -0.443687 6.352626
v 1.040563 0.414285 6.017040
v 1.090737 0.437105 6.068068
v 1.107138 -0.453757 6.081201
v 1.109847 0.424841 6.352715
v 1.145682 0.414285 7.302114
v 1.099070 -0.501311 6.031424
v 1.215113 0.271123 6.423176
v 1.220148 0.479447 6.111132
v 1.083656 -0.405232 6.323534
v 1.199713 0.126739 6.402653
v 1.332747 -0.552590 7.172717
v 1.186390 -0.721134 6.701727
v 1.321454 -0.512559 6.527722
v 1.305436 0.650612 6.700609
v 1.292186 -0.442097 6.197185
v 1.286165 0.415699 6.194506
v 1.296662 -0.483158 6.166783
v 1.271604 0.490872 6.103299
v 1.272428 0.386165 6.479903
v 0.817310 0.781569 6.713904
v 1.055933 0.773722 6.705776
v 1.303361 0.465638 6.169124
v 1.300357 0.494597 6.026963
v 1.319025 -0.439874 6.514015
v 1.308911 0.435162 6.196449
v 1.314476 -0.663642 6.701875
v 1.329110 -0.456422 6.197347
v 1.329110 -0.433985 6.205768
v 0.840277 -0.908626 6.850927
v 1.501629 -0.606519 7.181242
v 0.035836 0.658386 7.211188
v 0.227818 -0.801696 7.037844
v 0.279553 -0.821601 7.037844
v 0.279553 -0.821954 6.836557
v 0.725249 0.763078 7.112885
v 1.070317 -0.208700 7.362358
v -0.204761 -0.312730 5.852368
v 0.206720 -0.203636 5.924759
v 0.236416 -0.350861 5.818550
v -0.252418 -0.355720 5.734411
v -0.051131 0.169876 5.929868
v 0.209032 0.171201 5.926069
v -0.082755 -0.776137 5.194077
v 0.035585 -0.610818 5.225275
v 0.035085 0.855624 4.536273
v 0.115647 0.695913 5.091078
v -0.022377 0.644443 5.326919
v 0.220677 0.583963 5.414489
v -0.106178 0.263659 5.676448
v 0.178910 0.273346 5.683058
v -0.166158 -0.283770 5.678244
v -0.036806 0.842020 5.010723
v 0.035129 0.859790 4.924345
v 0.111333 -0.724903 5.071615
v -0.008008 -0.611495 5.263863
v 0.032214 -0.652159 5.266174
v 0.064309 -0.822513 5.011165
v 0.058170 0.854211 4.579293
v -0.051131 -0.658416 5.364992
v 0.234016 -0.611480 5.398810
v 0.088601 0.812649 4.938729
v 0.068682 0.807555 4.475646
v -0.008008 -0.666543 5.341288
v 0.043786 0.589602 5.222625
v 0.032891 0.883906 4.794949
v 0.129574 0.796660 4.809333
v 0.114219 0.637112 5.161585
v -0.043401 -0.872732 4.989670
v 0.125025 -0.811604 4.564909
v 0.092974 -0.663377 5.197817
v 0.038810 -0.899719 4.679936
v 0.050455 -0.486515 5.542075
v -0.106119 0.335343 5.722117
v 0.235812 0.327761 5.713446
v -0.202096 -0.369338 5.779815
v 0.266185 -0.368219 5.786028
v 0.118812 0.756835 4.996236
v 0.084155 -0.616206 5.191545
v 0.092635 -0.708752 5.255029
v 0.130988 -0.804184 4.895592
v 0.124304 -0.764256 5.010369
v 0.197784 -0.721531 5.086897
v 0.130134 0.783454 4.579293
v 0.141691 -0.593563 5.112574
v 0.132872 -0.595639 5.143093
v 0.117119 -0.540223 5.591513
v 0.100968 -0.540370 5.556960
v 0.114174 0.522143 5.578543
v 0.171548 0.493434 5.636108
v 0.144650 0.577411 5.119758
v 0.136582 -0.807805 4.694305
v 0.131459 -0.554460 5.473733
v 0.129751 -0.760252 4.478649
v 0.121182 0.534304 5.558211
v 0.193279 0.211983 5.912922
v 0.161449 0.263158 5.665332
v 0.142633 0.278602 5.636270
v 0.137259 0.701847 5.039373
v 0.178910 -0.591708 5.499454
v 0.154117 0.715966 4.896211
v 0.042799 -0.311419 5.549628
v 0.186830 -0.282622 5.678538
v 0.135169 0.712403 5.212923
v 0.152865 -0.720280 4.508477
v 0.154809 0.735532 4.737443
v 0.154588 -0.738992 4.881208
v 0.156502 0.722650 4.605602
v 0.150598 -0.764668 4.737442
v 0.149199 0.701464 4.507800
v 0.191689 0.615779 5.082363
v 0.265434 0.777800 5.138957
v 0.144768 -0.728524 5.247271
v 0.207663 -0.765360 5.183139
v 0.156178 -0.670076 5.024989
v 0.185962 -0.628117 5.075576
v 0.243866 -0.671018 5.032173
v 0.154264 0.591251 5.086853
v -0.104706 0.349727 5.794508
v 0.480840 0.334548 5.822172
v 0.202068 -0.640778 5.076636
v 0.155280 0.648934 5.028831
v 0.153263 -0.752434 4.622415
v 0.156605 -0.699182 4.973239
v 0.252007 0.716216 5.025696
v 0.228304 -0.117670 5.923081
v 0.221576 0.644473 5.053418
v 0.408950 0.342557 5.758246
v 0.229334 -0.842904 4.485760
v 0.164526 -0.701744 4.482418
v 0.156016 0.679027 4.971414
v 0.179278 0.712933 5.112574
v 0.274709 0.678659 4.999254
v 0.248135 -0.203945 5.897655
v 0.281187 0.757630 5.012504
v 0.250800 0.843861 4.490074
v 0.293922 0.402934 5.706806
v 0.273384 -0.857744 4.500159
v 0.481385 0.733500 4.808494
v 0.323809 -0.825767 5.095745
v 0.184666 -0.472308 5.665686
v 0.273517 -0.411783 5.707778
v 0.504160 -0.340879 5.823350
v 0.243453 -0.786340 5.132405
v 0.223445 -0.352819 5.713799
v 0.190010 0.577750 5.485069
v 0.265169 -0.261451 5.874069
v 0.289108 -0.697607 4.991834
v 0.298413 -0.338965 5.721337
v 0.280554 0.141947 5.882652
v 0.337766 0.240780 5.865059
v 0.322675 0.126739 5.889749
v 0.331686 -0.670311 5.370042
v 0.544353 0.752551 5.234300
v 0.451513 -0.753803 4.851748
v 0.350369 0.729466 4.497317
v 0.509593 0.342719 5.801369
v 0.359202 0.184245 5.866546
v 0.346658 0.069233 5.882725
v 0.580438 -0.790345 5.140679
v 0.466456 -0.735959 5.283782
v 0.416473 0.325199 5.722618
v 0.293922 -0.218314 5.883329
v 0.394566 -0.290204 5.856152
v 0.359511 -0.203945 5.866855
v 0.403782 -0.741245 4.904544
v 0.412189 -0.847100 4.924345
v 0.373881 -0.207463 5.852044
v 0.408950 0.691085 5.244281
v 0.438115 0.696694 5.240366
v 0.388206 0.808247 4.918471
v 0.567100 0.920050 4.881209
v 0.456842 -0.848190 4.841340
v 0.250800 0.776534 5.125633
v 0.480222 0.883891 4.940070
v 0.473155 0.839194 4.830165
v 0.749218 0.851546 5.001153
v 0.501658 -0.325906 5.837218
v 0.437703 -0.879431 5.010605
v 0.461377 0.734516 4.847302
v 0.360645 0.708310 4.932664
v 0.479971 0.744969 4.823702
v 0.481826 -0.764639 4.809657
v 0.423231 -0.332311 5.719924
v 0.538346 -0.340953 5.750694
v 0.482180 -0.865312 4.794949
v 0.480840 0.726713 4.507402
v 0.527687 -0.282180 5.721970
v 0.619615 -0.281768 5.723575
v 0.533017 -0.355175 5.778711
v 0.492456 0.759353 4.766196
v 0.499582 0.870111 4.809333
v 0.487804 -0.872894 4.517738
v 0.488761 -0.756895 4.648150
v 0.500774 -0.888529 4.751811
v 0.490336 0.735458 4.608046
v 0.573224 -0.944608 4.875422
v 0.567100 -0.841182 5.071321
v 0.466456 0.301069 5.720571
v 0.570147 -0.279751 5.741551
v 0.531942 0.309902 5.823571
v 0.595853 0.321548 5.763738
v 0.583088 -0.276954 5.770231
v 0.581469 -0.299612 5.792918
v 0.581469 -0.342528 5.795922
v 0.574947 -0.268518 5.736148
v 0.625371 -0.353187 5.785719
v 0.530352 -0.318957 5.822319
v 0.571133 0.261406 5.778696
v 0.581469 0.321710 5.781081
v 0.581469 0.922170 4.493018
v 0.543588 -0.218314 5.806271
v 0.542586 0.083602 5.805712
v 0.604701 -0.026155 5.793816
v 0.543632 0.276394 5.723442
v 0.912079 0.291175 5.725930
v 0.567100 0.275540 5.737885
v 0.754003 -0.294106 5.723678
v 0.592952 -0.276954 5.745128
v 0.768386 0.296004 5.748912
v 0.618187 0.112355 5.793551
v 0.760745 0.867431 5.044850
v 0.638990 -0.820172 5.096879
v 0.655538 -0.318957 5.840501
v 0.610664 0.314614 5.790607
v 0.647161 0.318662 5.822010
v 0.596824 -0.317647 5.737959
v 0.710880 -0.355322 5.764298
v 0.659307 0.335637 5.809716
v 0.696378 -0.845952 5.039211
v 0.682112 0.284889 5.846288
v 0.812554 -0.943135 4.881385
v 0.682112 -0.338170 5.833995
v 0.818208 0.924805 4.485172
v 0.682112 0.333473 5.768700
v 0.689002 -0.311832 5.851720
v 0.676856 0.320665 5.837218
v 0.762939 -0.885747 5.036399
v 0.834667 0.334946 5.766035
v 0.855029 -0.302233 5.725194
v 0.940920 -0.842860 5.116298
v 0.883399 0.297123 5.855489
v 0.812348 0.211806 5.868813
v 0.819857 -0.914735 4.944353
v 0.796492 -0.894566 4.994793
v 1.023705 0.344765 5.787000
v 0.853409 -0.261510 5.877190
v 0.912152 0.802210 5.154386
v 0.782756 0.184245 5.857756
v 0.798052 -0.247200 5.864912
v 0.861845 0.033457 5.937950
v 0.825643 -0.219124 5.890278
v 0.797140 -0.938615 4.478649
v 0.854646 -0.936834 4.967483
v 0.861315 -0.183569 5.938333
v 0.860447 0.179402 5.924891
v 0.888876 -0.988069 4.932384
v 0.886314 0.069233 5.953807
v 0.927375 -0.219389 5.940600
v 0.897783 0.966868 4.929660
v 1.058804 0.414300 5.715227
v 1.041549 0.385532 5.713549
v 0.977255 -0.354939 5.808642
v 0.997396 -0.276645 5.902675
v 0.871400 0.970195 4.881209
v 0.964594 -0.987863 4.918177
v 0.912152 -0.160808 5.957134
v 0.870016 -0.990277 4.881208
v 1.008732 -0.203945 5.949493
v 1.012796 0.796910 5.164750
v 1.020452 0.275879 5.887643
v 1.031331 -0.927780 4.957309
v 1.005965 -0.311346 5.865471
v 1.027180 0.922332 4.942131
v 1.027180 0.795026 5.075031
v 0.972471 -0.323551 5.737488
v 1.012781 0.197952 5.958282
v 0.961090 0.262820 5.721941
v 1.027180 0.276011 5.722176
v 0.969674 0.267207 5.732129
v 0.984705 0.967000 4.491885
v 1.006656 -0.354130 5.787000
v 1.027180 0.787532 5.096879
v 1.037280 -0.433985 6.018703
v 1.150555 -0.785884 5.175453
v 1.017374 -0.449753 5.829106
v 1.019951 -0.455612 5.881136
v 1.021600 -0.405232 5.769333
v 1.042344 -0.431335 5.714138
v 1.061130 -0.500207 5.945149
v 1.017198 -0.340909 5.750841
v 1.021836 0.429317 5.873259
v 1.033614 0.451239 5.847333
v 1.056198 0.471527 5.943839
v 1.003344 -0.303867 5.735044
v 1.035660 -0.323462 5.737340
v 1.055521 -0.812900 5.096290
v 1.049602 -0.351774 5.721661
v 1.049676 -0.400506 5.720910
v 1.051546 0.356779 5.720026
v 1.041711 0.300259 5.738548
v 1.033849 -0.958521 4.852455
v 1.064075 -0.972610 4.929557
v 1.069816 -0.074548 6.061178
v 1.063972 -0.498205 5.795627
v 1.035233 0.938718 4.900981
v 0.979287 0.812222 5.107995
v 1.084686 0.786575 5.125633
v 1.050869 0.342410 5.740550
v 1.070317 0.483408 5.916397
v 1.078429 -0.944269 4.974520
v 1.103399 0.479992 6.017040
v 1.099070 -0.848293 5.079227
v 1.117885 0.479816 5.762560
v 1.142192 -0.504108 5.729493
v 1.095640 -0.468347 5.691244
v 1.272988 0.495274 5.743318
v 1.199007 0.491947 5.946460
v 1.193928 -0.800385 5.175586
v 1.242159 0.730070 5.240822
v 1.472876 0.627660 5.427563
v 1.192691 -0.512868 5.906591
v 1.228776 0.524749 5.944428
v 1.214304 -0.516299 5.973593
v 1.218706 0.524013 5.844506
v 1.343480 0.726301 5.280131
v 1.201996 -0.532597 5.858890
v 1.251095 -0.541371 5.794920
v 1.193133 -0.512515 5.841208
v 1.280128 -0.512898 6.024033
v 1.192058 0.493581 5.849865
v 1.271604 -0.495069 5.671972
v 1.242836 0.531742 5.844506
v 1.242836 0.531757 5.930765
v 1.234503 -0.513590 5.777003
v 1.272841 -0.543668 5.987698
v 1.278759 0.522128 5.779800
v 1.306349 -0.512559 5.864632
v 1.292672 0.507317 5.873259
v 1.291082 0.521731 5.910139
v 1.314196 0.503637 5.843844
v 1.300813 -0.545258 5.929853
v 1.306334 -0.512441 5.895667
v 1.278052 0.522482 5.995927
v 1.313931 0.525176 5.816754
v 1.257220 -0.547923 5.830122
v 1.329110 0.525426 5.999977
v 1.343480 0.497998 5.844506
v 1.350178 -0.527650 5.852883
v 1.386617 -0.550499 5.830122
v 1.386617 0.532110 5.815753
v 1.401000 0.492344 6.006116
v 1.448422 -0.700419 5.348841
v 1.401943 0.657620 5.358602
v 1.401000 -0.669119 5.359869
v 1.343480 0.504873 5.910699
v 1.369553 0.517756 5.873259
v 1.322824 0.536659 5.951568
v 1.400353 0.524572 5.973152
v 1.386617 -0.550293 5.930765
v 1.401000 -0.500796 5.715109
v 1.429754 0.681633 5.349621
v 1.458507 -0.493950 5.657603
v 1.458507 -0.508672 5.787000
v 1.420007 -0.540694 5.811380
v 1.427148 0.525102 5.815753
v 1.429710 -0.538279 5.960785
v 1.379918 -0.541931 5.995648
v 1.372233 -0.512000 6.023076
v 1.429754 0.496305 5.772616
v 1.470815 0.495392 5.887643
v 1.429754 0.531992 5.873259
v 1.458095 -0.510925 5.959533
v 1.446022 -0.538015 5.858890
v 1.573520 0.489915 5.801369
v 1.486598 0.466668 5.672031
v 1.543942 0.455626 5.716066
v 1.530721 0.482318 5.729008
v 1.549728 0.389095 5.711237
v 1.659794 0.491049 6.031409
v 1.560991 -0.462738 5.727388
v 1.599019 0.481612 5.801369
v 1.633352 -0.490843 5.831005
v 1.591098 0.331927 5.755184
v 1.608589 -0.335226 5.764695
v 1.645410 0.324551 5.772616
v 1.608368 0.319192 5.766035
v 1.679934 0.360474 5.884213
v 1.680170 -0.382441 5.882373
v 1.670821 -0.347725 5.763459
v 1.529322 -0.460647 5.685811
v 1.918587 -0.433985 5.697177
v 1.487260 0.637936 5.380583
v 1.415326 -0.654676 5.412134
v 0.052531 -0.870170 4.909961
v 0.250800 0.284889 5.857315
v 0.349250 -0.793893 4.953599
v 0.363692 0.011726 5.857079
v 0.386557 -0.858613 5.028051
v 0.479633 -0.903075 4.953319
v 0.509107 0.299979 5.835922
v 0.617171 -0.282180 5.794346
v 0.631849 -0.138135 5.808525
v 0.811524 0.918887 4.895592
v 0.808064 0.892960 4.953099
v 0.820917 0.895669 5.016936
v 0.853395 -0.928795 4.996545
v 0.682112 -0.845054 5.121333
v 0.969674 0.966220 4.926819
v 0.898210 0.168787 5.949360
v 1.247533 0.708516 5.303496
v 1.019730 -0.189561 5.967469
v 1.020864 0.400270 5.958341
v 1.012796 -0.819142 5.082495
v 1.142855 0.769703 5.169815
v 1.257220 -0.550499 5.945149
v 1.349766 0.792906 5.154371
v 1.193618 0.464548 5.664920
v 1.371496 0.510748 5.757216
v 1.313755 0.690731 5.297312
v 1.343480 -0.512250 5.724974
v 1.507047 -0.497542 5.695028
v 1.612858 -0.513678 5.844506
v 1.170960 -0.812296 5.113957
v 2.206134 0.682737 5.350888
v 1.587904 0.845613 4.029169
v 1.731684 -0.362094 2.738633
v 1.925300 -0.398106 2.731728
v 1.703476 -0.333915 2.732729
v 2.004846 -0.333341 2.668303
v 1.832313 -0.388418 2.810847
v 1.811333 0.407616 2.860595
v 1.889834 -0.424400 2.907148
v 1.889834 -0.423752 2.853984
v 1.866351 -0.413079 2.831488
v 1.861081 0.372312 2.767725
v 1.961710 0.389360 2.806298
v 1.817502 -0.472175 2.912271
v 1.962328 -0.388403 2.754445
v 1.955938 -0.412092 2.803927
v 1.932956 -0.419174 2.882738
v 2.019231 0.369102 2.724588
v 1.717300 0.331972 2.732714
v 2.125130 0.364185 2.673913
v 2.490456 -0.455185 2.804958
v 1.962402 -0.376154 2.782727
v 1.966922 -0.368072 2.773452
v 1.955585 0.349241 2.789602
v 1.907736 0.349197 2.790206
v 2.007482 0.437106 2.903202
v 1.960708 -0.423237 3.384615
v 1.904203 -0.382971 3.595442
v 2.148406 -0.365451 3.399456
v 3.032732 -0.613688 3.954143
v 2.057833 0.348962 2.760923
v 2.237610 -0.368808 2.716755
v 2.278024 -0.454199 3.103723
v 1.861081 0.415140 2.910990
v 2.085261 0.407013 2.861360
v 2.062353 -0.367350 3.237905
v 1.918587 0.572435 3.600757
v 3.169814 0.626099 3.643880
v 2.206134 -0.394999 2.667081
v 2.206134 0.393542 2.759406
v 1.875450 -0.652806 3.644748
v 2.224140 0.363684 2.687796
v 2.230676 0.406439 3.250257
v 2.206134 0.350846 3.381199
v 2.421790 0.437326 3.051650
v 1.990477 -0.365598 2.777559
v 2.253540 -0.412931 2.745523
v 2.206134 -0.416391 2.825231
v 1.832313 0.451254 2.930056
v 2.160568 0.333341 2.747187
v 2.190675 -0.368631 3.198596
v 2.099425 0.349256 3.220665
v 2.076737 -0.368587 2.748350
v 2.364283 0.415346 3.242174
v 2.206134 0.328026 2.626314
v 2.148627 -0.367468 2.746922
v 2.241527 0.335181 2.717418
v 2.178293 0.349241 3.199582
v 2.303788 0.348093 3.178470
v 1.903673 -0.592444 3.597047
v 2.251994 0.364479 2.644673
v 2.335531 -0.743865 4.311062
v 2.216616 -0.728539 4.256368
v 2.680598 0.951865 4.194886
v 2.339962 0.334902 2.703314
v 2.335957 0.410458 3.272046
v 2.119874 -0.741598 4.240983
v 2.683395 -0.908434 4.243279
v 2.469889 0.436060 2.803353
v 2.321073 0.344457 3.155149
v 2.565571 -0.453418 3.012134
v 2.349090 -0.366334 3.156768
v 2.795611 -0.375492 3.328448
v 2.565571 -0.329013 2.544266
v 2.281381 -0.745411 4.243383
v 2.651845 0.740096 4.324901
v 2.680598 0.903119 4.336841
v 2.436174 -0.392688 2.638328
v 2.257736 0.406895 2.818326
v 2.464927 -0.391142 2.609560
v 2.349914 -0.367380 2.704359
v 2.470035 -0.355499 2.573254
v 2.409909 0.407867 2.788292
v 2.441018 -0.398518 2.702666
v 3.198184 -0.654161 3.659132
v 2.441430 0.393041 2.716902
v 2.738104 0.353099 3.314065
v 2.517339 0.363655 2.589052
v 2.430417 0.334607 2.688989
v 2.387633 0.334813 3.148141
v 2.504678 0.334445 3.120860
v 2.910829 0.327364 2.475688
v 2.667009 0.363331 2.567071
v 2.508064 -0.756468 4.315096
v 2.565571 0.405658 3.164940
v 2.436174 -0.366099 2.689916
v 2.579955 -0.403789 3.143224
v 2.497155 -0.354645 3.119491
v 2.799880 -0.440242 2.973826
v 1.616657 0.608712 4.009529
v 1.553394 0.637818 3.946679
v 2.464927 -0.417230 2.767725
v 2.493562 -0.367718 2.667184
v 2.565571 0.419174 3.199052
v 2.493106 0.345045 2.667921
v 2.262286 0.721310 4.261550
v 2.716712 0.737608 4.284930
v 2.262212 0.720309 4.292129
v 2.552129 0.371796 2.670527
v 1.084686 -0.980869 4.924345
v 2.674223 0.737343 4.241115
v 2.551201 -0.364420 2.662399
v 2.573403 0.392629 2.746245
v 2.508064 0.344604 3.314065
v 2.598505 0.349035 3.277553
v 2.833948 -0.973714 4.369923
v 3.048809 -0.973641 4.111306
v 2.680598 -0.971933 4.195946
v 2.723720 -0.444040 2.742122
v 2.715196 -0.759795 4.277362
v 2.668952 0.350463 2.544119
v 2.673546 -0.412431 2.716372
v 2.589804 0.420734 2.761085
v 2.680598 -0.385577 2.556102
v 2.651845 0.383972 2.653963
v 2.584813 -0.354380 3.090605
v 2.702932 0.421573 2.990713
v 2.582472 0.333738 3.089722
v 2.666214 -0.769026 4.329716
v 2.694967 0.352495 2.591805
v 2.666214 -0.432498 3.184668
v 2.795611 -0.425019 3.108611
v 2.824364 -0.433734 3.170284
v 3.055493 -0.612982 4.004185
v 2.694511 -0.360931 3.057833
v 2.738104 -0.365510 2.619174
v 2.735425 0.419998 2.733613
v 2.788087 0.335108 3.249226
v 3.025651 -0.440654 2.691094
v 3.169431 -0.606754 3.601596
v 3.040035 0.673079 4.029508
v 2.723720 -0.353158 3.064959
v 2.574360 0.334902 3.105829
v 2.792018 0.334180 3.049205
v 2.748999 0.392187 2.703799
v 2.795611 0.409015 3.131240
v 2.665125 0.334004 2.624253
v 2.694113 -0.778831 4.323944
v 2.779990 -0.363949 2.593822
v 2.781241 0.335800 3.034777
v 2.724015 0.902869 4.320897
v 2.693613 0.760501 4.323650
v 2.719259 0.888750 4.267793
v 2.689652 0.335888 2.602861
v 2.823981 -0.364362 3.241512
v 2.702299 0.737652 4.255661
v 2.676019 -0.770307 4.240880
v 2.729610 -0.916841 4.310356
v 2.720143 0.788165 4.307352
v 2.731994 0.874601 4.291260
v 2.717802 -0.769365 4.300624
v 2.751973 -0.928516 4.292998
v 2.903586 -0.383692 2.530574
v 2.867501 0.408191 3.159934
v 2.751428 0.906991 4.292806
v 2.729963 -0.907786 4.291452
v 2.805784 0.364155 2.545399
v 2.724456 0.333680 2.610296
v 2.910638 0.390200 2.623944
v 2.821154 0.924099 4.328656
v 2.853117 0.348446 2.502807
v 2.982926 0.351715 3.442916
v 2.781241 -0.351111 3.044406
v 2.802339 0.335078 2.587815
v 3.068788 0.418717 2.681450
v 2.997104 -0.439859 2.782624
v 2.838748 -0.952087 4.334868
v 2.853117 -0.975216 4.316774
v 2.873464 0.335741 2.587064
v 1.084686 0.962525 4.924345
v 2.838336 0.333385 3.256867
v 2.911654 0.420719 2.869178
v 2.876202 0.392172 2.969012
v 2.913052 0.379658 2.601095
v 2.837806 0.387947 2.998457
v 2.851998 0.389154 3.070538
v 2.881870 0.381675 3.112778
v 2.823893 -0.362845 2.594852
v 2.979584 -0.396678 2.589111
v 2.896254 -0.432498 3.170284
v 3.020616 -0.353909 3.418492
v 2.819461 -0.366334 3.040887
v 2.838409 -0.387859 3.068904
v 2.953760 0.960758 4.378006
v 2.815751 0.351111 3.037472
v 2.903365 0.450282 3.048145
v 2.824364 -0.394926 3.001666
v 2.875157 -0.412033 2.976800
v 2.896254 -0.419100 2.940244
v 2.766858 0.960228 4.234225
v 2.809994 0.406674 3.176688
v 2.865705 -0.354512 2.588153
v 2.893722 -0.396869 3.103311
v 2.881208 -0.448722 3.055934
v 2.898212 -0.958300 4.376887
v 2.930778 -0.427212 3.264641
v 2.902879 0.378083 3.134037
v 1.548314 -0.656148 3.917925
v 3.917058 -0.651805 3.903541
v 2.910638 0.333930 3.317775
v 2.924330 0.342189 2.551804
v 2.871446 -0.448840 3.039577
v 2.888304 -0.470673 3.017699
v 2.823598 0.371163 3.026518
v 2.903527 0.450120 2.990713
v 2.961578 0.938659 4.413472
v 2.954997 -0.415110 2.881368
v 2.921223 0.392437 2.674575
v 2.917190 -0.484571 3.003890
v 3.107081 -0.413667 3.304554
v 2.921577 0.403862 2.937505
v 2.931176 0.464725 3.000754
v 2.968144 0.452034 3.050899
v 2.990773 0.392084 2.845975
v 3.319763 -0.341350 2.386484
v 3.083157 -0.382176 2.480164
v 3.070172 0.398650 2.751957
v 3.025651 -0.479257 2.868368
v 3.029906 0.379099 2.572798
v 2.968144 -0.477048 3.040887
v 2.968144 0.397620 3.110172
v 2.936668 0.367173 3.141531
v 2.979805 0.340997 3.127147
v 3.025003 0.333194 3.430329
v 2.988049 -0.425019 3.090105
v 2.953760 -0.456407 3.077782
v 2.997207 0.372105 3.180663
v 3.020822 -0.401080 3.203719
v 3.022162 0.334372 2.545944
v 2.992893 0.322402 3.141531
v 2.991053 0.336830 3.162069
v 3.021852 -0.423635 2.821815
v 3.046100 -0.427109 3.365255
v 2.838748 0.394719 3.194679
v 3.050694 -0.903193 4.038886
v 3.212554 -0.482216 2.810847
v 3.054404 -0.353246 2.546945
v 3.074544 0.451328 2.801910
v 3.031069 0.409118 2.815485
v 2.968144 -0.416892 2.853984
v 3.040035 -0.420101 2.782094
v 3.067757 -0.376478 3.039798
v 3.137572 0.410988 2.952125
v 3.134966 0.334283 2.430180
v 3.085851 -0.338406 3.238449
v 3.055832 0.329086 3.211964
v 2.974637 -0.354174 3.133507
v 3.079020 -0.412313 2.589449
v 3.241322 0.462163 2.796478
v 3.090430 0.407145 2.659808
v 3.130711 -0.338553 2.987768
v 3.082804 0.390641 2.639388
v 3.327581 0.313642 2.383304
v 3.025651 0.602764 4.016375
v 3.201320 -0.419601 2.899801
v 3.169667 0.406277 3.473186
v 3.241557 -0.907492 4.180488
v 3.040035 -0.865312 4.030141
v 3.097541 -0.415876 2.638328
v 3.031981 0.407366 3.350886
v 3.169431 0.332163 2.497831
v 3.166487 0.333120 2.517397
v 3.093227 0.396516 2.706464
v 3.090695 -0.426432 2.746509
v 3.191765 0.348284 3.575390
v 3.088590 0.593415 4.055522
v 3.270075 -0.964277 4.608046
v 3.141208 -0.462252 2.710763
v 3.175895 0.320326 3.321956
v 3.241322 -0.370736 2.427251
v 3.193400 -0.354262 2.516955
v 3.155047 -0.480081 2.724588
v 3.240748 0.385474 3.429578
v 3.212554 0.964483 4.536156
v 3.256132 -0.404377 2.537390
v 3.255691 0.373755 2.521990
v 3.212554 0.948185 4.593662
v 3.116945 -0.355396 3.509492
v 3.284444 -0.969886 4.274447
v 3.125352 -0.425342 2.695025
v 3.226540 -0.409928 2.581455
v 3.241322 -0.373195 2.451410
v 3.226938 0.340364 2.494547
v 3.169431 -0.534628 3.591202
v 3.130593 -0.368528 3.595177
v 3.200908 -0.433985 2.626300
v 3.231148 0.888750 4.171463
v 3.193444 0.446160 2.648737
v 3.215646 -0.338921 3.353285
v 3.105874 0.391687 2.718581
v 3.179781 -0.352731 3.581618
v 3.162261 0.349580 3.594426
v 3.155047 0.336256 3.575861
v 3.217338 -0.472145 2.627698
v 3.018275 0.320665 3.091047
v 3.163513 0.558066 3.594942
v 3.287963 0.609845 3.549699
v 3.220106 0.392496 2.588374
v 3.256707 0.327540 2.864467
v 3.272651 0.405997 3.509757
v 3.289244 -0.422560 2.845975
v 3.284444 -0.982533 4.550525
v 3.270973 0.957931 4.276287
v 3.207725 -0.462738 3.567631
v 3.226938 0.451975 2.835507
v 3.260328 0.399916 2.859903
v 3.241322 -0.366791 2.503955
v 3.341951 0.460456 2.494547
v 3.288066 -0.643560 3.563936
v 3.206591 -0.396177 3.558489
v 3.240365 -0.424842 3.528852
v 3.327581 -0.333488 3.385955
v 3.040035 0.355425 2.480164
v 3.251495 0.350125 2.428576
v 3.230603 -0.337935 2.886757
v 3.275066 0.567813 3.521565
v 3.226643 0.413167 3.531355
v 3.284444 -0.433985 3.513879
v 3.251657 -0.420145 2.566968
v 3.198184 0.457423 3.572519
v 3.715771 0.315218 2.769698
v 3.274256 -0.339201 3.409849
v 3.177234 -0.614248 4.125779
v 3.282721 0.385709 2.509638
v 3.276450 -0.613247 4.198862
v 3.168121 0.317632 2.953317
v 3.290981 -0.339907 2.846490
v 3.471362 -0.981708 4.435512
v 3.288802 0.452447 2.540188
v 3.280174 0.394337 3.489778
v 3.292630 0.347813 2.488629
v 3.292262 -0.354321 2.487893
v 3.308678 -0.376478 2.422657
v 3.284444 -0.363508 2.437041
v 3.385087 0.318236 2.830384
v 3.327905 0.352598 3.486098
v 3.303642 -0.377038 2.478986
v 3.320338 0.392820 2.415414
v 3.639449 0.450606 2.718110
v 3.363387 0.450209 2.789234
v 3.503295 -0.642338 3.551466
v 3.304275 0.400137 2.465455
v 3.305674 -0.442097 2.480164
v 3.305968 -0.426844 2.429797
v 3.304172 0.356779 2.426514
v 3.682366 -0.958638 4.588759
v 3.284444 0.318736 3.412617
v 3.341862 0.337669 3.428062
v 3.413841 0.349212 3.508844
v 3.564114 0.421308 2.774733
v 3.428917 0.400814 2.816928
v 3.436278 0.896936 4.327066
v 3.327581 -0.476459 2.494547
v 3.462145 0.379673 2.357451
v 3.356334 -0.417245 2.396304
v 3.332336 -0.382220 3.509153
v 3.352448 0.375183 2.387912
v 3.859287 0.346341 3.427399
v 3.456978 0.592105 4.330334
v 3.450338 0.593842 4.234225
v 3.393067 -0.614631 4.283914
v 3.528868 0.859997 4.390093
v 3.543517 -0.879946 4.397513
v 3.476574 -0.612643 4.343157
v 3.473526 -0.621226 4.248344
v 3.500115 0.592708 4.359602
v 3.469742 0.615573 4.219856
v 3.495831 0.636405 4.234225
v 4.032086 0.632150 3.673501
v 3.464766 -0.613188 4.205472
v 3.493490 -0.626924 4.155533
v 3.528868 -0.661198 4.234225
v 3.507197 0.637171 4.183771
v 3.501086 -0.653866 4.191691
v 3.633604 -0.425416 2.774379
v 3.611123 0.390671 2.330155
v 3.518636 0.623876 4.271223
v 3.578292 0.636935 4.239849
v 3.572962 -0.611244 4.291908
v 3.577305 0.636773 4.200996
v 3.873921 -0.407705 2.273709
v 3.500115 0.593827 4.284238
v 3.567426 0.623920 4.271385
v 3.773337 -0.368145 3.429651
v 3.514484 -0.611966 4.142666
v 3.564394 -0.642383 4.155209
v 3.615128 -0.609154 4.162335
v 3.317290 0.593032 4.229102
v 3.509155 0.622154 4.155592
v 3.600464 0.592267 4.148540
v 3.528868 -0.644341 4.272298
v 3.596710 0.626246 4.205472
v 3.579970 -0.657164 4.209594
v 3.533977 -0.626409 4.385867
v 3.595414 -0.635272 4.245164
v 4.190235 -0.810603 5.102724
v 3.647635 0.319620 2.774262
v 3.579484 -0.340982 2.789367
v 3.758908 -0.329366 2.839615
v 3.950199 -0.641426 3.567484
v 3.816415 0.447117 2.683821
v 3.760174 0.461236 2.594190
v 3.758054 -0.348741 2.762233
v 3.769803 -0.481892 2.595191
v 3.766741 -0.340143 3.380169
v 3.802031 -0.472882 2.665315
v 3.769273 -0.338038 2.782094
v 3.771467 -0.493773 2.537684
v 3.773278 0.456333 2.465794
v 3.779520 0.479595 2.523300
v 3.758908 -0.476503 2.480164
v 3.787661 -0.469598 2.445315
v 3.755183 0.319001 2.771715
v 3.819551 -0.368984 3.508682
v 3.937758 -0.426447 2.717197
v 3.871182 0.350611 2.747628
v 3.917058 -0.453227 2.318230
v 3.931442 0.444835 2.437041
v 3.908195 -0.498307 2.459360
v 3.917058 -0.468435 2.433832
v 3.873921 0.379673 2.271236
v 3.965657 0.389861 2.286871
v 4.153208 0.938836 4.589422
v 1.984206 -0.426653 3.321558
v 2.091121 -0.434956 3.314065
v 2.500924 -0.771868 4.327684
v 2.522433 -0.433749 3.199052
v 2.378667 -0.416789 3.283633
v 2.479311 -0.367718 3.305040
v 3.040035 0.941560 4.094847
v 3.048868 0.882507 4.039534
v 3.945812 0.631900 3.917925
v 2.968144 -0.371914 2.484109
v 2.666214 -0.408088 2.667081
v 2.956425 -0.379364 3.131549
v 2.939391 0.406188 3.257692
v 3.040579 0.383898 3.227304
v 3.025651 0.948892 4.464265
v 3.061912 -0.469437 2.804001
v 3.155047 0.965381 4.622415
v 3.341951 0.628116 3.572858
v 3.277672 -0.469216 2.545399
v 3.523671 0.615572 4.384616
v 3.410602 -0.919402 4.310458
v 3.456978 -0.365054 3.429092
v 3.786322 -0.502621 2.581911
v 3.820861 0.393615 2.285458
v -0.433108 -0.815005 4.212715
v -0.226403 -0.166328 3.610253
v 0.132327 -0.168286 3.594044
v 0.237491 -0.190017 3.644792
v 0.456047 0.723312 4.011473
v 0.035129 0.818435 4.234225
v 0.526627 0.522349 3.220311
v 0.092635 -0.017041 3.568780
v 0.049955 -0.796322 4.392551
v 0.029107 0.793966 4.282957
v -0.107577 0.113710 3.511685
v 0.202790 0.149206 3.593779
v -0.007243 0.184363 3.136393
v 0.042785 0.008458 3.134037
v 0.088233 -0.740391 4.354258
v -0.000058 -0.197452 3.133963
v 0.446006 0.522452 3.320513
v -0.022377 0.740067 4.272195
v 0.040944 -0.160807 3.164483
v 0.035129 -0.232698 3.170402
v -0.086686 -0.541769 3.348780
v 0.013987 0.737490 4.298857
v 0.077854 0.832083 4.292630
v 0.106283 0.789696 4.364255
v 0.086393 -0.797779 4.340993
v 0.078060 0.746942 4.365448
v 0.111436 0.717644 4.403373
v 0.112908 -0.711535 4.381259
v 0.006376 0.214942 3.165617
v 0.150156 0.130906 3.580587
v 0.201906 -0.085811 3.579719
v 0.114925 0.720073 4.384425
v -0.143471 0.148102 3.594544
v 0.204998 0.178253 3.651314
v 0.169075 -0.865312 4.403299
v 0.158651 -0.885511 4.368215
v 0.140219 -0.668015 4.401282
v -0.384803 -0.285434 3.508520
v 0.301225 -0.190473 3.493591
v 0.480840 -0.533406 3.371571
v -0.237945 -0.543064 3.415901
v 0.638210 -0.543197 3.444183
v 0.206559 0.069292 3.581868
v 0.236416 -0.156126 3.607014
v 0.172270 -0.684607 4.444213
v 0.148360 0.651613 4.436057
v 0.129177 0.680116 4.415784
v 0.172756 0.678747 4.461129
v 0.212609 0.882846 4.416270
v 0.204748 -0.724225 4.468108
v 0.214553 0.838840 4.471774
v 0.220677 0.720648 4.479238
v -0.396198 -0.543314 3.218265
v -0.238048 -0.544051 3.457845
v 0.239655 0.159011 3.627582
v 0.256453 0.158334 3.652669
v 0.236416 -0.875780 4.474836
v 0.245029 -0.002658 3.593396
v 0.229437 0.120188 3.594294
v 0.250800 -0.920624 4.406759
v 0.271986 -0.117670 3.652257
v 0.243571 -0.110368 3.594441
v 0.380196 0.506846 3.376724
v 0.265169 0.900145 4.406759
v 0.276123 0.040480 3.647487
v 1.052503 0.431482 3.166809
v 0.257248 -0.175191 3.652345
v 0.408950 0.839046 4.500527
v 0.243924 -0.728686 4.500056
v 0.466456 -0.733030 4.507402
v 0.269748 0.824618 4.500350
v -0.462994 0.522349 3.220193
v 0.433831 -0.527017 3.394229
v 0.470387 0.521172 3.357202
v -0.209280 0.471807 3.501984
v 0.452072 0.504579 3.271487
v 0.488672 -0.741731 4.499128
v 1.167427 -0.887661 4.311033
v 0.480840 0.744969 4.492209
v 0.480074 0.831243 4.496037
v 0.494179 0.859099 4.493180
v 0.495209 0.497895 3.328448
v 0.489099 0.734634 4.497965
v 0.458329 -0.527237 3.307631
v 0.566540 -0.528180 3.385145
v 0.567100 0.270520 3.615200
v 0.481046 -0.876943 4.493342
v 0.509593 0.500472 3.357202
v 0.538346 -0.908950 4.449881
v 0.557456 0.912188 4.481667
v 0.854646 -0.275835 3.529779
v 0.682112 0.530152 3.443461
v 0.567100 -0.935141 4.478649
v 0.653359 0.520907 3.476513
v 1.113439 0.901131 4.378006
v 0.883399 -0.539516 3.475645
v 1.070317 0.523365 3.218545
v 1.084686 -0.550720 3.242174
v 1.127823 0.524072 3.426030
v 0.998427 0.630604 3.831651
v 0.998427 0.475119 3.178764
v 0.972647 -0.511764 3.493356
v 1.084686 -0.922185 4.392375
v 1.401000 -0.786988 4.096142
v 0.888361 0.968207 4.470905
v 1.070317 -0.551279 3.429092
v 0.883399 0.974214 4.493018
v 0.884916 -0.980030 4.464471
v 0.811524 -0.916473 4.441003
v 0.909488 -0.087165 3.499657
v 0.955290 0.486176 3.486363
v 0.872136 -0.989717 4.493018
v 0.911416 -0.255032 3.494019
v 0.913419 0.011064 3.492090
v 0.994289 0.954839 4.469875
v 0.864157 0.895257 4.428710
v 1.024751 -0.915398 4.428445
v 1.041004 0.626791 3.773497
v 0.947913 -0.498764 3.694982
v 0.998427 -0.656369 3.854265
v 1.033790 -0.642795 3.780785
v 0.927052 0.270181 3.492635
v 1.055653 0.415081 3.485229
v 1.035689 0.391613 3.491751
v 1.011515 -0.964218 4.480430
v 1.027180 0.943400 4.550525
v 1.012796 0.893211 4.430359
v 1.034394 -0.958668 4.645780
v 1.038295 -0.437960 3.112777
v 1.036278 -0.422000 3.065415
v 1.037589 -0.433985 3.166750
v 1.030684 0.328026 3.155915
v 1.055933 -0.964792 4.493018
v 1.153426 -0.542961 3.424071
v 1.076515 -0.376478 3.018494
v 1.020187 -0.411238 3.098408
v 1.079253 0.449266 3.084024
v 1.077413 0.435928 3.508064
v 1.069448 -0.505271 3.480930
v 1.050721 0.399916 3.050074
v 1.076029 -0.456481 3.060984
v 1.113439 -0.483938 3.178278
v 1.024589 0.385532 3.084024
v 1.017978 0.936363 4.478649
v 0.997867 -0.376640 3.491280
v 1.136407 -0.900985 4.414473
v 1.117547 0.408912 3.003610
v 1.241614 -0.639703 3.586255
v 1.139439 0.510085 3.438264
v 1.135656 0.909347 4.443065
v 1.099070 0.960876 4.521772
v 1.134964 -0.412475 2.990551
v 1.114823 0.471395 3.195754
v 1.110613 -0.467213 3.477382
v 1.136789 0.878120 4.429888
v 1.127823 0.460559 3.069641
v 1.285973 -0.429288 2.930880
v 1.132167 0.520303 3.251862
v 1.136539 -0.469216 3.466090
v 1.415370 0.634152 3.472215
v 1.113439 -0.480537 3.084024
v 1.099070 0.505462 3.207679
v 1.185330 0.475119 3.267026
v 1.372189 0.626085 3.471994
v 1.302757 0.396898 2.916614
v 1.218676 -0.539339 3.328448
v 1.386631 0.445453 2.926728
v 1.206280 0.852356 4.344291
v 1.212905 0.860379 4.350548
v 1.357863 -0.651908 3.515351
v 1.180515 -0.529446 3.424086
v 1.170960 0.527782 3.299695
v 1.196327 -0.937202 4.388503
v 1.308396 0.924084 4.299608
v 1.204027 0.487398 3.400692
v 1.157195 0.461825 3.457948
v 1.257220 -0.979898 4.392375
v 1.215761 -0.505875 3.385955
v 1.230646 -0.520244 3.342818
v 1.214083 -0.870303 4.344659
v 1.213170 0.517520 3.342788
v 1.213479 0.514752 3.314668
v 1.193103 -0.484056 3.436807
v 1.243263 -0.477990 3.402974
v 1.225066 -0.519287 3.313755
v 1.285914 -0.534643 3.414384
v 1.243852 -0.483938 3.313652
v 1.257220 -0.471836 3.337341
v 1.357863 0.554974 3.405477
v 1.234562 -0.857420 4.316833
v 1.285973 -0.842830 4.272445
v 1.329110 0.808232 4.230780
v 1.228658 0.456849 3.400839
v 1.266363 0.379320 3.392580
v 1.243808 -0.461457 3.355862
v 1.262358 -0.411238 3.380846
v 1.248681 0.388609 3.376959
v 1.259458 0.460809 3.328448
v 1.278082 0.363787 3.378903
v 1.372233 0.461265 2.969012
v 1.685661 0.406645 3.393625
v 1.472876 -0.483011 3.170284
v 1.366182 -0.913587 4.227968
v 1.415370 0.365804 3.365432
v 1.551259 0.364082 3.378564
v 1.467664 0.874366 4.128164
v 1.366682 -0.813400 4.199627
v 1.381758 0.792744 4.186215
v 1.401722 -0.636022 3.445567
v 1.591996 -0.469392 3.291289
v 1.415370 -0.399136 3.366109
v 1.378593 -0.397900 3.393228
v 1.386617 -0.592134 3.415091
v 1.486583 -0.474427 3.155709
v 1.415370 0.624863 3.448172
v 1.599137 0.952911 4.113559
v 1.516602 0.399136 2.823435
v 1.544766 -0.451740 3.319129
v 1.688547 -0.654161 3.472214
v 1.697307 -0.643207 3.449674
v 1.501629 0.650171 3.913376
v 1.501335 0.706072 4.017804
v 1.498008 0.733486 4.071599
v 1.688547 0.558066 3.395495
v 1.543603 -0.976482 4.161157
v 1.458507 -0.980634 4.248609
v 1.473200 0.454081 3.026445
v 1.444123 0.460544 3.112778
v 1.463130 -0.462738 3.098408
v 1.616657 -0.475488 2.853984
v 1.521461 -0.698873 3.985782
v 1.473023 -0.763270 4.089900
v 1.467223 0.441302 3.098408
v 1.717300 -0.477372 3.227805
v 1.478839 0.377626 3.112778
v 1.476012 0.384296 3.070818
v 1.500805 0.442303 3.014902
v 1.493385 0.391480 3.149319
v 1.457727 -0.473942 3.069640
v 1.493296 -0.397311 3.032849
v 1.530397 -0.705233 4.033807
v 1.519738 0.378156 3.033291
v 1.544766 0.372312 3.069655
v 1.490779 0.388978 3.030552
v 1.508711 0.392658 3.019304
v 1.487231 -0.463768 3.026842
v 1.530397 0.450547 3.005273
v 1.479678 -0.397576 3.120595
v 1.602273 -0.480979 3.184668
v 1.538995 0.676804 4.041094
v 1.572239 0.400962 3.022779
v 1.581367 0.391966 3.149113
v 1.501629 0.452211 3.160773
v 1.537435 -0.685358 4.026166
v 1.590627 -0.903649 4.038430
v 1.602273 0.929649 4.078372
v 1.520445 -0.411150 3.018906
v 1.603112 -0.471615 3.025237
v 1.596192 -0.397163 3.046025
v 1.631041 0.359842 3.332497
v 1.580204 0.622345 4.011929
v 1.680626 0.393218 2.745803
v 1.602273 -0.376213 3.357202
v 1.580763 0.378318 3.047983
v 1.594573 -0.627896 4.011546
v 1.559150 -0.474148 3.172301
v 1.607823 -0.471086 3.145977
v 1.508196 -0.397473 3.149054
v 1.590612 -0.970666 4.234225
v 1.616657 0.963702 4.378006
v 1.629922 0.943694 4.349208
v 1.580866 0.378289 3.134493
v 1.573520 -0.981311 4.320485
v 1.602817 0.452270 3.025694
v 1.606071 -0.951836 4.305762
v 1.631041 0.460205 3.155915
v 1.595250 0.392378 3.134641
v 1.607838 0.442038 3.128413
v 1.616377 -0.462738 3.084024
v 1.616598 0.903119 4.262978
v 1.598680 0.954074 4.205472
v 1.608250 0.937688 4.239437
v 1.597444 0.942414 4.291732
v 1.597723 -0.396516 3.112777
v 1.610812 0.429465 3.084024
v 1.631041 -0.478314 3.112777
v 1.606601 -0.936657 4.262802
v 1.659131 -0.936157 4.331600
v 1.621736 -0.894065 4.301478
v 1.631041 -0.982503 4.378006
v 1.623046 0.749651 4.254984
v 1.635457 0.734281 4.300742
v 1.637681 -0.742481 4.241218
v 1.702651 0.626349 3.457448
v 1.624268 -0.775637 4.298401
v 1.622089 -0.741024 4.262978
v 1.717300 -0.731940 4.262978
v 1.638034 0.909877 4.327816
v 1.674163 0.942767 4.203293
v 1.760437 -0.368528 3.305702
v 1.659794 0.735797 4.240453
v 1.579526 -0.627101 3.989801
v 1.688547 -0.770587 4.328037
v 1.638211 -0.743085 4.298946
v 1.702916 -0.424665 2.747894
v 1.717300 -0.468995 2.805930
v 1.638108 0.723356 4.270015
v 1.736660 0.694368 4.285312
v 1.659794 0.903119 4.334604
v 1.678462 0.750873 4.328479
v 1.645410 -0.933713 4.229587
v 1.746053 -0.740582 4.240644
v 1.656952 -0.368955 3.336193
v 1.875450 0.631650 3.644748
v 1.950344 -0.469157 3.174966
v 1.717153 0.359238 3.313299
v 1.674163 -0.592134 3.396334
v 1.722085 -0.453521 3.408672
v 1.731684 -0.438769 3.397173
v 1.725574 -0.413815 2.745493
v 1.711706 0.567871 3.406375
v 1.755579 -0.592134 3.448010
v 1.702916 -0.563381 3.401531
v 1.752237 -0.439491 3.432169
v 1.742064 -0.458247 2.799702
v 1.725103 0.421676 3.407332
v 1.713119 0.395161 2.744787
v 1.774807 -0.387388 2.784244
v 1.984838 0.349359 3.248976
v 1.702916 -0.743468 4.312417
v 1.789647 0.573849 3.486024
v 1.760967 0.359724 2.767548
v 1.809714 0.364376 2.745656
v 1.739708 0.450650 2.817340
v 2.145698 0.738683 4.241690
v 1.766179 0.405320 3.448099
v 1.803560 0.372974 3.460068
v 1.782963 0.364582 2.801925
v 1.801027 0.365230 2.816368
v 2.076737 0.414727 3.328448
v 1.577053 0.883494 4.038827
v 1.964566 0.408014 3.319865
v 1.795080 -0.396766 2.833976
v 1.853307 -0.426432 2.904556
v 1.808286 0.333385 3.497832
v 1.817944 0.330558 3.486598
v 1.901156 0.334931 3.466340
v 1.932382 -0.364980 3.456638
v 1.921252 -0.368955 3.264655
v 1.795256 -0.364936 3.494902
v 2.781241 0.964321 4.378006
v 1.806313 -0.353850 3.492222
v 1.674163 -0.615426 3.989801
v 1.861081 -0.624745 4.015345
v 1.602273 -0.629545 3.956086
v 2.004846 0.344751 3.443461
v 1.897019 0.363964 3.594426
v 2.004332 0.439800 3.171123
v 2.147833 0.689244 4.280866
v 2.666214 -0.922818 4.330643
v 2.809994 -0.984373 4.392375
v 2.094213 0.680043 4.284562
v 2.267438 0.910510 4.341965
v 2.139808 -0.728259 4.254292
v 2.220518 0.691659 4.288169
v 2.651845 0.903119 4.232709
v 1.637990 0.892813 4.241277
v 1.602273 -0.969577 4.102782
v 3.039593 -0.634712 4.027638
v 0.080578 -0.031411 3.165676
v -0.281171 0.182228 3.650093
v 0.372791 -0.527429 3.407538
v 0.408950 -0.547599 3.328448
v 0.577729 0.506876 3.395966
v 0.567100 0.905740 4.392375
v 0.565907 0.894050 4.449778
v 0.430180 -0.326215 3.666272
v 0.854469 -0.305574 3.546210
v 0.659734 0.479035 3.177454
v 0.869589 0.241943 3.524892
v 0.874801 0.278882 3.536257
v 0.935900 -0.308622 3.495668
v 0.979641 -0.988054 4.484759
v 1.072864 -0.439609 3.478678
v 1.070317 -0.544242 3.216675
v 1.119623 -0.541224 3.235829
v 1.127823 -0.965985 4.478649
v 1.410026 0.766876 4.096864
v 1.486406 -0.419880 2.835611
v 1.432271 -0.656516 3.882665
v 1.099070 -0.982651 4.536156
v 1.343480 -0.477416 2.969012
v 1.567792 -0.883317 4.041227
v 1.549360 -0.470011 3.005023
v 1.832313 -0.477784 2.954628
v 1.462379 0.449752 3.320631
v 1.958485 0.450636 3.164189
v -0.741251 0.184245 5.688256
v -1.632658 0.031793 5.564866
v -0.571809 -0.224306 5.678583
v -1.247722 -0.124767 5.679304
v -1.373865 -0.002658 5.556400
v -1.258852 0.032235 5.564615
v -0.578007 0.061960 5.593045
v -0.554348 0.104449 5.679760
v -2.394669 -0.462738 5.545226
v -2.524066 -0.659240 5.367466
v -0.511211 0.280325 5.554309
v -0.512300 0.275304 5.598683
v -0.516526 -0.068026 5.591999
v -0.535179 -0.109926 5.665568
v -0.526979 -0.159571 5.696132
v -0.554981 0.212380 5.675358
v -0.523740 0.169876 5.695352
v -0.501465 -0.017042 5.561420
v -0.554348 -0.264690 5.645736
v -0.473521 -0.160734 5.721764
v -0.503496 -0.039199 5.563776
v -0.519485 0.083602 5.681204
v -0.521193 -0.089359 5.657603
v -0.516452 0.020103 5.563349
v -0.503805 0.047958 5.592603
v -0.431208 -0.239146 5.721911
v -0.396198 0.284138 5.600097
v -0.454809 0.185114 5.724944
v -0.367445 -0.297345 5.621547
v -0.353061 0.222392 5.739196
v -0.435802 0.486176 6.620886
v -0.431518 0.576499 6.624891
v -0.431194 0.575689 7.253500
v -0.431945 0.506714 7.389095
v -0.421344 0.384266 7.309755
v -0.432210 -0.477122 6.614408
v -0.431576 -0.597744 6.560288
v -0.421904 0.486176 7.195994
v -0.420240 -0.462547 6.404980
v -0.418444 0.552177 6.721529
v -0.424009 0.514929 7.195994
v -0.429766 -0.490328 7.439181
v -0.420741 -0.433985 7.509157
v -0.403530 -0.642560 6.614364
v -0.420947 -0.361462 7.353393
v -0.414425 0.455803 7.210363
v -0.424171 0.457422 6.664023
v -0.418621 0.301952 7.374564
v -0.417840 0.262613 6.484379
v -0.418326 0.580385 7.320385
v -0.418812 -0.290204 6.485144
v -0.429913 0.265470 6.390787
v -0.407608 0.386931 6.346295
v -0.416324 0.606783 6.577763
v -0.405562 -0.587232 7.382896
v -0.405930 -0.615632 7.311006
v -0.431282 -0.597111 7.267884
v -0.425113 0.471777 7.016319
v -0.429147 -0.261451 6.462736
v -0.421874 -0.361565 6.535068
v -0.418194 -0.440698 6.643043
v -0.423759 -0.548998 6.764667
v -0.400306 0.587644 6.664656
v -0.407682 0.485601 7.468700
v -0.425673 -0.534628 7.152857
v -0.420476 -0.603236 6.534627
v -0.396198 -0.319443 6.505004
v -0.381814 0.437194 7.219505
v -0.396198 0.270520 6.494169
v -0.406048 -0.630075 7.210363
v -0.430811 0.514929 6.502723
v -0.382845 -0.626188 7.166563
v -0.396198 0.614674 7.224747
v -0.421418 -0.103743 6.362063
v -0.367445 0.601866 6.678407
v -0.400527 0.591825 6.515267
v -0.381814 -0.633741 6.549010
v -0.395727 -0.563014 6.463207
v -0.415897 0.408382 6.626510
v -0.381814 0.616544 6.549010
v -0.403736 0.623022 6.628777
v -0.425673 0.342410 6.520257
v -0.396198 0.439711 6.678407
v -0.396846 0.297977 6.503812
v -0.389058 -0.254281 5.722309
v -0.396198 -0.290204 6.491239
v -0.392856 -0.430083 6.337565
v -0.419106 -0.464048 6.662757
v -0.381814 -0.454170 6.674697
v -0.421109 -0.475915 7.223673
v -0.381814 0.596271 6.510408
v -0.398834 0.586024 7.167093
v -0.367445 0.602690 7.167241
v -0.382226 -0.621271 6.664111
v -0.417207 -0.627204 6.625479
v -0.417693 -0.584818 6.671046
v -0.381814 0.627159 6.635270
v -0.400070 -0.405232 6.329129
v -0.389058 -0.599334 7.375742
v -0.381814 -0.638540 7.210363
v -0.367445 -0.642059 6.641586
v -0.381814 0.439623 7.521686
v -0.324308 -0.627837 6.527898
v -0.406754 -0.409251 7.282253
v -0.243702 -0.326407 7.361491
v -0.393342 -0.458572 7.520847
v -0.406106 0.414285 7.521436
v -0.416427 0.422795 7.247817
v -0.396198 0.284889 7.366805
v -0.396198 0.554415 7.408440
v -0.420652 -0.304588 7.385797
v -0.079884 0.442729 7.138487
v 0.003196 0.262952 5.549274
v -0.383110 0.400505 6.328775
v -0.391884 0.342410 6.324005
v -0.121711 0.372576 6.324035
v -0.122800 0.607593 7.253265
v -0.189729 0.277807 5.614466
v -0.309364 -0.247862 5.744348
v -0.312309 0.212689 5.757908
v -0.166158 -0.632489 6.549010
v -0.238048 -0.629162 6.673917
v -0.036761 0.636891 5.362548
v -0.252418 -0.639541 7.195994
v -0.317948 0.179446 5.765991
v -0.326163 -0.189561 5.762840
v -0.238048 -0.645107 6.620886
v -0.276091 -0.313922 5.824321
v -0.290048 -0.331339 5.743863
v -0.289621 -0.313952 5.810586
v -0.194911 0.395573 6.324270
v -0.151774 0.574496 6.489634
v -0.275031 -0.341453 5.721558
v -0.094268 -0.454935 6.658959
v -0.071742 -0.456039 6.682794
v -0.108637 0.292618 6.498424
v -0.230039 -0.354718 5.808274
v -0.252418 -0.359224 5.772616
v -0.252418 0.333238 5.805020
v -0.289327 0.294694 5.810276
v -0.276180 0.295828 5.824512
v -0.166158 0.617251 6.549010
v -0.174476 0.250202 5.880915
v -0.252418 0.625245 6.646327
v -0.108637 -0.590015 6.493315
v -0.108637 -0.117670 6.490680
v -0.100363 0.307694 7.361917
v -0.396198 -0.462591 7.210363
v -0.208338 -0.615632 6.735722
v -0.116204 -0.225940 5.909329
v -0.204878 0.592237 6.793420
v -0.210326 0.605797 7.138826
v -0.275252 0.321577 5.721676
v -0.108637 0.607593 7.195287
v -0.203553 -0.613085 7.052213
v -0.195868 0.597920 6.664612
v -0.123021 -0.614498 6.678407
v -0.296026 0.246860 5.699415
v 0.063882 0.323712 5.705761
v -0.068724 0.413608 6.665289
v -0.126525 -0.614071 7.142669
v -0.202847 0.593268 7.063285
v -0.094017 0.592281 7.123515
v -0.286324 -0.268165 5.696103
v 0.209312 -0.346812 5.700666
v -0.098110 0.605973 6.549010
v -0.072390 0.593724 6.655322
v -0.062820 0.432188 6.721529
v -0.079884 -0.625113 7.181610
v -0.065794 -0.217666 5.921358
v -0.098199 -0.328350 7.363080
v 0.074144 0.275643 5.575834
v -0.087289 -0.613747 7.043969
v -0.062452 0.581151 6.482936
v -0.107960 0.589793 6.521112
v -0.074216 -0.397164 6.600319
v -0.075496 -0.614248 6.721529
v -0.006830 0.156361 6.579516
v -0.085125 0.366540 7.306045
v -0.095681 -0.635272 6.549010
v -0.075644 0.614277 6.521450
v -0.043637 0.235583 6.570122
v -0.070226 -0.669193 6.577763
v -0.087201 0.593871 7.274583
v -0.042915 0.636537 7.296637
v 0.006435 0.083999 6.571521
v -0.084698 -0.247082 7.352715
v -0.036761 0.385532 6.318514
v -0.087039 -0.340555 6.527398
v -0.071242 0.450694 7.172541
v -0.058197 0.436178 7.232137
v -0.022377 -0.175191 5.935742
v -0.079884 0.441066 7.237291
v -0.028399 0.294694 7.233624
v -0.072390 0.364376 6.598714
v -0.051131 0.614983 6.664023
v -0.052029 0.656221 6.592339
v -0.047921 0.256533 7.281605
v -0.070240 -0.444585 7.235789
v -0.031314 -0.261451 7.258388
v -0.060803 0.653409 6.563380
v -0.099053 -0.300436 6.497879
v -0.064896 0.604059 7.253662
v -0.029194 -0.142125 6.555915
v -0.071153 0.397222 7.263909
v -0.053810 -0.433985 6.678407
v -0.036585 0.399916 6.965953
v -0.042798 0.397590 7.167241
v -0.058286 -0.455568 7.101446
v -0.032433 -0.376317 7.167668
v -0.027398 -0.400535 7.095350
v -0.009186 0.375904 7.023592
v -0.014368 -0.398415 6.894063
v 0.020760 0.666174 6.555812
v 0.013693 0.680263 6.599406
v -0.002325 -0.643988 7.216222
v -0.012852 -0.357958 6.711165
v -0.011969 -0.229915 6.596741
v 0.006376 -0.342749 7.148705
v 0.092635 0.681132 7.263526
v -0.025204 -0.668751 7.282253
v -0.045757 -0.657900 7.321474
v 0.020760 -0.363081 6.750283
v 0.019508 0.351464 6.764829
v 0.150156 -0.273538 5.671972
v 0.044772 0.665246 5.298166
v -0.030593 0.347401 6.687874
v -0.025013 0.382602 6.793420
v 0.768386 -0.448354 7.529872
v -0.417355 -0.584023 7.138487
v -0.410965 0.601468 7.209760
v -0.394858 0.581195 7.367394
v -0.289283 0.322004 5.758246
v -0.270409 0.334401 5.743863
v -0.092869 -0.609772 7.340290
v -0.238048 0.612495 6.664023
v -0.079884 -0.597685 7.386474
v 0.039178 0.682339 6.660372
v 0.006376 -0.671519 7.318603
v -0.086273 0.220183 5.909182
v -1.491896 -0.520244 5.238083
v -1.450835 0.548408 5.168770
v -1.446492 0.541459 5.240542
v -1.390855 0.563749 5.249346
v -1.258440 0.690981 5.066919
v -1.266670 0.680528 5.118904
v -1.316565 -0.667661 5.154371
v -1.209841 0.694868 5.046440
v -1.254877 -0.716054 5.058718
v -1.166586 0.564927 5.255029
v -1.345112 -0.581137 5.047309
v -1.244468 -0.365127 5.059219
v -0.971748 -0.219506 5.149291
v -1.186962 -0.348844 4.969029
v -1.186962 -0.294091 5.015316
v -1.244468 -0.713493 5.102665
v -1.230084 0.705321 5.068126
v -1.747686 0.203193 5.146568
v -0.683745 0.212999 5.141680
v -1.058375 0.040715 5.091329
v -1.010453 0.709120 5.060765
v -1.086319 -0.247082 5.024768
v -1.567364 0.594077 5.262155
v -1.129441 0.594887 5.275920
v -1.048452 -0.439947 4.766195
v -1.142529 -0.429553 4.621090
v -1.039074 0.564897 5.262420
v -1.058184 -0.415582 4.839146
v -1.186962 -0.447485 4.780565
v -1.057565 -0.382102 4.900098
v -1.071935 0.352451 4.906619
v -1.044212 -0.276438 5.014654
v -1.047539 0.232285 5.030421
v -1.049512 0.132746 5.074943
v -1.281510 -0.686212 4.486128
v -1.071935 0.412195 4.708690
v -0.899401 0.169876 5.153502
v -0.984291 -0.017042 5.135511
v -1.064941 0.392746 4.830960
v -0.998690 0.366584 4.966128
v -1.047716 0.303955 4.972164
v -1.004122 0.083602 5.116813
v -1.013471 -0.405585 4.483066
v -1.051941 -0.384370 4.527867
v -0.985395 -0.431070 4.507211
v -1.002282 -0.203945 5.085675
v -0.658334 -0.330780 5.078211
v -0.957128 0.413314 4.493946
v -0.993934 0.436517 4.584799
v -0.971291 0.461957 4.636799
v -0.991461 -0.483968 4.660384
v -0.970761 0.226558 5.085219
v -0.992948 0.464637 4.758776
v -0.981273 0.451269 4.838086
v -0.956922 -0.117670 5.137396
v -0.424951 0.637377 5.333456
v -0.943583 0.341497 5.012843
v -0.942538 -0.219153 5.100869
v -0.903876 -0.440904 4.499172
v -0.669361 0.682796 4.486997
v -1.003710 -0.481642 4.751811
v -0.981671 -0.471218 4.849040
v -0.654992 -0.732588 5.068126
v -0.975281 0.565383 5.252467
v -0.942538 0.107968 5.133759
v -0.856278 0.473573 4.751811
v -0.813141 -0.493655 4.766195
v -0.976606 -0.426196 4.930706
v -0.812022 -0.417731 4.954453
v -0.928169 0.261436 5.074074
v -0.669361 0.697872 5.045512
v -0.827525 -0.341866 5.033322
v -0.813141 0.436031 4.888688
v -0.787421 -0.200014 5.105330
v -0.813141 0.456098 4.608046
v -0.803881 -0.470570 4.861377
v -0.607644 0.550513 5.248316
v -0.818618 0.350007 5.003862
v -0.841895 0.169876 5.121599
v -0.813141 0.097986 5.137985
v -0.798772 -0.436900 4.495212
v -0.660409 -0.713404 4.444213
v -0.653460 -0.721914 4.479209
v -0.790822 -0.098001 5.133288
v -0.726190 0.423929 4.635960
v -0.657701 0.097986 5.151250
v -0.735907 -0.310875 5.017097
v -0.503894 0.637141 5.362872
v -0.770829 0.140770 5.114267
v -0.712498 -0.386961 4.922299
v -0.726190 -0.443289 4.650903
v -0.698129 0.263600 5.032365
v -0.720580 0.011726 5.118168
v -0.758903 0.565177 5.247904
v -0.741251 -0.251175 5.059322
v -0.620496 0.597685 4.299932
v -0.661779 -0.169980 5.147496
v -0.763894 -0.454744 4.827485
v -0.726882 0.347578 4.958075
v -0.749746 0.420940 4.843799
v -0.728310 0.367041 4.507255
v -0.738115 -0.410340 4.536156
v -0.654712 0.684533 4.434997
v -0.706462 0.090109 5.103931
v -0.757549 -0.383810 4.475454
v -0.841202 0.723224 4.284503
v -0.675780 -0.167079 5.075090
v -0.752146 -0.357678 4.455387
v -0.729517 -0.384929 4.498495
v -0.669464 -0.350066 4.463735
v -0.727132 0.435192 4.693893
v -0.652459 0.439814 4.651168
v -1.402206 -0.591030 5.253027
v -0.586134 -0.583551 5.245990
v -0.706623 0.321872 4.457934
v -0.729650 -0.314172 4.430197
v -0.747906 0.357736 4.476456
v -0.651664 0.433440 4.486658
v -0.655816 -0.390848 4.481461
v -0.690635 -0.315188 4.432774
v -0.812346 0.413358 4.495124
v -0.618200 -0.613556 4.298901
v -0.684422 -0.442553 4.796156
v -0.646924 0.420189 4.869298
v -0.658687 0.347062 4.957221
v -0.647203 -0.005190 5.131315
v -0.654653 -0.391113 4.507049
v -0.646246 0.390450 4.533182
v -0.646629 -0.447677 4.838322
v -0.647674 -0.325936 5.003200
v -0.661234 0.319914 4.456256
v -0.648190 0.712418 4.478649
v -0.643876 -0.433985 4.507402
v -0.647218 0.319325 5.001875
v -0.654992 -0.718410 5.043731
v -0.646717 -0.692778 5.033896
v -0.647409 0.351759 5.046941
v -0.649456 0.248347 5.118154
v -0.645304 0.284815 5.082481
v -0.669361 0.695781 4.473806
v -0.659762 0.143552 5.088443
v -0.654888 0.271153 5.039800
v -0.648808 0.184245 5.092757
v -0.660512 -0.243004 5.133862
v -0.649794 0.212999 5.129902
v -0.647807 -0.283020 5.104064
v -0.539964 -0.247082 3.649430
v -0.956922 -0.318957 3.670881
v -0.660424 -0.266825 5.045394
v -0.561135 0.564986 5.262214
v -0.653858 0.055099 5.115135
v -0.646526 -0.424548 4.550525
v -0.633349 -0.685535 5.132758
v -0.646953 0.449031 4.723059
v -0.655212 -0.406424 4.897315
v -0.648160 -0.411356 5.046175
v -0.630743 0.675729 4.404006
v -0.646762 -0.453978 4.651168
v -0.649500 0.726110 5.056628
v -0.634277 -0.745323 5.091388
v -0.647233 0.348579 4.470714
v -0.645157 0.371988 4.477398
v -0.646629 -0.276836 5.054611
v -0.616654 0.607563 4.328700
v -0.623088 -0.817110 4.870858
v -0.630464 -0.850928 4.595694
v -0.621733 -0.894065 4.886818
v -0.633452 -0.843964 4.888363
v -0.633585 -0.930312 4.901290
v -0.631627 -0.925012 4.938729
v -0.639091 -0.807805 4.593662
v -0.583720 -0.837471 4.622842
v -0.574533 0.644326 4.297782
v -0.635587 0.802431 4.882077
v -0.622558 0.904562 4.549097
v -0.611869 -0.932712 4.980527
v -0.581011 -0.894065 4.617483
v -0.614549 -0.923878 4.795243
v -0.620555 -0.945491 4.881208
v -0.619304 -0.915413 4.856180
v -0.607423 -0.933021 4.604086
v -0.604788 -0.944460 4.543119
v -0.622293 0.903723 4.579249
v -0.591316 -0.873895 4.426914
v -0.603860 0.899615 4.874569
v -0.607025 0.911732 4.525040
v -0.620600 0.912100 4.924345
v -0.605303 0.910907 5.004569
v -0.597412 0.604413 4.305188
v -0.553686 0.801327 5.153399
v -0.560104 0.923112 4.625684
v -0.573046 0.836808 4.889394
v -0.621983 0.903723 4.894636
v -0.559162 -0.810456 4.344733
v -0.605038 -0.930592 4.679936
v -0.574076 -0.919461 4.647179
v -0.582409 0.874204 4.882372
v -0.525595 0.925821 4.510214
v -0.605597 -0.922641 4.694320
v -0.576962 -0.829816 4.873523
v -0.573178 -0.937202 4.625139
v -0.568717 0.932049 4.881209
v -0.554348 -0.928089 5.058423
v -0.530836 0.794466 4.328302
v -0.582704 0.903119 4.838086
v -0.604861 0.924805 4.905162
v -0.560414 -0.900808 4.429049
v -0.588534 -0.626217 4.302361
v -0.560134 0.708045 4.284238
v -0.540008 -0.941560 4.494137
v -0.554348 -0.951969 4.608046
v -0.536622 -0.804625 5.178766
v -0.548135 0.726728 4.297120
v -0.559854 -0.827755 4.654702
v -0.561798 0.924761 5.018040
v -0.540538 0.859040 5.113192
v -0.560075 0.836617 4.820463
v -0.547001 -0.901573 4.657955
v -0.546177 -0.755629 4.299711
v -0.636235 0.803521 4.594914
v -0.547281 -0.845333 4.771481
v -0.568717 -0.912763 4.823702
v -0.550829 -0.894065 4.723058
v -0.547016 -0.899395 4.790841
v -0.572869 -0.904253 4.876865
v -0.537520 0.868212 4.398323
v -0.563005 0.845613 4.631057
v -0.553862 0.859997 4.651168
v -0.560104 -0.827887 4.852455
v -0.569880 -0.865312 4.880369
v -0.558353 0.821365 4.679936
v -0.576079 0.910363 4.787249
v -0.531484 -0.742702 4.284576
v -0.500434 0.737490 4.269942
v -0.525595 0.733338 4.286873
v -0.547885 -0.873071 5.118978
v -0.502731 -0.757057 4.284723
v -0.530144 0.896538 5.076003
v -0.411848 0.743703 4.288993
v -0.428926 -0.642221 5.290525
v -0.416383 -0.856817 5.116475
v -0.438820 -0.895537 4.436425
v -0.104470 -0.756998 4.284974
v -0.514744 0.721369 5.232415
v -0.424716 -0.767731 4.278672
v -0.430914 -0.957240 4.536156
v -0.447712 -0.944696 5.032865
v -0.443605 -0.247082 3.537804
v -0.519397 -0.124855 3.551275
v -0.367327 -0.134366 3.542971
v -0.468088 -0.945933 4.522449
v -0.448758 -0.930857 4.484700
v -0.450893 0.925659 4.992909
v -0.428234 0.944960 4.636166
v -0.416633 -0.986390 4.493018
v -0.445887 -0.958506 4.881208
v -0.396655 -0.837707 5.151750
v -0.468088 0.921036 4.507402
v -0.439321 0.877767 4.432921
v -0.445798 0.881079 5.060603
v -0.442618 0.906873 5.041861
v -0.422139 0.932917 5.068818
v -0.404001 0.968149 4.470788
v -0.440675 0.930945 4.507432
v -0.415131 0.920580 4.417624
v -0.403471 0.967869 4.694306
v -0.418105 0.910907 5.104476
v -0.422934 0.944637 4.895592
v -0.439321 0.212999 3.545827
v -0.401852 0.888750 4.386133
v -0.414778 0.966205 4.536156
v -0.338692 -0.119304 3.612108
v -0.232895 -0.114814 3.579203
v -0.381814 0.909185 4.385868
v -0.397464 0.834232 4.378933
v -0.381814 0.888750 4.378904
v -0.065515 0.799619 4.205472
v -0.403574 0.967928 5.018909
v 0.595853 -0.505875 3.501615
v -0.418238 -0.945329 4.427208
v -0.390132 -0.930754 4.384616
v -0.468088 0.390994 3.507328
v -0.410567 0.270520 3.512746
v -0.482458 0.505404 3.492443
v -0.308834 -0.204327 3.523773
v -0.200064 0.941015 4.435512
v -0.402102 -0.929119 5.118198
v -0.344169 0.220787 3.537376
v -0.378207 0.119024 3.536537
v -0.238048 0.095792 3.572858
v -0.395300 -0.865091 4.381937
v -0.403574 -0.987598 5.032438
v -0.405841 -0.945771 5.105580
v -0.213609 -0.988172 5.033749
v -0.238048 -0.928854 5.117932
v -0.389897 0.910627 5.118683
v -0.238048 0.922729 5.101649
v -0.381814 0.874366 5.130167
v -0.209369 0.212586 3.507166
v -0.225004 0.901765 4.388356
v -0.396434 0.831891 5.123542
v -0.252418 0.831243 5.127105
v -0.223664 0.738918 4.273534
v -0.108637 0.797941 4.339300
v -0.094312 0.620446 5.283532
v -0.497357 0.619371 5.283135
v -0.342181 0.118642 3.637917
v -0.277858 0.854137 4.385396
v -0.222369 0.286037 3.494534
v -0.255406 0.103242 3.595516
v -0.496842 -0.765964 4.265643
v -0.108637 0.779170 5.173967
v -0.137405 -0.549395 3.256558
v -0.238048 -0.146438 3.513850
v -0.130559 0.522070 3.292246
v -0.191363 0.506935 3.385955
v -0.224062 -0.879769 4.387781
v -0.180527 -0.888868 4.412619
v -0.200064 0.914043 5.093007
v -0.086583 0.738300 5.205120
v -0.191554 0.846334 5.096600
v -0.353061 -0.175191 3.654686
v -0.090219 -0.712963 5.246843
v -0.201257 0.899703 4.398706
v -0.189950 -0.969621 5.039373
v 0.107505 -0.147719 3.578600
v -0.201183 -0.973979 4.909961
v -0.201242 -0.988083 4.497862
v -0.179202 0.902368 4.450500
v -0.210576 0.965940 5.023914
v -0.201610 0.968163 4.484862
v -0.166556 -0.932756 4.995706
v -0.189140 0.874366 4.416417
v -0.189479 -0.109823 3.565070
v -0.201183 -0.931019 5.104962
v -0.203288 -0.843375 5.132420
v -0.187624 0.953558 5.018320
v -0.214360 -0.918269 4.384086
v -0.175095 -0.914205 4.445097
v -0.180954 -0.947788 4.910565
v -0.198283 -0.947552 4.421128
v -0.104397 -0.642177 5.290614
v -0.175183 0.923436 4.579293
v -0.186357 0.946786 4.493622
v -0.176891 0.907388 4.981852
v 0.265169 0.169876 3.495579
v -0.123021 0.735503 4.286770
v -0.165510 0.095100 3.559799
v -0.125936 -0.526884 3.361810
v -0.079884 -0.103301 3.513173
v -0.094253 0.871465 4.435365
v -0.169927 0.911040 4.484156
v -0.166158 -0.933050 4.507402
v -0.166158 0.901544 4.766196
v -0.075349 0.909788 4.881209
v -0.093532 0.848866 5.082098
v -0.184900 -0.879681 5.094229
v -0.164745 -0.912454 5.039476
v -0.094268 -0.902604 5.048589
v -0.037188 0.772721 4.251480
v -0.084418 -0.875308 4.410469
v -0.094268 -0.937128 4.521772
v -0.063939 0.906976 4.636799
v -0.176302 -0.928369 4.838086
v -0.079884 -0.926999 4.651168
v -0.094268 -0.920006 4.823702
v -0.070962 -0.931122 4.881208
v -0.094268 -0.530565 3.299695
v -0.133842 -0.040921 3.566218
v -0.085655 -0.527340 3.378579
v -0.065515 0.026096 3.512746
v -0.065515 0.734663 4.302877
v -0.122726 -0.090007 3.556501
v -0.078794 -0.909288 4.477044
v -0.069313 0.521333 3.325121
v -0.017048 0.507597 3.378682
v -0.108711 0.908831 4.982294
v -0.107503 0.899703 5.011901
v -0.029061 -0.211262 3.134243
v -0.008008 -0.826326 4.205472
v 0.027591 -0.758087 4.299196
v -0.058242 -0.743070 4.284532
v -0.070240 -0.932933 4.564909
v -0.056725 -0.816183 4.383586
v -0.094268 -0.809484 4.333043
v -0.056990 0.853666 4.469477
v -0.044756 -0.886277 4.516118
v -0.094268 0.932564 4.564909
v 0.040385 0.880800 4.679936
v 0.009364 -0.222878 3.164365
v 0.002224 0.634609 5.293543
v -0.026500 -0.902045 4.852455
v 0.048232 0.801607 5.023900
v -0.060833 -0.742084 4.300211
v 0.042961 -0.887219 4.847420
v 0.019670 -0.753995 4.321795
v -0.005476 0.575026 5.244929
v -0.050836 -0.631311 5.283856
v 0.020009 -0.673786 5.312565
v 0.037926 -0.885187 4.579293
v 0.408950 -0.538279 3.285311
v 0.035129 0.749931 4.346073
v 0.074747 0.625760 5.178398
v -0.205659 -0.239853 3.163129
v -0.194911 -0.527547 3.404844
v 0.195737 0.522231 3.407288
v -0.079516 0.506846 3.299239
v 0.394566 0.518330 3.285311
v -0.435154 -0.499515 3.177027
v -1.258852 -0.088917 5.106081
v -1.086319 -0.117670 5.078049
v -1.172696 0.419983 4.809465
v -1.056756 -0.088152 5.087722
v -1.052648 -0.427227 4.628039
v -0.971615 -0.348712 5.022309
v -0.813141 -0.493199 4.665552
v -1.359481 -0.616206 5.274007
v -0.801378 0.466477 4.766196
v 0.480840 -0.742481 4.012165
v -0.862653 -0.613659 4.298886
v -0.639945 0.687345 5.123188
v -0.608880 0.846894 4.448556
v -0.619569 -0.930901 4.579293
v -0.617905 -0.853622 4.460098
v -0.588504 -0.913234 5.044437
v -0.591729 0.882684 4.455520
v -0.501906 -0.742776 5.233254
v -0.497033 -0.639320 5.299050
v -0.539964 -0.941810 5.039373
v -0.525595 -0.811398 4.316083
v -0.439321 -0.546671 3.457845
v -0.304756 0.106128 3.622458
v -0.166158 0.898732 5.023561
v -0.174491 -0.929605 4.641451
v -0.086906 -0.944446 4.587037
v -0.071860 0.911614 4.539939
v -0.046390 0.880167 4.547345
v 0.006376 0.126739 3.129532
v -0.136639 0.083852 3.567793
v -4.511509 -0.124811 5.679245
v -4.781331 -0.045795 5.144816
v -5.495036 -0.298743 5.608930
v -3.786924 -0.189634 5.690950
v -2.222135 -0.306237 5.585713
v -4.551290 -0.673727 5.269634
v -3.903570 -0.362227 5.029568
v -4.301654 -0.325362 5.046145
v -3.904307 -0.267119 5.088546
v -4.235299 -0.727302 5.052491
v -3.904307 0.209230 5.105669
v -4.581029 -0.042615 5.562201
v -3.904307 0.342410 5.027698
v -3.896798 -0.368867 4.945458
v -3.904307 -0.414315 4.877101
v -4.321250 -0.216930 5.063916
v -3.893604 -0.160807 5.098705
v -3.798113 0.709061 5.032129
v -3.895929 -0.017042 5.117726
v -3.846800 -0.454258 5.018746
v -3.880073 -0.438637 5.018894
v -3.894192 0.341129 4.966202
v -3.885388 0.441934 5.010605
v -3.893913 0.184245 5.108760
v -3.898726 0.422869 4.805255
v -3.899802 0.097986 5.105551
v -3.889967 -0.520244 4.794949
v -3.894266 -0.448354 4.809333
v -3.893869 0.198659 5.081980
v -3.894796 0.256136 5.077696
v -3.895856 -0.376478 5.020116
v -3.893617 0.269975 5.038784
v -3.896504 0.108866 5.133288
v -3.886007 0.501414 4.608340
v -3.860507 -0.501252 4.937890
v -3.868060 -0.541577 4.830047
v -3.883710 0.523439 4.751811
v -3.854588 0.522261 4.860081
v -3.887787 0.486176 4.895592
v -3.881487 0.449237 5.017952
v -3.867118 0.536188 4.768905
v -3.487363 -0.146438 5.690876
v -3.864703 -0.540488 4.619927
v -3.832416 -0.540399 4.870284
v -3.852453 -0.555961 4.800632
v -3.855428 -0.556609 4.679936
v -3.867338 -0.555858 4.737442
v -3.860051 0.534098 4.680834
v -3.501732 0.542696 4.737443
v -3.506090 -0.542696 4.862422
v -4.134346 0.184245 5.688432
v -3.492001 -0.557360 4.751811
v -3.516116 0.523483 4.863806
v -3.494842 -0.541783 4.600949
v -3.493017 0.522776 4.613169
v -3.483624 0.434632 5.018173
v -3.501115 -0.491373 4.484259
v -3.473554 0.528135 4.751811
v -3.480974 0.521569 4.828914
v -3.511008 -0.455229 5.017760
v -3.453943 -0.423723 5.018967
v -3.494327 -0.556285 4.672104
v -2.265272 -0.203945 5.687799
v -3.361014 0.422015 4.656365
v -3.361765 -0.441744 4.790561
v -3.423158 -0.347239 5.039564
v -3.371320 -0.395677 4.911390
v -3.408495 -0.150811 5.131860
v -3.423629 0.207227 5.118934
v -3.410114 0.263821 5.090004
v -3.412146 -0.302056 5.066816
v -3.423305 0.294738 5.060014
v -3.365299 0.220065 5.046469
v -3.382568 0.346974 4.474365
v -3.358453 0.367644 4.521168
v -3.384850 -0.088917 5.112530
v -3.371585 -0.175633 5.079654
v -3.423732 0.317897 5.047323
v -2.825996 0.358031 5.030333
v -3.084716 -0.363346 5.032954
v -3.357967 0.126739 5.141415
v -3.343583 -0.074548 5.096732
v -3.424145 -0.228546 5.119361
v -3.357967 -0.446042 4.679936
v -3.203645 -0.454037 4.708690
v -3.357967 0.428095 4.737443
v -3.378166 0.336374 4.961697
v -3.214186 -0.447382 4.780565
v -3.357967 0.413064 4.823702
v -3.205058 0.420705 4.799189
v -3.199699 -0.419763 4.564982
v -3.191778 0.176015 5.074869
v -3.113543 -0.175191 5.136321
v -3.191749 0.074091 5.103696
v -3.357098 -0.261495 5.028905
v -3.200406 -0.333871 4.982382
v -3.214348 -0.207964 5.059970
v -3.202011 0.433852 4.694306
v -3.206339 -0.397679 4.902173
v -3.487672 0.104523 5.679864
v -2.803632 0.695325 5.031644
v -3.027283 0.207124 5.133450
v -3.141883 -0.088902 5.134554
v -3.214569 0.368542 4.910889
v -3.141707 0.452196 4.851925
v -3.152381 0.395131 4.493018
v -3.147670 0.449252 4.588759
v -3.135524 0.364155 4.989243
v -3.171049 0.069233 5.143668
v -3.136804 0.293472 5.047411
v -3.135759 -0.240457 5.089930
v -2.739722 0.266603 5.091814
v -3.135626 -0.470084 4.860052
v -3.152631 -0.486368 4.780565
v -3.142296 -0.494229 4.679936
v -3.124202 0.152003 5.119596
v -3.155458 0.469009 4.723059
v -3.150938 -0.442288 4.527263
v -3.548933 0.464651 5.535421
v 0.070095 0.493831 5.522391
v -3.127927 0.475988 4.665552
v -3.126764 0.477372 4.765018
v -3.070405 -0.134189 5.134231
v -3.099173 0.309269 5.049105
v -3.068830 -0.297772 5.077607
v -2.984146 -0.491535 4.794949
v -3.146418 -0.483232 4.619058
v -2.994408 0.478638 4.723059
v -3.012899 0.165371 5.119375
v -2.990654 0.450459 4.571519
v -3.136701 -0.470349 4.571063
v -2.989078 -0.485072 4.612669
v -2.998530 0.463400 4.826765
v -3.127927 0.417569 4.926068
v -2.976637 -0.455715 4.888688
v -2.989402 0.321931 5.033558
v -2.971058 -0.030748 5.136659
v -2.983896 -0.417378 4.478090
v -2.973457 -0.256328 5.076444
v -2.977521 -0.369029 5.003156
v -2.966994 0.404863 4.928703
v -2.975519 -0.189561 5.104786
v -2.745478 -0.198659 5.133229
v -2.969939 0.212719 5.085469
v -2.897886 -0.045795 5.097910
v -2.909164 -0.453875 4.679936
v -2.911446 0.425195 4.809878
v -2.926021 0.385783 4.521330
v -2.896724 -0.443775 4.796141
v -2.897886 0.388845 4.882092
v -2.913816 0.327334 4.966761
v -2.768490 0.083602 5.143123
v -2.912256 -0.247082 5.040345
v -2.897886 0.432173 4.694306
v -2.912256 -0.308225 5.000667
v -2.840365 -0.362094 5.035530
v -2.732228 0.219741 5.046307
v -2.897886 0.126739 5.081818
v -2.918586 0.249584 5.032586
v -2.730667 0.418570 4.838086
v -2.913375 -0.414948 4.551069
v -2.731359 0.319560 4.973445
v -2.797640 -0.505875 5.029877
v -2.730800 0.371163 4.913613
v -2.811612 -0.707162 5.023311
v -2.732125 -0.462738 5.047220
v -2.731359 -0.132054 5.088399
v -2.732714 -0.211291 5.061029
v -2.728769 -0.303248 5.009236
v -2.782403 -0.720118 5.053624
v -2.708908 0.629956 5.094804
v -2.747348 -0.268547 5.104005
v -2.730550 -0.247214 5.097468
v -2.689901 -0.699536 5.148187
v -2.710821 0.516696 5.078240
v -2.736924 0.601203 4.536156
v -2.732272 0.435427 4.770185
v -2.733347 0.653483 4.794949
v -2.733185 -0.673433 4.766195
v -2.689371 -0.728701 4.673017
v -2.731728 0.169876 5.120067
v -2.747834 0.176678 5.132758
v -2.732125 -0.132054 5.133273
v -2.731698 0.126739 5.088311
v -2.690313 0.709606 4.737928
v -2.732964 -0.657562 4.570283
v -2.731197 -0.439226 4.593662
v -2.725029 0.299273 5.039373
v -2.739531 0.456907 5.048471
v -2.728695 0.572435 4.953099
v -2.731359 0.324728 5.047883
v -2.653036 0.670134 5.183065
v -2.722320 -0.578899 4.997266
v -2.724543 0.371163 4.981852
v -2.719979 0.640071 4.881209
v -2.730373 -0.333341 5.050915
v -2.732449 -0.441096 4.816296
v -2.732375 0.235185 5.104255
v -2.715179 -0.652998 4.909961
v -2.675075 0.694677 4.859728
v -2.668273 -0.717114 4.852882
v -2.725986 -0.510748 5.064578
v -2.712662 -0.524367 5.068479
v -2.695230 -0.723121 4.765047
v -2.674634 0.651348 4.945634
v -2.649266 -0.511646 5.130668
v -2.653462 -0.616942 5.021058
v -2.667846 -0.668280 4.955969
v -2.673824 0.694324 4.587538
v -2.667846 -0.713198 4.575155
v -2.556411 -0.620888 5.230428
v -2.653462 0.721369 4.723059
v -2.667846 -0.739596 4.737442
v -2.653462 0.603956 5.013152
v -2.662679 0.492359 5.117152
v -2.631924 0.578442 5.161600
v -2.495312 -0.734899 4.651168
v -2.488010 -0.700022 4.543237
v -2.566688 -0.673874 5.269310
v -2.565937 0.500560 5.222153
v -2.487510 0.723577 4.700165
v -2.480929 0.547142 5.070894
v -2.473833 0.709002 4.644116
v -2.495312 0.655220 4.951641
v -2.517485 0.464548 5.219209
v -2.107123 0.274892 5.602379
v -2.495312 0.476135 5.235139
v -2.525509 0.614100 5.270885
v -2.511066 0.638172 5.327979
v -2.466618 -0.486088 5.197744
v -2.473656 -0.599393 5.032247
v -2.480310 -0.675317 4.939525
v -2.471683 0.639158 4.963036
v -2.473626 -0.728804 4.657823
v -2.470269 -0.731440 4.737442
v -2.468076 0.685004 4.866839
v -2.480693 0.707603 4.809980
v -2.445035 -0.642383 4.931398
v -2.455680 0.699094 4.766196
v -2.433919 -0.680043 4.794949
v -2.495312 -0.722562 4.838086
v -2.508828 -0.607431 5.257282
v -2.482136 -0.631473 5.296930
v -2.193382 -0.611966 5.263907
v -2.480546 0.692483 4.578984
v -2.444284 0.609418 4.484288
v -2.430224 0.638098 4.597961
v -2.428148 0.644326 4.766196
v -2.380285 -0.469466 5.204118
v -2.466559 -0.542799 5.091300
v -2.429326 -0.588204 4.967483
v -2.431505 0.500560 5.047721
v -2.417092 0.179784 5.147658
v -2.430769 0.251101 5.086441
v -2.422760 0.371163 5.052977
v -2.422097 0.413299 4.851837
v -2.427147 0.457423 4.737443
v -2.421170 -0.318560 4.995824
v -2.420286 -0.362919 5.054994
v -2.428619 -0.261451 5.082495
v -2.421729 0.413402 4.579631
v -2.427809 0.040479 5.125633
v -2.420625 0.126739 5.084645
v -2.420183 -0.362536 4.478311
v -2.418446 -0.454155 4.723058
v -2.419491 -0.423856 4.564909
v -2.419388 -0.203945 5.135231
v -2.409333 -0.231594 5.131124
v -2.409038 -0.447691 4.651168
v -2.430695 -0.469893 5.219047
v -2.265272 -0.470453 5.232401
v -2.420478 -0.218314 5.058174
v -2.418314 -0.031411 5.102974
v -1.905836 -0.031411 5.109482
v -2.451513 0.534554 5.069378
v -2.437924 0.527811 5.054081
v -2.534416 -0.496453 5.235227
v -2.049602 -0.537396 5.248168
v -2.437806 -0.017042 5.556930
v -2.164629 -0.550794 5.082495
v -2.002710 0.464696 5.233358
v -2.226655 -0.469628 5.219724
v -1.788188 -0.469628 5.219489
v -2.513569 0.580577 5.247374
v -2.419962 0.282268 5.092492
v -3.896224 -0.117670 5.133494
v -3.409334 0.129183 5.131360
v -3.214186 0.302674 4.985959
v -3.371983 0.126091 5.093552
v -3.202290 -0.060164 5.102341
v -3.228570 -0.244152 5.120789
v -3.214186 0.411812 4.608046
v -3.127823 0.083469 5.135864
v -2.897886 -0.385032 4.919045
v -2.779900 0.471807 5.033926
v -2.653462 -0.658371 4.469300
v -2.495312 -0.669016 4.956765
v -2.466456 -0.707088 4.852455
v -2.424276 -0.132054 5.096879
v -2.424674 -0.488473 4.840162
v -2.609648 0.472366 5.182697
v -2.410466 -0.147174 5.146450
v -2.409038 0.054849 5.098146
v -3.861169 0.476268 4.484244
v -3.619675 0.478726 4.500777
v -3.870254 0.508966 4.582561
v -3.444226 -0.757734 4.039239
v -3.472979 -0.709989 4.001800
v -3.214186 0.486176 4.474762
v -3.645513 0.744115 4.234225
v -3.214186 0.743423 4.392375
v -3.501202 0.485793 4.484465
v -3.456667 -0.507318 4.564909
v -2.800379 0.615558 3.950816
v -3.454753 0.446469 4.483905
v -2.974208 0.738256 4.242219
v -3.480871 -0.269504 3.882694
v -3.458610 -0.247082 3.892750
v -3.416048 -0.447868 4.473614
v -3.399470 0.355395 4.425177
v -3.423806 0.394469 4.455859
v -3.423100 0.319781 4.400355
v -3.419330 -0.342322 4.408437
v -3.430843 -0.435324 4.477633
v -3.409172 0.344103 4.434216
v -3.409996 -0.257491 4.355230
v -3.372336 -0.316602 4.438869
v -3.358232 -0.415272 4.578439
v -3.396496 0.206624 4.341744
v -3.393286 0.221464 4.370276
v -3.404593 -0.066642 4.315596
v -3.395480 0.083602 4.312549
v -3.394979 -0.112017 4.313020
v -3.363252 -0.097029 4.341891
v -3.392639 0.080790 4.324916
v -3.300446 0.402552 4.459686
v -3.408598 0.278058 4.370600
v -3.258678 0.039346 4.304172
v -3.286077 -0.284742 3.871741
v -3.300446 -0.439520 3.846035
v -3.391593 -0.200868 4.354656
v -3.197638 -0.117670 4.340183
v -3.357967 0.237850 4.397763
v -3.357967 0.126739 4.351343
v -3.208606 0.192416 4.370453
v -3.242763 -0.449149 4.468667
v -3.402738 -0.183009 4.329833
v -3.171049 -0.228826 4.340964
v -3.270426 -0.429980 3.874082
v -3.199802 -0.275835 3.888554
v -3.228570 0.409604 3.891690
v -3.212552 -0.692778 4.468711
v -3.364033 0.264042 3.769522
v -3.258133 -0.304735 3.873081
v -3.214186 0.357191 4.507402
v -3.248431 -0.402213 3.880354
v -3.229880 0.414109 4.459083
v -3.185757 0.241237 3.718287
v -3.171078 0.242282 4.377343
v -3.179161 -0.426726 3.896416
v -3.251949 -0.405305 3.859727
v -3.481092 0.238174 3.882989
v -3.228570 0.251307 3.648429
v -3.178190 0.062446 4.313330
v -3.250934 0.406527 3.860404
v -3.256160 0.284035 3.869591
v -3.178587 -0.411695 3.694186
v -3.236417 0.328026 3.867869
v -3.228570 0.396928 3.879455
v -3.207870 0.264645 3.766151
v -3.242556 -0.289718 3.802986
v -3.219825 -0.255503 3.716638
v -3.300313 0.386298 3.633132
v -3.190350 0.026096 4.328876
v -3.188863 0.097986 4.331129
v -3.192294 0.680661 4.457316
v -3.185433 -0.366217 4.401400
v -3.216027 -0.505875 4.474512
v -3.156842 0.386740 3.630158
v -3.211374 0.169876 3.673501
v -3.084789 -0.419601 3.889158
v -3.197255 -0.314334 4.426487
v -3.163202 -0.210437 4.342068
v -3.181281 0.414286 4.441063
v -3.204101 -0.235789 3.724324
v -3.192294 -0.170392 3.622311
v -3.221739 0.391260 3.794904
v -3.207458 0.145113 3.709881
v -3.199802 -0.423075 3.687885
v -3.177497 -0.103301 4.312696
v -3.177512 -0.150516 4.328508
v -3.152101 -0.357045 4.426443
v -3.163055 -0.715112 4.428857
v -3.152528 0.313642 4.411043
v -3.188436 -0.261878 3.717846
v -3.149908 0.223216 3.622856
v -3.099173 -0.439152 3.942777
v -3.178131 0.148514 4.327610
v -3.171285 0.240706 4.363901
v -3.150172 -0.270255 4.357806
v -3.141825 0.486176 4.423233
v -3.170755 -0.246434 4.363946
v -3.161597 0.278691 4.370556
v -3.109877 0.407248 3.896195
v -3.156386 0.284359 4.392772
v -3.162422 -0.413020 3.626669
v -3.104312 -0.437562 4.386206
v -3.141795 -0.390597 3.624799
v -3.012943 -0.448369 4.335723
v -3.113543 -0.363051 4.419656
v -2.653462 -0.462738 3.948813
v -3.013518 -0.759398 4.262537
v -3.056036 0.295033 4.358631
v -3.004390 0.360607 4.327242
v -2.966670 0.673079 4.296060
v -2.971647 -0.292339 4.363062
v -3.041653 -0.537013 3.385955
v -3.070405 0.371163 3.877380
v -3.049028 0.291264 3.867265
v -3.021821 0.277321 4.369673
v -2.851275 0.421102 3.940201
v -3.036514 -0.282166 3.880839
v -3.020157 -0.426829 3.824275
v -3.046467 -0.419601 3.856297
v -3.004169 -0.266898 4.343643
v -3.061042 -0.304588 3.882827
v -2.990477 -0.275835 3.726017
v -2.991670 -0.399166 3.723131
v -2.926640 0.398724 3.630364
v -2.977815 0.291764 4.385382
v -2.984735 0.382956 4.463632
v -2.958911 0.478432 3.450278
v -3.056301 0.410885 3.888598
v -2.983042 0.270593 4.373147
v -3.048631 0.522173 3.393272
v -3.271693 -0.419144 3.615995
v -2.581572 -0.419100 3.601611
v -3.156680 -0.411400 3.464220
v -3.041225 0.257107 3.887067
v -2.934207 0.263438 3.882105
v -2.947325 -0.469496 4.355539
v -2.985074 0.414359 4.315670
v -2.933721 0.435751 4.341391
v -2.941009 0.223393 3.621516
v -2.962990 0.378893 3.639227
v -2.959353 -0.267075 3.755123
v -2.936312 0.188014 4.354877
v -2.961385 -0.470718 4.299372
v -2.998530 0.299273 4.352109
v -2.915804 0.435162 4.298357
v -2.975475 0.214221 3.717993
v -2.955393 0.126739 3.732450
v -2.974738 -0.233611 3.717875
v -2.938844 -0.317838 3.643423
v -2.926036 -0.276497 3.645631
v -2.949784 0.231520 3.673501
v -2.935930 0.155492 3.679891
v -2.959868 0.389390 3.670616
v -2.955393 -0.477122 3.458522
v -2.898578 -0.261789 3.620485
v -2.917453 -0.327084 4.441887
v -2.909120 0.275246 4.415931
v -2.998486 0.492256 3.414222
v -2.890496 0.198629 3.709689
v -2.682216 -0.261451 3.891381
v -2.923254 -0.236055 4.373162
v -2.920456 -0.195155 4.356908
v -2.912256 -0.060164 3.672912
v -2.902303 -0.268047 3.740460
v -2.891394 0.073252 3.651462
v -2.968584 -0.247420 3.740872
v -2.912256 0.155492 3.611549
v -2.869118 -0.418938 3.659132
v -2.897607 -0.264189 3.644439
v -2.884901 -0.291617 3.873198
v -2.890687 -0.484306 4.356437
v -2.825717 -0.477902 4.373176
v -2.896871 0.283269 3.874788
v -2.905204 0.104950 4.342009
v -2.883311 0.238204 3.716741
v -2.897886 -0.060164 3.674915
v -2.827159 -0.413756 3.629864
v -2.880941 -0.248112 3.701268
v -2.886020 -0.304588 3.860404
v -2.883841 0.401300 3.874332
v -2.797243 -0.469613 4.298519
v -2.883841 0.069233 3.687885
v -2.861374 0.464578 4.328037
v -2.892086 0.450842 4.356952
v -2.934398 0.147601 4.342068
v -2.876509 0.184245 3.679670
v -2.861699 -0.412681 3.710278
v -2.818620 0.464769 4.342083
v -2.963858 0.382264 4.357188
v -2.812083 0.139518 4.343908
v -2.883650 -0.419718 3.873213
v -2.878394 -0.304588 3.788529
v -2.884533 0.405599 3.716521
v -2.885534 0.269445 3.803369
v -2.846976 0.379540 3.682173
v -2.885741 0.155492 3.648429
v -2.879351 -0.363022 3.861567
v -2.897327 -0.233301 3.669600
v -2.717874 -0.498425 4.343084
v -2.836449 0.752331 4.213216
v -2.848595 0.105583 4.341906
v -2.732257 0.230224 4.372721
v -2.864717 0.222936 3.633942
v -2.731889 -0.318957 4.384278
v -2.760510 -0.441213 3.939214
v -2.682216 -0.497174 4.297017
v -2.776072 0.450150 4.356143
v -2.738250 0.443834 4.362944
v -2.837583 -0.405320 3.659338
v -2.840365 -0.261451 3.627110
v -2.826320 0.255517 3.634192
v -2.731698 0.361623 4.489809
v -2.911755 0.410399 4.578557
v -2.768519 0.128992 3.624461
v -2.730211 0.434971 4.299608
v -2.866292 -0.167462 4.356540
v -2.768917 -0.206933 4.357409
v -2.743299 -0.232698 4.368951
v -2.754106 0.137133 4.352212
v -2.955393 -0.709812 4.281425
v -2.639093 -0.435884 3.889172
v -2.735776 0.107408 4.342274
v -2.732596 -0.297506 4.413826
v -2.743461 0.198629 4.372529
v -2.738397 0.185291 4.354155
v -2.689341 0.608329 4.442785
v -2.739089 -0.348344 4.463735
v -2.732051 0.287981 4.414856
v -2.739677 0.404789 4.578748
v -2.716137 0.448869 4.315568
v -2.640830 0.461707 4.297223
v -2.739722 -0.485263 4.374354
v -2.685955 -0.639983 4.460482
v -2.682083 0.514988 4.352271
v -2.731713 0.650009 4.604395
v -2.667846 -0.610538 4.417197
v -2.663032 0.608918 4.427709
v -2.667846 0.643825 4.478649
v -2.487451 0.651761 4.485451
v -2.172564 -0.714391 4.284591
v -2.639064 0.410075 3.874759
v -2.624709 0.404598 3.788529
v -2.495312 -0.658681 4.468932
v -2.480929 0.592296 4.415725
v -2.458050 -0.557404 4.369805
v -2.431461 -0.640734 4.546667
v -2.456047 -0.620431 4.450927
v -2.423525 -0.577751 4.478649
v -2.427839 0.443039 4.579293
v -2.416930 0.432777 4.369393
v -2.417489 -0.462738 4.370085
v -3.214024 0.239985 3.717537
v -2.884135 0.185453 3.629643
v -3.214186 -0.716511 4.458759
v -3.113292 0.391848 4.471950
v -2.974002 0.256136 3.699884
v -2.984382 0.241973 3.745289
v -2.731080 -0.390730 4.507049
v -2.945028 0.238204 3.641391
v -1.589521 0.026096 3.381965
v -1.730873 0.163281 3.394126
v -1.672233 0.177370 3.882576
v -1.258852 0.209392 4.369260
v -1.726117 -0.426785 3.292511
v -1.647042 0.162412 3.554999
v -1.076690 0.162309 3.694525
v -1.632143 0.300922 3.671779
v -1.488878 0.294856 3.678963
v -1.675795 0.152342 3.745392
v -1.402618 0.147822 3.753533
v -1.661412 -0.157141 3.702255
v -1.058081 -0.160057 3.719642
v -1.301975 -0.649641 3.930616
v -0.770004 -0.189561 3.546386
v -1.071935 -0.339186 3.696336
v -1.431018 0.584567 4.479901
v -1.563418 0.427300 4.484921
v -1.431371 -0.605944 4.464265
v -1.460125 -0.536660 4.349105
v -1.426542 -0.443083 3.938404
v -1.315372 -0.421559 3.861612
v -1.340386 -0.658548 4.474233
v -1.201478 -0.155669 3.744066
v -1.308776 -0.197113 3.882208
v -1.603905 -0.332222 4.450529
v -1.215715 -0.409722 4.533432
v -1.376471 -0.347180 4.460643
v -1.383361 -0.629589 4.473953
v -1.623707 -0.218314 3.666052
v -1.402618 0.519729 4.344983
v -1.278890 0.593386 4.328700
v -1.166012 0.479271 3.809921
v -1.115072 -0.177532 3.691492
v -1.258793 -0.619887 4.296237
v -1.237696 0.680411 4.485893
v -0.933646 0.148367 3.421848
v -0.870648 -0.103301 3.412838
v -1.330699 -0.580975 4.304908
v -1.261782 0.678143 4.446642
v -1.663060 0.164944 4.358410
v -1.416134 0.154123 4.357527
v -1.618289 0.220537 4.370615
v -1.419785 0.492580 4.298033
v -1.210047 -0.528769 3.838173
v -1.420874 -0.211541 3.882650
v -1.316359 -0.205034 3.860404
v -1.316359 0.783719 4.191088
v -1.302328 -0.366496 4.475395
v -1.589521 0.356779 4.463117
v -1.053296 0.311831 4.452693
v -1.474508 0.335829 4.470714
v -1.258852 0.683061 4.474910
v -1.307879 0.406483 3.868266
v -0.913785 -0.462738 4.487674
v -1.258852 -0.625790 4.331409
v -1.244468 -0.701214 4.426325
v -1.683525 -0.168802 3.435172
v -0.789291 -0.168861 3.421127
v -1.129441 -0.386195 3.750456
v -1.222532 -0.412269 3.810245
v -1.345112 0.180108 3.884284
v -1.330728 0.155492 3.884829
v -1.149905 0.163428 3.782345
v -1.129441 0.256136 3.670660
v -1.067268 0.178533 3.681039
v -1.200934 -0.346356 4.462263
v -1.100717 0.370147 3.742300
v -1.200006 -0.173910 3.804252
v -1.224269 0.694750 4.456889
v -1.028798 0.342410 3.545886
v -1.101939 -0.304588 3.679862
v -1.127498 0.300141 4.442328
v -1.249077 0.170391 4.357968
v -1.819561 0.174897 3.159934
v -1.116191 -0.154447 3.758598
v -1.627623 0.180933 3.654524
v -1.124788 -0.198615 3.680951
v -1.100143 -0.394823 4.551805
v -1.086319 0.398945 4.622415
v -1.028798 0.313642 3.702137
v -1.359481 0.779420 4.224288
v -1.253287 -0.714980 4.472569
v -1.068961 0.286523 4.435865
v -1.152835 -0.286774 4.418581
v -1.078928 -0.277395 4.413192
v -0.626238 -0.624274 4.332542
v -1.130869 0.265691 4.415798
v -1.059818 0.249599 4.411529
v -1.109934 0.228722 4.398323
v -1.043182 -0.327644 3.694393
v -0.770564 0.156376 3.368553
v -1.069270 0.193859 4.383865
v -1.053207 -0.323713 4.443830
v -1.071935 0.376625 4.561817
v -0.770004 0.169876 3.548094
v -1.043182 -0.203945 3.703565
v -1.079031 0.148367 3.738237
v -1.014428 0.169876 3.699634
v -0.567643 -0.718984 4.290907
v -1.015135 -0.319988 3.693421
v -1.046906 -0.334445 4.463014
v -0.468913 -0.305088 3.174171
v -0.582601 -0.432601 3.289404
v -0.926682 -0.218314 3.650593
v -1.335395 -0.757498 4.025709
v -0.856617 -0.160542 3.638138
v -1.273222 0.591957 4.297944
v 0.437703 0.299273 3.661458
v -0.788628 0.084721 3.557826
v -0.439321 0.264969 3.651520
v -0.881057 -0.113165 3.621119
v -0.841629 -0.114564 3.601243
v -0.798360 -0.170465 3.530162
v -0.761539 -0.182877 3.365093
v -0.770004 0.100665 3.572858
v -0.764601 -0.146438 3.537833
v -1.728988 0.414359 3.298547
v -0.782415 -0.103301 3.529721
v -0.778367 -0.002658 3.457845
v -0.789997 0.149000 3.420818
v -0.783269 0.150369 3.530869
v -0.778764 0.126739 3.443461
v -0.776629 -0.155684 3.433214
v -0.497784 0.300539 3.185963
v -0.724379 0.141123 3.345968
v -0.493809 0.169876 3.147228
v -0.770475 -0.121159 3.544267
v -0.589491 -0.447559 3.328787
v -0.525683 0.414227 3.485185
v -0.588107 0.419012 3.314065
v -0.583116 -0.505875 3.314065
v -0.548238 -0.515975 3.424366
v -0.482458 0.360916 3.534932
v -0.532765 0.493272 3.235019
v -0.522268 -0.491491 3.217293
v -0.583293 0.486176 3.328448
v -0.589314 0.471483 3.329361
v -0.574930 0.420557 3.389915
v -0.521929 0.342410 3.218736
v -0.504748 0.522452 3.451956
v -0.764071 0.106024 3.552953
v -0.459800 0.104994 3.551039
v -0.518719 -0.541945 3.436821
v -0.496842 -0.547407 3.256558
v -0.512359 -0.540002 3.241070
v -0.539964 0.518036 3.328448
v -0.501788 0.521466 3.237021
v -0.521001 0.500560 3.468607
v -0.471754 0.486176 3.193339
v -0.518808 -0.527826 3.465398
v -0.539684 -0.434485 3.485553
v -0.424951 0.471807 3.174922
v -0.344007 -0.240015 3.163055
v -0.482458 -0.347725 3.546578
v -0.439321 -0.189561 3.126116
v -0.505793 -0.528562 3.219516
v -0.511211 -0.193079 3.147405
v -0.478026 -0.501193 3.494534
v 0.069197 0.479080 3.177410
v -0.949060 0.290896 3.666508
v -0.447698 0.233919 3.163335
v -1.402618 0.723945 4.010840
v -0.885046 0.113621 3.633603
v -0.929376 0.097530 3.648223
v -1.385157 0.277410 3.163261
v -0.460256 0.191106 3.134464
v -3.631129 -0.405231 3.155090
v -1.870767 -0.426653 3.163202
v -2.994157 0.506405 3.342818
v -1.833945 0.477475 3.222240
v -3.515572 0.165150 3.401207
v -2.944351 0.492551 3.371571
v -2.900330 -0.540178 3.400324
v -2.892557 0.522555 3.408510
v -2.883503 0.505094 3.433877
v -2.938300 -0.516284 3.414708
v -2.883503 0.520597 3.381008
v -1.862699 0.284889 3.154855
v -2.941009 -0.506714 3.371571
v -2.825996 -0.540841 3.379801
v -2.854749 -0.546818 3.400324
v -2.825996 -0.503019 3.357202
v -2.394669 -0.516828 3.439574
v -2.869118 0.169876 3.619808
v -2.695701 0.242341 3.634516
v -2.754106 0.381646 3.624416
v -2.667846 0.401506 3.601611
v -2.825996 0.393748 3.626330
v -2.832209 -0.307694 3.638329
v -2.739722 -0.390848 3.628995
v -2.688649 -0.228752 3.622708
v -2.673868 0.164959 3.622311
v -2.785848 0.406939 3.882194
v -2.695216 -0.413447 3.629304
v -2.698131 0.371163 3.634545
v -2.686235 0.522099 3.378800
v -2.164629 0.386813 3.486598
v -2.768490 -0.376478 3.867913
v -2.690343 -0.399755 3.654156
v -2.445609 0.522084 3.407244
v -2.659867 -0.408868 3.748321
v -2.671954 -0.117670 3.644748
v -2.337163 -0.510689 3.359852
v -2.692787 0.393468 3.624725
v -2.665697 0.097986 3.644748
v -2.352254 -0.528224 3.314580
v -2.646823 -0.427109 3.866706
v -2.656642 -0.318957 3.869974
v -2.661015 0.262687 3.740180
v -2.650282 0.384723 3.860346
v -2.662384 0.198629 3.711544
v -2.671218 0.385282 3.673855
v -2.645512 -0.299759 3.831651
v -2.646646 0.263011 3.783361
v -2.640183 0.396942 3.787321
v -2.659955 0.279898 3.868031
v -2.624709 0.264380 3.869665
v -2.661251 -0.266398 3.724986
v -2.495312 -0.439196 3.942233
v -2.645910 0.234685 3.723779
v -2.568955 0.227383 3.713841
v -2.380668 0.492065 3.357923
v -2.912256 0.241767 3.895532
v -2.568130 -0.413638 3.630070
v -2.559532 -0.190915 3.702196
v -2.581955 0.155492 3.644748
v -2.559606 -0.252838 3.724412
v -2.589095 -0.069704 3.622694
v -2.576463 0.166048 3.621840
v -2.567909 -0.175707 3.618895
v -2.495312 0.417422 3.889172
v -2.984146 -0.765080 4.219856
v -2.560077 -0.383236 3.651771
v -2.547901 -0.390848 3.636592
v -2.551626 0.243739 3.716344
v -2.552672 0.256136 3.659132
v -2.552951 -0.275835 3.702254
v -1.877082 0.404554 3.164586
v -2.308409 -0.486279 3.451912
v -2.626078 -0.284771 3.831651
v -2.519634 -0.289762 3.787101
v -2.638593 -0.279633 3.874891
v -2.322779 -0.777138 4.191088
v -2.279391 -0.774886 4.221122
v -2.557295 -0.267605 3.756654
v -2.548770 0.389257 3.702255
v -2.538126 0.299273 3.632499
v -2.365916 0.371163 3.620500
v -2.551877 0.387505 3.616554
v -2.529940 -0.405231 3.749278
v -2.572606 -0.413402 3.659132
v -2.529925 0.260876 3.747821
v -2.498449 -0.420705 3.845343
v -2.495636 0.261127 3.875053
v -2.415693 -0.541930 3.407774
v -2.486464 0.399916 3.864954
v -2.486626 0.275452 3.863790
v -2.399292 -0.412048 3.622973
v -2.488334 -0.387726 3.867898
v -2.466559 0.241767 3.895208
v -2.466559 0.299273 3.874877
v -2.393329 -0.509114 3.371806
v -2.400749 0.508098 3.422437
v -2.337163 -0.423782 3.601611
v -2.465190 -0.511102 4.334206
v -2.489099 -0.285154 3.868737
v -2.466559 -0.428699 3.892735
v -2.298722 -0.390848 3.870622
v -2.461598 0.406438 3.882459
v -2.289653 -0.428081 3.874788
v -2.420213 -0.233802 4.377549
v -2.453457 0.444953 4.307396
v -2.358275 -0.513221 3.411174
v -2.386277 0.508407 3.400324
v -2.350030 -0.160528 4.348708
v -2.420595 -0.203945 4.354744
v -2.416783 0.147365 4.355936
v -2.307865 0.161028 4.355657
v -2.423422 -0.499706 4.359691
v -2.365975 0.168301 4.359632
v -2.518928 0.463695 4.299269
v -2.337163 0.457423 4.289126
v -2.422922 0.241413 4.393244
v -2.418034 0.385532 4.382025
v -2.423923 0.446808 4.334987
v -2.279642 0.466256 3.451779
v -2.294026 -0.503284 3.429092
v -2.421081 -0.276600 4.376666
v -2.250889 0.227383 4.348855
v -2.329934 0.148529 3.623121
v -2.348042 0.370442 3.630305
v -2.345967 -0.405231 3.640199
v -2.329640 -0.117670 3.622502
v -2.317847 0.465064 4.326756
v -2.322573 0.212999 3.702255
v -2.296867 -0.424695 3.745392
v -2.307276 0.271742 3.873242
v -2.302344 0.328026 3.860404
v -2.299046 0.399916 3.871064
v -2.250889 -0.261451 4.347648
v -2.416635 0.178018 4.356260
v -2.298913 0.249673 3.737441
v -2.311869 0.270520 3.745392
v -2.302020 -0.267237 3.739311
v -2.294026 0.227383 3.728313
v -2.303640 -0.416126 3.759775
v -2.389649 -0.117096 4.341832
v -2.011352 0.694721 4.284591
v -2.237609 -0.505316 4.296634
v -2.269733 -0.483909 4.299682
v -2.270676 0.462855 4.320485
v -2.351532 0.087989 4.342672
v -2.406197 -0.165136 4.354567
v -2.351532 0.188706 4.367597
v -2.292686 0.168757 4.353610
v -3.501732 -0.183981 3.397129
v -2.291758 0.123530 4.341759
v -2.297956 0.405540 3.774145
v -2.233810 -0.542033 3.377430
v -2.170327 0.248730 3.739753
v -2.315874 -0.265779 3.724309
v -2.955393 0.725933 4.021808
v -1.417002 0.638967 3.953053
v -2.164629 0.405378 3.759776
v -2.250889 -0.486795 4.342907
v -2.232809 -0.503225 4.349252
v -2.285501 0.449193 4.297768
v -2.236564 0.500045 4.297400
v -1.718933 -0.411194 3.503618
v -2.257602 0.446999 4.341744
v -2.207766 -0.255842 3.722719
v -2.286856 -0.297389 3.867368
v -2.202922 0.299273 4.372308
v -2.419329 0.314746 4.983089
v -1.162832 0.364656 4.918147
v -1.215715 0.295254 4.999180
v -2.165630 0.557124 4.421540
v -2.144415 0.558066 4.458494
v -2.164629 -0.285272 3.870386
v -2.135949 -0.145143 4.344895
v -2.107123 0.218873 4.372411
v -2.139424 -0.246316 4.384513
v -2.145725 -0.289497 4.406052
v -2.177732 -0.548409 4.405611
v -1.194147 0.356779 5.050783
v -2.194486 -0.177061 4.351064
v -2.419153 -0.393895 4.909961
v -1.819561 -0.500545 3.232811
v -3.429842 -0.741951 4.012385
v -1.675795 -0.649641 3.950786
v -2.193382 0.403347 3.587242
v -2.161640 0.386725 3.630732
v -2.188789 0.236231 3.722910
v -2.186345 -0.253839 3.709145
v -2.174258 -0.270019 3.716638
v -2.308409 -0.291117 3.880133
v -2.207899 0.518345 4.335560
v -2.121492 0.507244 4.342760
v -2.236519 0.072722 4.340964
v -2.152527 0.123044 4.343305
v -2.135081 0.576455 4.436381
v -2.172623 0.235701 3.707275
v -2.128721 0.392629 3.781388
v -2.172285 -0.227177 3.622679
v -2.135508 0.313775 4.418036
v -2.115750 0.417053 4.472437
v -2.150245 0.141123 3.612565
v -2.102883 -0.304588 3.869194
v -2.020848 -0.290204 3.890895
v -2.130635 -0.586025 4.447378
v -2.118076 -0.577751 4.475086
v -2.092474 0.410561 3.874612
v -2.170194 -0.412961 3.644748
v -2.159932 0.257166 3.688533
v -2.087983 0.385532 3.858299
v -2.084082 0.579016 4.485687
v -2.078369 -0.603913 4.464265
v -2.092739 0.590824 4.464265
v -2.207766 0.522968 3.395009
v -2.037720 0.094379 4.342627
v -2.206794 -0.522070 4.336076
v -2.419565 0.389007 4.536156
v -1.201596 0.420454 4.619426
v -1.749556 -0.349212 4.464457
v -2.171122 0.215472 3.627729
v -2.078531 0.444025 4.486099
v -2.058995 0.377214 4.471950
v -1.819561 -0.540856 3.405050
v -2.078369 -0.587659 4.486820
v -2.063985 -0.390848 4.479150
v -1.761113 0.399283 3.457801
v -2.074792 -0.390848 3.622944
v -2.122493 -0.415316 3.616834
v -2.123892 -0.172836 4.354082
v -2.108197 0.257608 3.874715
v -2.049145 0.284433 3.881281
v -2.049602 -0.561188 4.378256
v -1.960147 -0.401654 3.625918
v -2.418063 0.434338 4.766196
v -1.176524 0.407616 4.846345
v -2.090250 -0.440845 3.939995
v -1.870104 -0.129905 4.342657
v -1.905836 -0.092303 4.342833
v -1.836301 -0.227530 4.374016
v -3.631129 0.398400 3.160361
v -2.049602 -0.427256 3.895562
v -1.965226 0.356779 3.633368
v -1.947663 0.394307 3.629422
v -2.092739 0.417716 3.903541
v -1.345112 -0.806363 4.205472
v -1.905836 -0.197702 4.356055
v -1.501922 0.573878 4.486967
v -1.222870 -0.225513 5.060942
v -1.848859 0.299273 3.774145
v -1.330728 -0.175191 3.890070
v -1.795740 -0.542107 3.377578
v -1.915067 -0.413697 3.669497
v -1.172578 0.367188 4.509758
v -1.790808 0.466698 3.451735
v -1.963342 0.155492 3.612358
v -1.963342 -0.414904 3.612638
v -1.417208 -0.592988 4.487601
v -1.963342 -0.171364 5.076489
v -1.201331 0.431614 4.737443
v -1.931850 0.160410 3.627552
v -1.836566 0.135793 3.621840
v -2.351532 0.528282 5.096879
v -1.474508 -0.304588 5.098027
v -1.421345 0.419968 3.940569
v -1.962724 -0.176016 3.619160
v -1.869029 -0.154035 3.622782
v -1.869957 0.176943 3.709542
v -2.057537 0.766552 4.212701
v -1.898430 -0.168066 3.680480
v -1.886048 -0.179991 3.711721
v -1.886917 0.394395 3.714121
v -0.542835 -0.182980 3.164601
v -1.805192 -0.426682 3.897387
v -1.230084 0.701847 4.290142
v -1.839260 -0.405231 3.791900
v -1.948958 0.400800 3.587242
v -2.418093 -0.439771 4.812204
v -2.509682 0.638245 5.365051
v -1.356890 0.637274 5.363019
v -1.849301 0.385532 3.167133
v -1.790808 0.402552 3.874788
v -2.136288 0.154565 4.356570
v -1.488878 -0.549704 5.068126
v -1.761731 -0.422854 3.457506
v -1.805192 0.519302 3.401458
v -1.658673 0.536512 5.075296
v -1.786391 0.475841 3.236462
v -1.762011 0.356765 3.241291
v -1.769784 -0.394293 3.235652
v -1.815881 -0.418600 3.846035
v -1.804485 -0.194198 3.801676
v -1.790249 -0.204843 3.889069
v -1.833945 -0.261451 3.152543
v -1.805192 -0.304588 3.169798
v -1.805192 -0.168610 3.748999
v -1.814732 -0.376670 3.873655
v -1.810860 -0.258978 3.884093
v -1.833165 -0.417407 3.888671
v -1.776439 -0.501296 3.246429
v -1.661412 -0.424150 3.774145
v -1.813334 -0.427227 3.817282
v -1.818575 0.328630 3.870328
v -1.814835 0.314128 3.847213
v -1.828793 0.161955 3.739959
v -1.776748 0.184658 3.885109
v -1.395036 -0.512795 4.298504
v -1.661500 0.142109 3.670571
v -1.186962 -0.420204 4.866839
v -1.520119 -0.497130 5.235227
v -1.760745 0.181463 3.844681
v -1.201331 -0.416038 4.485348
v -1.762232 0.471483 3.256691
v -1.768297 0.451843 3.451235
v -1.776439 0.516769 3.385955
v -1.751013 -0.518566 3.371571
v -1.805192 -0.146438 3.644645
v -1.651812 -0.160748 3.658528
v -1.791412 0.186984 3.816310
v -2.438513 -0.543904 5.054301
v -1.273222 -0.416921 5.046911
v -1.761319 -0.492301 3.429489
v -1.609323 0.464519 5.219945
v -1.733302 0.405923 3.429033
v -1.752206 -0.491638 3.270810
v -1.767841 0.494744 3.423321
v -1.132224 -0.182450 3.378858
v -1.766840 -0.529299 3.400324
v -1.752912 0.481641 3.285311
v -1.745919 0.486176 3.357202
v -1.690165 0.407675 3.467650
v -1.734553 -0.436090 3.399779
v -1.431371 0.514929 5.049355
v -1.647042 0.402920 3.817282
v -1.532015 -0.428493 3.482741
v -1.704269 -0.190915 3.888083
v -1.493722 0.491667 5.235051
v -1.532015 0.180815 3.831651
v -1.488878 -0.520244 5.049134
v -1.186962 0.250953 5.033690
v -2.179013 -0.049564 5.566058
v -1.647042 -0.002658 5.556429
v -1.431371 -0.041849 5.562525
v -1.682480 -0.384693 3.544105
v -1.720140 0.390818 3.500246
v -1.662059 0.341762 3.544178
v -1.456253 -0.542181 5.105065
v -1.672615 0.153048 3.486598
v -1.671614 0.150987 3.433671
v -1.660970 0.141123 3.558489
v -1.662663 -0.174131 3.516161
v -1.672969 -0.469761 5.219298
v -1.683378 0.083602 3.435894
v -1.647042 -0.333341 3.554337
v -1.669097 -0.352966 3.550759
v -1.654698 -0.200014 3.550435
v -1.641919 -0.247082 3.644748
v -1.649516 0.097986 3.644748
v -1.654433 0.241767 3.565143
v -1.413955 0.595344 4.464265
v -1.647013 0.155124 3.671897
v -1.186962 -0.449988 4.665552
v -1.546399 -0.212219 3.883696
v -1.539199 -0.592135 5.254911
v -1.630273 -0.319693 3.672868
v -1.629920 -0.376199 3.716741
v -1.618289 -0.177562 3.677064
v -1.655287 0.391760 3.669556
v -1.613975 0.376287 3.784156
v -1.638857 0.251748 3.635753
v -1.301975 -0.728554 4.284488
v -1.977726 0.227383 3.894472
v -1.509401 -0.498219 5.188366
v -1.352385 -0.642589 3.939464
v -1.395036 0.550587 5.061633
v -1.618289 0.241767 3.647030
v -1.431740 0.255429 3.667009
v -1.301975 0.159438 3.377180
v -1.230084 0.129772 5.088340
v -1.186962 -0.002658 5.109497
v -1.471049 0.514900 5.168902
v -1.442590 -0.574924 5.168770
v -1.426646 -0.557492 5.096879
v -1.263475 0.269607 4.408776
v -1.394418 -0.612673 5.123129
v -1.359422 -0.591722 5.056804
v -2.322779 0.397281 3.615995
v -2.424188 0.427536 3.943027
v -1.948958 -0.421515 3.587242
v -1.462436 0.505477 5.140016
v -1.848329 -0.304588 3.893530
v -1.783123 -0.484689 3.450852
v -1.689870 -0.166564 3.746393
v -1.667374 -0.413314 3.644748
v -1.633733 -0.413123 3.817370
v -1.532015 0.147159 3.718464
v -1.424187 0.202914 5.059675
v -7.398046 -0.422501 3.956778
v -6.595901 0.435516 4.313992
v -6.771792 0.349168 4.930956
v -5.356437 -0.647595 5.183139
v -8.404467 -0.618179 5.240645
v -7.211128 -0.353938 3.768874
v -6.991865 0.737932 4.011164
v -7.592147 -0.297404 5.607281
v -6.779816 0.289703 5.547802
v -6.838691 0.183215 4.380229
v -7.426798 0.622728 5.204369
v -6.808569 -0.212763 4.369938
v -5.830887 0.184245 5.688638
v -7.211128 -0.060164 4.351814
v -6.757762 -0.209996 4.384528
v -6.348489 -0.215649 5.682043
v -6.794185 0.169273 4.373957
v -6.708735 -0.434736 5.004348
v -6.866076 0.278676 4.427783
v -6.869785 0.242841 4.415637
v -6.856388 0.272051 5.009118
v -6.726947 0.387888 4.996236
v -6.743569 -0.097618 4.342097
v -6.754007 -0.155286 4.357394
v -4.630306 -0.656826 5.362798
v -5.617116 -0.290381 3.702225
v -7.584065 0.197599 3.663711
v -7.470525 0.342057 3.776618
v -5.585477 0.324345 3.759069
v -5.298931 -0.079215 5.596725
v -6.492255 0.621977 5.019689
v -6.768376 -0.120350 4.357320
v -6.753801 0.167285 4.372323
v -6.789548 0.282401 5.000859
v -6.768789 -0.450621 4.723058
v -6.744158 -0.499117 4.766195
v -6.762413 0.054186 4.345425
v -6.765432 0.054849 4.339403
v -6.765403 -0.362315 4.492783
v -6.742081 -0.380174 4.469639
v -6.745144 -0.486220 4.636799
v -6.775620 0.422736 4.653892
v -6.737135 0.486176 4.737443
v -6.747706 0.443613 4.593897
v -6.771542 -0.296726 5.004362
v -6.749752 0.120776 4.357365
v -6.754581 0.313642 4.993232
v -6.768583 0.318339 4.456624
v -6.739358 0.385532 4.469050
v -6.770865 -0.425725 4.604027
v -6.722898 -0.420204 4.477824
v -7.565515 0.246492 3.681761
v -6.672046 0.536527 4.658235
v -6.686872 -0.556521 4.723058
v -6.673960 -0.556918 4.805711
v -6.675359 -0.543373 4.608046
v -5.687121 -0.336462 3.958398
v -6.679835 0.490372 4.549774
v -6.685208 -0.498175 4.515205
v -6.699092 0.506581 4.871241
v -6.664788 0.494509 4.918942
v -6.670604 -0.498381 4.945413
v -6.650404 -0.565295 4.723058
v -6.650404 0.510071 4.567412
v -6.660813 -0.513840 4.527749
v -6.621651 0.434558 5.004157
v -6.624080 -0.455097 5.003892
v -6.564145 0.546744 4.751811
v -6.686048 0.536365 4.786483
v -7.886880 -0.678394 4.306792
v -6.677935 -0.536719 4.865632
v -6.542164 0.536586 4.816856
v -6.535391 0.509305 4.891470
v -6.571800 0.440256 4.471361
v -6.530312 -0.526796 4.559196
v -6.539279 0.536983 4.641820
v -6.575525 -0.469392 4.470890
v -7.656839 0.063756 5.604896
v -5.471451 0.061165 5.594487
v -6.493373 0.110942 5.683132
v -6.521818 0.496055 4.550849
v -6.501544 -0.439727 4.470581
v -6.513529 0.536704 4.712915
v -6.501869 0.420808 4.472127
v -6.514354 0.521687 4.829311
v -6.516856 -0.525279 4.884021
v -6.512042 -0.486235 4.948461
v -6.452268 -0.372621 5.002802
v -6.511320 0.524101 4.636799
v -6.477885 0.443039 4.466636
v -6.531225 -0.555740 4.646015
v -6.513470 -0.556477 4.708690
v -6.525321 -0.557433 4.794949
v -6.466093 -0.505095 4.751811
v -6.480977 -0.506287 4.609430
v -6.481595 -0.462664 4.522405
v -6.515502 0.420204 5.004009
v -6.459717 0.342984 4.996869
v -6.455094 0.438239 4.593662
v -6.463560 0.372400 4.468815
v -6.442875 0.434293 4.665552
v -6.429728 -0.425666 4.603879
v -6.420364 -0.318987 4.982882
v -6.471599 -0.381234 4.991819
v -6.456920 -0.338671 4.987770
v -6.457141 -0.365643 4.469801
v -6.362858 -0.371458 4.456742
v -6.444936 0.332708 4.473820
v -6.443626 -0.106952 4.357070
v -6.420364 -0.448855 4.708690
v -6.442463 0.290690 5.003376
v -6.449133 0.141123 5.093125
v -6.433674 0.171186 5.067036
v -6.457744 -0.135941 5.090990
v -6.442963 -0.166652 4.371277
v -6.431362 -0.198114 5.076400
v -6.442109 0.148573 4.356349
v -6.439975 -0.241958 4.398617
v -6.457965 0.126739 5.088944
v -6.343630 0.054760 5.095672
v -6.444553 0.066745 5.103269
v -6.439989 0.393527 4.571151
v -6.419834 0.423031 4.664522
v -6.433290 -0.202148 5.065888
v -6.446188 -0.186557 5.073412
v -6.438885 0.217886 5.045807
v -6.420364 -0.113239 5.092153
v -6.391611 -0.160807 5.099427
v -6.443111 -0.155758 4.355848
v -5.960284 -0.203945 4.365212
v -6.430994 -0.309417 4.442196
v -6.425546 0.257402 5.016891
v -6.347369 -0.217224 5.064563
v -6.420364 0.182773 5.078476
v -6.305351 -0.160807 5.083187
v -6.219092 -0.203945 5.081244
v -6.405995 -0.273450 4.423763
v -6.039373 0.633637 5.355672
v -4.651934 0.630766 5.355672
v -5.298931 -0.307842 5.547022
v -6.247845 -0.280796 4.418213
v -6.459909 -0.097677 5.103961
v -6.233461 -0.132054 5.100177
v -6.146186 -0.012537 5.118772
v -6.426813 -0.309255 5.003097
v -6.352832 -0.300230 5.002375
v -6.248125 0.256680 5.023325
v -6.261994 -0.245698 5.045704
v -6.018968 0.223599 5.050238
v -5.888408 0.083602 5.111793
v -5.845271 -0.351435 3.774145
v -5.658368 0.315468 4.445626
v -5.500204 -0.363964 3.917925
v -5.500204 0.601203 5.008676
v -5.836379 -0.354998 4.485745
v -5.586478 0.457423 4.303097
v -6.284151 -0.271875 5.028493
v -5.643984 -0.125002 5.679010
v -5.557724 0.270520 4.424352
v -6.416845 0.267737 4.421849
v -5.874024 0.270520 4.431596
v -6.444745 0.318677 4.455491
v -6.046558 0.193344 5.076430
v -6.429389 -0.425770 4.842400
v -5.871919 -0.245286 5.045969
v -5.787764 -0.045795 4.349871
v -6.435573 0.069321 4.355362
v -5.434129 0.420631 4.812101
v -6.430979 0.403744 4.852455
v -5.887201 -0.269077 5.028581
v -5.759012 -0.142934 5.105992
v -6.021103 0.242885 5.032792
v -5.807935 -0.657091 5.318704
v -6.003421 -0.619607 5.240645
v -3.882738 -0.462738 5.545284
v -5.818491 -0.274642 4.414503
v -7.306103 0.333886 3.955085
v -6.628571 0.694721 3.968336
v -6.420364 -0.446793 4.766195
v -5.434953 -0.440522 4.809333
v -5.431817 -0.447529 4.650771
v -5.458391 0.151075 5.078182
v -5.557724 -0.642280 5.277084
v -5.448749 0.149044 4.356157
v -5.572403 0.741009 4.249492
v -5.434600 -0.132054 5.092477
v -5.643984 0.287097 5.006011
v -5.488867 0.623331 5.030952
v -5.298931 0.105023 5.679348
v -5.579294 0.399916 4.466385
v -5.718156 0.339259 3.903453
v -5.586478 -0.766288 4.219856
v -5.571740 -0.760517 4.248992
v -5.687121 -0.202384 5.079757
v -5.357733 -0.613998 5.241985
v -5.615231 0.330558 3.958133
v -5.798115 -0.700051 4.298975
v -6.449133 -0.501164 4.459362
v -5.699944 -0.247288 5.044850
v -4.939494 -0.017042 5.556459
v -5.447512 0.221979 5.045748
v -5.452164 -0.022548 5.118065
v -5.443375 0.374063 4.909461
v -5.694086 -0.282887 5.020822
v -5.668012 -0.277322 4.419185
v -5.446673 0.193049 5.076385
v -5.447880 -0.141521 5.104579
v -5.563113 -0.692778 4.312004
v -5.448851 -0.311360 4.988683
v -5.607192 -0.146438 3.653479
v -5.593868 0.292574 3.608177
v -5.616468 -0.218314 3.657336
v -5.591985 -0.304588 3.598696
v -5.556340 -0.405231 3.659132
v -5.589923 0.329101 3.673501
v -5.578204 -0.275835 3.566939
v -5.619942 0.227383 3.669217
v -5.477855 -0.297153 4.428298
v -5.478193 -0.642618 5.031953
v -5.532019 0.346694 3.788529
v -5.552528 0.500560 4.314154
v -5.549436 0.391363 3.716639
v -5.531739 0.449679 4.312917
v -5.572094 0.673079 4.308353
v -5.561891 -0.534628 4.311681
v -5.577409 -0.469643 4.313079
v -5.507212 0.392614 3.781226
v -5.469022 0.393674 3.564039
v -5.514132 0.472602 4.323208
v -5.525541 -0.427860 3.702254
v -5.543930 -0.417172 3.701298
v -5.476618 -0.499588 4.355554
v -5.600846 0.246301 5.032277
v -5.467328 0.265205 5.020543
v -5.558608 -0.359194 3.759290
v -5.441313 -0.075682 5.106935
v -5.120332 0.408249 3.953775
v -5.346632 0.463459 4.326595
v -5.444169 -0.334122 4.463441
v -5.466592 0.220669 4.400870
v -5.435277 0.147645 4.371071
v -5.473776 -0.244387 4.391138
v -5.543959 -0.267988 4.412221
v -5.459010 -0.263910 4.409247
v -5.408453 0.449458 5.018423
v -5.404890 -0.558538 4.441578
v -5.432921 0.705321 4.411529
v -5.461292 -0.228840 5.052417
v -5.439061 -0.299376 5.017407
v -5.457081 0.154771 5.092065
v -5.448925 0.155374 5.083541
v -5.284547 -0.203945 5.687166
v -5.377167 -0.572877 4.470920
v -5.447305 -0.510424 4.383733
v -5.381717 -0.592135 5.063724
v -5.417713 -0.630722 5.058792
v -5.364108 -0.426712 3.737118
v -5.802135 -0.031411 4.325903
v -5.449455 -0.123751 4.356628
v -5.435336 -0.196789 4.370807
v -5.434835 0.318471 4.458715
v -5.431655 0.384855 4.909461
v -5.434158 0.302585 5.006247
v -5.448204 -0.182862 4.356246
v -5.434879 -0.169479 5.090386
v -5.434305 -0.367998 4.487424
v -5.437971 -0.388389 4.921239
v -5.443713 0.185217 4.378506
v -5.444803 0.096970 4.348840
v -5.349003 -0.513045 4.413884
v -5.442697 -0.503902 4.406759
v -5.433407 0.361005 4.503795
v -5.426046 0.371163 4.493018
v -5.435100 0.050314 5.104491
v -5.423572 -0.419601 4.478649
v -5.431419 0.011726 4.338284
v -5.445642 -0.114652 4.341185
v -5.326227 0.543682 5.094053
v -5.423425 -0.546804 4.751811
v -5.427312 -0.435001 5.011754
v -5.420628 -0.512103 4.900657
v -5.447408 -0.330088 4.441696
v -5.433701 -0.337714 4.454592
v -5.420510 0.448692 5.002478
v -5.422483 -0.490976 4.521933
v -5.413944 -0.478417 4.467563
v -5.421776 0.495584 4.909961
v -5.370807 0.543682 4.464677
v -5.442697 0.427006 4.679936
v -5.407333 -0.542284 4.599080
v -5.414621 0.529313 4.636799
v -5.392788 0.521878 4.442917
v -5.408217 0.552398 4.723059
v -5.420628 0.462046 4.483935
v -5.361929 0.677996 4.471141
v -5.342054 0.383118 3.802898
v -5.158036 -0.353055 3.955144
v -5.169520 -0.631356 5.269958
v -5.379243 0.551220 4.613729
v -5.349856 -0.585082 4.788368
v -5.385191 0.519464 4.533461
v -5.360177 -0.556845 4.470979
v -5.356437 -0.581284 4.651168
v -5.413944 -0.491359 4.449881
v -5.366950 -0.586437 4.708690
v -5.356437 0.568549 4.751811
v -5.407333 0.536939 4.847037
v -5.312830 -0.496614 4.421260
v -5.356437 0.741053 4.419538
v -5.370807 -0.500796 4.977465
v -5.369629 0.588218 5.078182
v -5.365021 -0.556594 4.875054
v -5.392332 0.737770 4.413914
v -5.398751 -0.454258 5.024592
v -5.334074 -0.441479 5.074001
v -5.328170 -0.638629 5.168917
v -5.327684 0.586819 4.479459
v -5.306956 0.449178 5.104859
v -5.241411 -0.534746 4.507402
v -5.318954 0.479300 4.341597
v -4.881973 0.515076 4.909961
v -5.398589 0.510277 4.924611
v -5.188291 -0.556374 4.471347
v -5.126398 0.558066 4.481697
v -5.428976 0.469584 4.465517
v -5.054507 0.478240 4.456168
v -4.896357 -0.534805 4.924345
v -5.312785 0.621299 5.197464
v -5.241411 0.621933 5.279218
v -5.327684 0.590308 5.230074
v -5.305026 -0.440831 5.090298
v -5.276847 0.608726 5.203927
v -5.266336 -0.598568 5.234403
v -5.205900 0.549998 5.205399
v -5.144742 0.536836 4.471200
v -5.183904 0.334254 3.952862
v -5.262272 0.478255 4.370203
v -5.184728 0.476164 4.421320
v -5.273521 -0.498175 4.398175
v -5.103150 -0.499780 4.456742
v -5.224582 -0.548997 5.180592
v -4.896357 0.560407 4.794949
v -5.068891 -0.469864 5.090431
v -5.281515 -0.466625 5.123188
v -5.213850 -0.460485 5.183315
v -5.242883 0.428979 5.156152
v -4.910726 0.552398 4.608841
v -5.176704 -0.498690 4.413929
v -5.231914 -0.572362 5.187438
v -5.227615 -0.591089 5.239350
v -5.155151 0.444437 5.096879
v -5.195814 0.390685 5.209021
v -5.169520 -0.563381 5.242809
v -5.321693 0.421117 5.061633
v -5.190809 0.551191 5.233181
v -5.181504 -0.396575 5.217737
v -5.040123 -0.443937 5.165589
v -5.206607 -0.423355 5.205974
v -4.895813 -0.572818 4.824453
v -4.896357 -0.573996 4.622415
v -5.218620 -0.426727 5.046499
v -5.284547 -0.426211 5.061943
v -4.795714 -0.469599 5.075649
v -5.255794 0.592105 5.248860
v -4.888260 -0.585347 4.699488
v -5.046174 -0.512456 4.472083
v -4.623460 -0.592503 5.247197
v -4.804783 -0.397694 5.218547
v -4.891028 0.564853 4.751811
v -4.791194 -0.397370 5.233976
v -5.165029 -0.396369 5.234270
v -5.175026 0.395941 5.232651
v -4.886523 0.378083 5.219224
v -4.599786 0.391127 5.234211
v -4.850055 0.475752 4.482403
v -4.878706 0.548600 4.636799
v -4.627229 -0.627675 5.262847
v -4.873287 0.537455 4.848407
v -4.831592 0.507833 4.614951
v -4.831313 0.522555 4.708690
v -4.849555 -0.407779 5.049046
v -4.738208 -0.429450 5.193106
v -4.843989 -0.486397 4.949006
v -4.831652 -0.541827 4.672619
v -4.831799 0.478829 4.916837
v -4.831592 0.450326 4.960416
v -4.912037 0.412872 5.051916
v -4.847935 0.375698 5.048103
v -5.038961 0.417760 5.055155
v -4.838851 0.414286 5.059646
v -4.701313 0.450209 5.075355
v -4.830430 -0.447412 4.966629
v -4.827779 -0.318957 5.070231
v -4.798481 0.318191 5.074442
v -4.817429 0.149323 5.132935
v -4.833596 0.327098 5.054611
v -4.832373 0.043718 5.117535
v -4.826956 0.155492 5.111249
v -4.831858 -0.253795 5.046514
v -4.825336 0.199910 5.068598
v -4.822333 -0.520244 4.708690
v -4.824968 -0.203945 5.082495
v -4.821272 0.443039 4.924345
v -4.821198 0.433233 4.737443
v -4.821434 -0.433469 4.838616
v -4.815015 -0.160807 5.131786
v -4.813057 0.366467 4.919487
v -4.832903 -0.481568 4.483625
v -4.833389 0.068511 5.126560
v -4.831902 -0.353997 4.967483
v -4.821552 -0.366438 4.942631
v -4.829238 -0.506744 4.867089
v -4.811467 -0.303543 5.087207
v -4.766960 -0.199366 5.133539
v -4.752267 0.247994 5.117873
v -4.896357 -0.425460 5.061692
v -5.378095 -0.700080 4.471508
v -4.557547 -0.411945 5.205635
v -4.551290 -0.476342 5.096879
v -4.597578 -0.395691 5.234683
v -4.364387 0.159644 5.132125
v -4.580043 -0.470497 5.074840
v -4.825071 0.241148 5.042788
v -4.570282 -0.409207 5.221506
v -4.637564 0.597007 5.259534
v -4.583267 0.391304 5.221344
v -4.421893 -0.304588 5.092036
v -4.472023 -0.441111 5.147186
v -4.584475 -0.606519 5.235286
v -4.544606 0.409177 5.203559
v -4.514233 0.621358 5.191354
v -4.500085 -0.470099 5.089371
v -4.392095 0.313583 5.088002
v -4.421893 0.212999 5.127870
v -3.889128 -0.247082 5.068126
v -6.787501 -0.245094 4.404123
v -6.767728 -0.235480 4.390255
v -6.867003 -0.239588 4.398824
v -6.699386 0.463562 4.944545
v -6.694513 0.418746 4.996824
v -6.684178 0.520892 4.618499
v -6.535112 -0.502474 4.939893
v -6.420423 0.422957 4.780786
v -6.444892 -0.099576 4.341258
v -6.444686 0.094894 4.340831
v -6.443700 0.198629 4.386677
v -5.434953 0.115800 4.355627
v -5.407333 -0.556609 4.818122
v -4.855532 -0.531419 4.881209
v -4.829045 -0.532773 4.780565
v -3.774910 0.289762 5.547846
v -4.822038 -0.160557 5.095878
v -4.831887 0.104420 5.103857
v -4.393140 -0.419601 5.080567
v -4.931029 0.493302 4.485922
v -4.709439 0.471807 4.480239
v -4.867604 -0.768408 4.234225
v -4.910726 0.532699 4.550525
v -3.242939 0.673079 4.478914
v -4.909431 0.721001 4.147421
v -4.832108 0.451195 4.471288
v -4.831019 -0.419218 4.465384
v -4.820684 -0.447574 4.649946
v -4.821051 -0.376891 4.492135
v -4.822539 0.428669 4.622415
v -4.820713 0.328689 4.463750
v -4.810083 -0.074548 4.320632
v -4.832241 -0.111870 4.328538
v -4.818195 -0.298728 4.398824
v -4.832476 0.079435 4.328950
v -4.819359 -0.172659 4.340979
v -4.821493 -0.246213 4.378948
v -4.821169 0.198629 4.354170
v -4.822788 0.097780 4.336002
v -4.818033 -0.226941 4.355907
v -4.789148 -0.240030 4.356363
v -4.727563 0.069321 4.320249
v -4.306880 -0.117670 4.336252
v -4.421893 0.208508 4.354788
v -4.881973 -0.497380 4.470448
v -4.925110 -0.692778 4.480681
v -5.220931 0.658636 4.482889
v -5.040123 -0.718675 4.020438
v -3.645513 -0.733589 4.176719
v -4.565673 -0.717880 4.007070
v -4.311709 -0.218505 4.349047
v -4.596356 -0.267281 4.400384
v -4.565673 0.091758 4.341391
v -4.676697 0.391318 3.817282
v -4.279290 0.379511 3.830517
v -4.781331 0.377774 3.866234
v -3.947665 0.040627 5.145184
v -4.819800 0.385783 4.534728
v -4.695071 0.311993 4.452060
v -4.292496 -0.404746 3.817282
v -4.651934 -0.406895 3.659132
v -4.283280 0.296726 3.492355
v -3.918691 -0.045795 4.318983
v -3.895605 -0.371296 4.441504
v -4.292496 -0.380821 3.889172
v -3.894663 -0.336772 4.449881
v -4.321250 -0.209686 5.117859
v -3.659883 -0.765728 4.248609
v -4.306880 0.375330 3.556472
v -4.177483 0.227221 5.050856
v -4.335633 0.083602 5.101488
v -4.413000 0.461368 5.105198
v -4.321397 0.645710 5.049767
v -4.479753 0.333002 5.074913
v -4.378771 0.399916 5.078329
v -4.459244 -0.644017 5.146097
v -4.436277 -0.460618 5.096879
v -4.440061 -0.453816 5.116298
v -4.407524 -0.477122 5.097659
v -4.363415 0.271521 5.087545
v -3.897314 -0.110692 5.104123
v -4.278128 -0.548997 5.021868
v -4.559373 -0.398017 3.551348
v -4.297973 -0.398518 3.564510
v -3.894619 0.069645 4.334692
v -4.285371 0.335108 5.032159
v -4.819888 0.371163 4.454460
v -3.897049 0.191312 4.370865
v -4.278128 0.644326 5.022162
v -4.306880 -0.304588 3.485494
v -4.273534 0.667617 5.030598
v -4.326874 -0.649641 5.047661
v -4.306880 0.316174 3.496757
v -4.271488 -0.368425 3.537906
v -4.272533 -0.333341 3.510596
v -4.271237 0.304264 3.508888
v -4.276758 -0.401639 3.701695
v -4.280439 0.369308 3.572858
v -4.285371 -0.326083 3.493798
v -4.270943 -0.209583 3.536949
v -4.255808 -0.383854 3.839454
v -4.234990 0.357560 3.831651
v -4.820919 0.414035 4.839264
v -3.896754 0.377950 4.902115
v -4.350003 -0.407808 3.942689
v -4.249360 0.241767 3.545533
v -4.247564 0.284889 3.554617
v -4.254733 0.310624 3.562258
v -4.242808 0.349153 3.652963
v -4.206237 0.706970 5.037224
v -4.241600 -0.369323 3.867824
v -4.177483 0.353820 3.889172
v -4.253114 0.365451 3.702255
v -4.206237 0.384443 3.731008
v -4.249360 -0.280443 3.551966
v -4.248019 -0.337596 3.586079
v -4.177131 -0.333842 3.547255
v -3.894855 0.266677 4.397351
v -4.192324 0.377185 3.818474
v -4.241306 -0.368837 3.668555
v -4.203764 -0.400771 3.716638
v -4.242160 0.320724 3.594706
v -4.160318 0.379172 3.620927
v -4.156887 0.306899 3.536611
v -4.163100 -0.404009 3.817282
v -4.126602 -0.369191 3.881855
v -4.099720 0.378480 3.853441
v -4.119962 -0.290204 3.516470
v -4.133183 0.703260 5.027771
v -4.292982 0.697283 5.096541
v -4.119962 -0.371620 3.563214
v -4.076840 0.284889 3.514969
v -3.895797 0.365775 4.455918
v -3.896062 -0.170038 4.341464
v -3.925080 -0.398135 3.853411
v -3.904307 0.377037 3.849966
v -3.896812 -0.297683 4.399383
v -3.933060 0.270520 3.513776
v -3.933060 0.295430 3.521020
v -3.649724 0.708590 4.171021
v -3.884931 -0.368970 3.897004
v -3.899257 0.363640 3.580425
v -3.895694 0.432380 4.651168
v -3.894619 0.274259 4.417050
v -3.904307 0.351773 4.497465
v -3.846800 -0.404716 3.659132
v -3.904307 -0.330161 3.534682
v -4.019334 -0.396913 3.582015
v -3.874169 -0.396074 3.601626
v -3.861759 0.313966 3.548094
v -3.895503 -0.103301 4.326933
v -3.895591 -0.136397 4.340493
v -3.831636 0.169935 3.524862
v -3.841470 -0.397679 3.808198
v -3.895973 0.079907 4.327139
v -3.895665 0.150001 4.341582
v -3.890541 0.371163 4.478649
v -3.895135 -0.391275 4.520358
v -3.896474 -0.440433 4.634016
v -3.895223 0.414521 4.607177
v -3.861169 0.354041 3.889172
v -3.809890 0.363007 3.882562
v -3.530486 0.420734 3.941055
v -3.888981 0.428669 4.493018
v -3.883430 -0.528268 4.626464
v -3.889570 -0.463253 4.482845
v -3.918691 -0.290204 3.514704
v -3.796597 -0.195715 3.549096
v -3.825202 -0.369279 3.867589
v -3.856458 0.198629 3.375840
v -3.875981 -0.218314 3.414708
v -3.869370 -0.208450 3.452957
v -3.810067 0.273405 3.551908
v -3.871741 -0.376478 3.414708
v -3.843870 0.427992 3.371483
v -3.856502 0.425975 3.400324
v -3.851069 -0.448133 3.385013
v -3.840145 -0.413697 3.465663
v -3.840985 0.409221 3.452368
v -3.869385 0.328026 3.424896
v -3.832416 -0.185188 3.457845
v -3.807800 0.379143 3.731008
v -3.868855 -0.196200 3.417741
v -3.861346 0.173130 3.456991
v -3.856915 0.174705 3.388517
v -3.829619 -0.319634 3.487894
v -3.822552 0.313642 3.489734
v -3.782786 -0.527944 3.397350
v -3.812540 -0.226809 3.536596
v -3.783081 0.508451 3.391594
v -3.789588 -0.382132 3.760733
v -3.851482 0.378937 3.621663
v -3.458610 -0.643796 3.953201
v -3.801573 0.372400 3.516426
v -3.781756 -0.339584 3.593720
v -5.392964 -0.757793 4.414473
v -3.803663 0.326200 3.587242
v -3.776265 -0.523969 3.415002
v -3.790766 0.360902 3.846035
v -3.788690 -0.380954 3.831151
v -3.803605 0.183127 3.325651
v -3.774910 0.168669 3.328448
v -3.769109 0.380409 3.615995
v -3.781977 0.335034 3.608339
v -3.645513 -0.495363 3.225391
v -3.803619 -0.405732 3.500467
v -3.797200 -0.385003 3.539349
v -3.668230 0.422678 3.190940
v -3.743977 -0.415272 3.788529
v -3.776691 -0.379173 3.659132
v -3.778944 0.362035 3.656114
v -3.754107 -0.542063 3.393964
v -3.746156 0.519449 3.385955
v -3.710793 0.176678 3.593190
v -3.768211 -0.198954 3.580440
v -3.740548 0.178018 3.595148
v -3.659058 -0.419601 3.171624
v -3.652801 0.365731 3.163026
v -3.386720 -0.453669 3.941879
v -3.668510 0.176089 3.190380
v -3.853897 -0.196922 3.378858
v -3.759820 -0.423502 3.860404
v -3.889923 -0.407661 3.942792
v -3.631129 -0.425814 3.871534
v -3.746156 0.397841 3.615995
v -3.415473 0.399902 3.601611
v -3.717403 -0.419733 3.673501
v -4.977067 0.694795 4.011193
v -3.501821 0.705277 4.033100
v -3.710160 -0.025801 3.594456
v -3.655098 0.155492 3.549125
v -3.651579 0.195906 3.163821
v -3.625756 0.176678 3.162702
v -3.652183 -0.214648 3.163482
v -3.645513 -0.188589 3.199052
v -3.472979 0.402419 3.644748
v -3.763132 0.405585 3.874788
v -3.482976 0.406409 3.826837
v -3.690373 -0.175191 3.582589
v -3.688651 -0.412858 3.480179
v -3.569339 -0.730379 4.109348
v -3.465103 0.737711 4.054904
v -3.494136 -0.412519 3.822803
v -3.084789 -0.531551 3.412765
v -3.411837 0.408058 3.807977
v -3.449055 0.394440 3.659132
v -3.466428 -0.099591 3.765149
v -3.461687 0.298036 3.845461
v -3.466988 -0.283594 3.856680
v -3.458610 -0.305898 3.820595
v -3.470477 0.328306 3.818298
v -3.444226 -0.420248 3.615995
v -3.465029 -0.390848 3.741431
v -3.465898 0.263409 3.882017
v -3.423041 -0.241531 3.622900
v -3.458610 0.398429 3.820300
v -3.473436 -0.390789 3.814838
v -3.426971 0.126739 3.618807
v -3.430947 0.272728 3.830959
v -3.415473 0.268341 3.860404
v -3.425396 -0.405231 3.635134
v -3.364695 0.391731 3.753033
v -3.378048 -0.283682 3.769345
v -3.417255 0.313642 3.626080
v -3.295896 0.261613 3.676254
v -3.354831 -0.416170 3.733820
v -3.397674 -0.411194 3.622561
v -3.314329 -0.404657 3.630364
v -3.408804 0.371163 3.622944
v -3.307277 0.336477 3.623003
v -3.231706 0.408603 3.774145
v -3.271972 0.256033 3.621266
v -3.305054 0.386519 3.672220
v -3.292760 -0.284094 3.653037
v -2.941009 0.398871 3.572858
v -3.206957 -0.254310 3.637519
v -3.228570 0.224541 3.620706
v -3.206074 0.223496 3.644748
v -2.595956 0.389728 3.462571
v -2.917497 -0.527532 3.306512
v -3.192338 0.163869 3.622061
v -4.810083 0.422928 4.639537
v -4.881973 0.747487 4.219856
v -4.167473 -0.396913 3.610989
v -4.214732 -0.369088 3.896607
v -3.873197 0.212999 3.443461
v -3.795934 -0.324375 3.563185
v -3.214186 -0.763417 4.392375
v -3.814823 -0.445056 3.467842
v -3.759613 0.470452 3.446789
v -3.782581 0.508054 3.408053
v -3.379285 -0.426697 3.767122
v -3.631129 0.477372 3.222873
v -3.803663 0.389728 3.491162
v -2.466559 -0.496055 3.224434
v -5.487262 -0.290204 3.496830
v -5.580206 0.294238 3.578850
v -5.536627 -0.412917 3.607986
v -5.496656 0.380983 3.563259
v -5.487248 0.256136 3.496507
v -5.534050 0.391392 3.612358
v -5.457081 0.331810 3.510110
v -5.442697 -0.290204 3.484405
v -5.490663 0.730600 2.724588
v -5.413783 0.601203 2.911491
v -5.479887 0.678144 2.701473
v -5.453842 -0.413785 3.549684
v -5.522302 -0.426933 3.635149
v -5.457081 -0.371885 3.520990
v -5.450560 1.013215 2.816766
v -5.433805 -1.125209 2.867985
v -5.433363 -1.023461 2.791634
v -5.528971 0.400932 3.731008
v -5.496803 -0.735915 2.710204
v -5.378139 -0.584714 3.019731
v -5.439870 -0.836559 2.695834
v -5.420157 1.125356 2.833005
v -5.421997 -0.627454 2.858475
v -5.413944 0.284889 3.486451
v -5.442697 0.395662 3.798290
v -5.298608 -0.393542 3.559460
v -5.370807 -0.424503 3.601611
v -5.434776 0.623081 2.820505
v -5.435498 1.111532 2.861036
v -5.411162 1.104259 2.910563
v -5.445804 -1.037787 2.811583
v -5.423145 1.127300 2.864143
v -5.409144 -1.146248 2.876951
v -5.402681 -1.086150 2.771022
v -5.466503 0.364950 3.812497
v -5.227041 0.362963 3.909003
v -5.457081 -0.417304 3.773055
v -5.281264 0.832127 3.271737
v -5.256545 -1.112150 2.753738
v -5.313301 -0.320474 3.496772
v -5.322650 1.026185 3.121758
v -5.284547 -0.403936 3.587242
v -5.291511 -0.136132 3.479561
v -5.274757 1.125503 2.790898
v -4.987269 1.126858 2.707288
v -5.320235 -0.542534 3.162820
v -5.263156 -0.959021 3.307042
v -5.362239 0.407469 3.767844
v -5.348870 0.407175 3.678890
v -5.320691 0.536071 3.163276
v -5.325314 0.516784 3.141531
v -5.313301 0.391716 3.601611
v -5.455668 -0.392408 3.801485
v -5.307043 -0.212896 3.245781
v -5.315642 0.076417 3.242174
v -5.321060 0.192623 3.289272
v -5.327036 0.184245 3.342818
v -5.309694 0.207993 3.299695
v -5.313978 -0.189561 3.371571
v -5.319395 -0.203017 3.312960
v -5.307382 0.507111 3.149569
v -5.306190 -0.225572 3.321706
v -5.322046 -0.525868 3.127161
v -5.298107 0.098060 3.481490
v -5.241411 -1.105923 2.724588
v -5.307235 0.179151 3.409408
v -5.276950 0.147689 3.479679
v -5.276936 0.205564 3.192618
v -5.275640 0.169876 3.165838
v -5.284695 -0.203944 3.184668
v -5.227041 0.543682 3.185389
v -5.292528 -0.641676 3.206575
v -5.278776 -0.822175 3.265171
v -5.267690 0.180285 3.455431
v -5.266836 0.969194 3.266864
v -5.292748 0.664054 3.221283
v -5.420599 -1.145364 2.832887
v -5.208608 -1.146395 2.759598
v -5.155151 0.387564 3.572858
v -5.263082 0.939278 3.306983
v -5.251230 0.892857 3.307675
v -5.223891 0.194905 3.116105
v -5.264952 -0.882331 3.294101
v -5.069481 -0.347622 3.510522
v -5.209286 -0.413255 3.788529
v -5.291541 -0.527370 3.163158
v -5.240026 -0.190208 3.125571
v -5.241411 0.931887 3.314271
v -5.241411 -0.937202 3.315066
v -5.197698 0.844965 3.284075
v -5.226113 0.215781 3.271148
v -5.241411 0.952543 3.305967
v -5.275817 -0.208803 3.480371
v -5.212658 -0.236732 3.481548
v -5.193828 1.126623 2.759436
v -5.205767 0.421691 3.725060
v -5.231178 -0.548997 3.357202
v -5.226349 -0.635272 3.328448
v -5.229735 -0.548997 3.314065
v -5.227232 0.529313 3.357202
v -5.202543 0.542313 3.228188
v -5.206208 0.586819 3.437719
v -5.298931 0.500089 3.127162
v -5.212995 0.241767 3.328448
v -5.166354 0.644061 3.191381
v -5.192708 0.538353 3.176821
v -5.220695 -0.412740 3.693524
v -5.190353 -0.440831 3.716638
v -5.207651 0.787930 3.429622
v -5.200349 -0.520656 3.429283
v -5.192502 -0.524455 3.452928
v -5.197979 -0.779037 3.457845
v -5.215837 0.802490 3.371571
v -5.211081 -0.261451 3.299695
v -5.204958 -0.505257 3.298385
v -5.203588 0.835763 3.357202
v -5.190456 0.752816 3.235947
v -5.202631 -0.835351 3.400295
v -5.181445 -0.578722 3.177925
v -5.191119 0.507686 3.450690
v -5.140766 -1.108455 2.681450
v -5.162055 -0.440919 3.809773
v -5.209463 0.228295 3.255498
v -5.155828 -1.113210 2.710954
v -5.190073 -0.528930 3.236800
v -5.118168 0.233213 3.480518
v -5.190779 -0.495805 3.378108
v -5.176616 0.457423 3.407376
v -5.159258 -0.487810 3.432832
v -5.192929 -0.225822 3.429092
v -5.117873 -0.239426 3.478663
v -5.204442 -0.238278 3.359881
v -5.169830 -0.893461 3.289404
v -5.112014 0.390994 3.596944
v -5.203764 0.798530 3.262565
v -5.170492 0.685991 3.208739
v -5.296223 -0.512574 3.135995
v -5.172170 0.217239 3.196313
v -5.068891 0.615573 3.957132
v -5.090872 0.910569 3.422658
v -5.222712 0.393968 3.662989
v -5.139942 -0.606047 3.154148
v -5.126662 0.533509 3.142532
v -5.096570 0.327732 3.500806
v -5.071718 -0.398224 3.536729
v -5.169520 -0.415449 3.634928
v -5.201012 -0.672844 3.220076
v -5.140766 -0.451431 3.802898
v -5.127134 -0.576705 3.152705
v -5.136438 0.811707 3.510331
v -5.098483 0.902177 3.270206
v -5.134112 -0.498425 3.494181
v -5.104667 -0.929900 3.392418
v -5.105639 0.910922 3.371571
v -5.175188 0.420925 3.779062
v -5.188998 0.391981 3.808198
v -5.093654 1.127094 2.715916
v -5.190382 -0.239426 3.221783
v -5.093757 -0.540458 3.145859
v -5.112014 -0.146438 3.045054
v -5.176837 -0.829506 3.479561
v -5.139559 0.609580 3.165484
v -5.121333 0.491932 3.509566
v -5.097644 0.422780 3.798835
v -5.106021 0.461854 3.465987
v -5.083261 0.486176 3.154487
v -5.068891 -0.833894 3.541027
v -5.077475 -0.930371 3.437425
v -5.011370 -0.516828 3.012134
v -5.074780 -0.441846 3.811996
v -5.105757 -0.757189 4.011737
v -5.112381 -0.549410 3.129679
v -5.049413 0.951689 3.219457
v -5.153031 -0.633225 3.177984
v -5.080346 -0.946006 3.328448
v -5.040123 -0.548997 3.555574
v -5.083261 -0.675641 3.979775
v -5.148202 0.191651 3.062338
v -5.176573 0.205785 3.091356
v -5.011694 0.328114 3.501085
v -5.054507 0.382411 3.846035
v -5.217589 -0.959919 3.307704
v -5.054817 -1.148633 2.709762
v -5.040123 0.897628 3.481342
v -5.068170 0.423016 3.773453
v -5.149644 -0.441567 3.651359
v -5.033955 -0.440890 3.667171
v -5.083261 -0.407381 3.848273
v -4.997001 -0.223776 3.067933
v -5.070319 0.775150 3.569899
v -5.041257 0.744115 3.582354
v -5.126398 0.748444 4.032938
v -5.155151 0.673079 3.959178
v -5.040123 0.697798 4.022087
v -5.078755 -0.211541 3.047733
v -5.121171 0.436796 3.622002
v -5.076812 0.435545 3.625403
v -4.963286 -0.542019 3.061896
v -5.025754 0.482378 3.149275
v -5.040123 -0.409913 3.833919
v -4.997001 -0.420823 3.659132
v -5.054507 0.930842 3.299695
v -5.020969 0.781540 3.580396
v -5.037665 -0.497660 3.537818
v -5.097173 -0.486765 3.485906
v -5.062428 -0.527149 3.148480
v -5.046042 0.852562 3.507946
v -5.040123 -0.474722 3.503132
v -5.012504 -0.360990 3.505870
v -4.997001 -0.906020 3.497184
v -5.055390 0.399828 3.604688
v -5.011370 0.395617 3.774145
v -4.968248 -0.505875 3.167811
v -5.119817 -0.240118 3.162746
v -5.036899 0.895257 3.236153
v -5.061898 0.924805 3.277935
v -5.029655 0.451063 3.507343
v -5.068891 -0.393468 3.874788
v -4.364387 0.377567 3.926685
v -4.990096 -0.412254 3.721732
v -4.968248 -0.764668 3.588405
v -4.986798 0.563808 3.565894
v -4.987033 -1.133881 2.672352
v -4.987299 -0.211541 3.047748
v -4.873095 0.206300 3.104371
v -4.975418 0.493287 3.163099
v -5.011370 -0.815947 3.566336
v -5.066255 -0.929267 3.248063
v -4.999356 -0.921758 3.226583
v -4.982617 0.527267 3.098408
v -4.986239 1.115580 2.671763
v -4.982617 0.922641 3.265716
v -4.961563 -0.498808 3.536817
v -5.097644 0.740656 4.021013
v -4.994233 -0.473677 3.491251
v -4.955247 0.214883 3.171683
v -4.989169 -1.146086 2.687648
v -4.967173 -0.238307 3.155915
v -4.911536 0.932078 3.194341
v -4.945575 0.795747 3.566056
v -4.981395 0.742039 4.117932
v -4.976478 0.450915 3.478854
v -4.913348 -0.576676 2.852777
v -4.953864 0.770071 3.581353
v -4.947783 -0.239764 3.479576
v -4.948666 -0.239411 3.462306
v -4.992128 1.046900 2.646882
v -4.860155 0.996873 3.002476
v -4.974123 1.113976 2.685764
v -4.984929 -0.324861 3.493062
v -4.924625 -0.473058 3.443329
v -4.974888 -1.132055 2.687310
v -4.911095 -0.864546 3.185963
v -4.953864 -0.903296 3.495167
v -4.913715 -0.817493 3.553026
v -4.894959 1.028379 2.941407
v -4.934077 0.730600 3.579586
v -4.914422 0.549144 3.098408
v -4.925788 0.541312 3.083524
v -4.910521 -0.502989 3.199037
v -4.917779 -0.944446 3.306718
v -4.931058 0.925218 3.291186
v -4.991804 0.232285 3.481180
v -4.990670 -0.261451 3.478692
v -4.847434 -0.742687 4.198744
v -4.887657 0.506773 2.945588
v -4.904131 -1.059149 2.916952
v -4.976065 0.895360 3.205913
v -4.896622 0.844023 3.184388
v -4.982617 0.892813 3.239392
v -4.888157 0.192313 3.076192
v -4.859595 -0.225690 3.133595
v -4.910726 -0.385547 3.520917
v -5.126398 -0.405231 3.946119
v -4.919664 -0.247082 3.419508
v -4.981984 -0.247832 3.159198
v -4.890527 -0.238307 3.253643
v -4.873964 0.868285 3.451588
v -4.902159 -0.916679 3.452398
v -4.904794 -0.558567 3.106815
v -4.845050 0.464401 3.451765
v -4.909858 -0.490269 3.512790
v -4.892383 0.216915 3.385955
v -4.845005 -0.764668 3.537818
v -4.789736 -0.225307 3.285311
v -4.817121 0.939322 3.148966
v -4.975874 0.219874 3.464647
v -4.915703 -0.411444 3.745392
v -4.909564 0.402228 3.773556
v -4.881973 0.394749 3.827293
v -4.893413 -0.898791 3.267895
v -4.859905 0.767377 3.537318
v -4.896726 0.216252 3.241011
v -4.920708 -0.690098 3.118725
v -4.827809 -0.850928 3.124600
v -4.919427 -0.745176 3.133772
v -4.907517 -0.648213 3.114206
v -5.241411 -0.975451 3.296633
v -4.821906 -0.937202 3.158977
v -4.905294 -0.575351 3.073866
v -4.872095 -0.535158 2.996587
v -4.910182 0.471807 3.214849
v -4.856872 -0.548997 3.497081
v -4.891882 -0.208464 3.078386
v -4.919678 -0.698211 3.134964
v -4.868590 -0.620917 3.139955
v -4.875819 -0.225322 3.448850
v -4.853220 -0.425239 3.630364
v -5.140766 -0.767436 4.032938
v -4.852426 0.860674 3.298061
v -4.891985 0.423561 3.774145
v -4.885507 0.342410 3.285311
v -4.889673 -0.390847 3.279584
v -4.904617 0.569785 3.088912
v -4.858830 0.572435 3.036515
v -4.913273 0.403450 3.716639
v -4.868753 0.405246 3.644071
v -4.918544 -0.787341 3.148347
v -4.879471 -0.236216 3.357202
v -4.873463 0.506419 2.992715
v -4.879309 0.215045 3.357202
v -4.904205 0.450739 3.420877
v -4.868930 0.453580 3.342199
v -4.869327 0.900425 3.400324
v -4.875540 -0.929517 3.357202
v -4.872904 0.504049 3.509433
v -4.968321 -0.399961 3.557060
v -4.861686 -0.857200 3.207193
v -4.918205 -0.828049 3.162923
v -4.821906 -0.822175 3.225965
v -4.860582 -0.441228 3.781506
v -4.887362 -0.411916 3.808272
v -4.876305 -0.471881 3.360809
v -4.820536 -0.970239 3.127161
v -4.847258 -0.999817 3.040887
v -4.858624 0.701847 3.161347
v -4.809053 -0.495289 3.342847
v -4.909519 0.729437 3.135568
v -4.874642 -0.527223 2.961474
v -4.881973 -0.471380 3.472214
v -4.810775 0.772618 3.485700
v -4.811188 -0.951571 3.127161
v -4.829841 0.543682 3.189203
v -4.847140 0.822793 3.206943
v -4.860139 0.535158 2.994143
v -4.889232 0.910260 3.321470
v -4.810083 0.405423 3.611431
v -4.892059 -0.487560 3.238759
v -4.803267 -0.528032 3.250080
v -4.857387 0.194831 3.102678
v -4.830989 0.838796 3.234327
v -4.921386 0.204828 3.480695
v -4.824629 0.203400 3.414428
v -4.818976 0.744969 3.506327
v -4.817621 -0.210113 3.149186
v -4.857549 -0.552310 3.159640
v -4.795714 -0.428096 3.826483
v -4.873773 -0.466507 3.289846
v -4.815516 -0.226411 3.425117
v -4.766960 0.391569 3.595810
v -4.723823 -0.433764 3.673501
v -4.845756 -0.627101 3.034291
v -4.853118 -0.577750 2.997765
v -4.815707 0.155492 3.146492
v -4.837511 -0.233287 3.480444
v -4.818092 -0.207242 3.463351
v -4.868635 0.458350 3.286533
v -4.824953 -0.491491 3.443196
v -4.867604 0.440536 3.716639
v -4.886788 0.434529 3.697573
v -4.800455 -0.735915 3.483315
v -4.802869 0.478947 3.393301
v -4.802545 0.493081 3.277420
v -4.794492 0.197672 3.387015
v -4.608811 -0.395544 3.889172
v -4.788132 0.192004 3.205309
v -4.828472 0.917503 3.165573
v -4.812748 0.931887 3.127162
v -4.822715 0.831244 3.112778
v -4.832609 -0.958035 3.162761
v -4.830651 0.477799 3.466311
v -4.775500 -0.779641 3.416063
v -4.787794 -0.212351 3.395127
v -4.817753 0.205652 3.178573
v -4.838939 0.169935 3.481063
v -4.775235 0.187853 3.357202
v -4.771878 -0.794437 3.356407
v -4.798305 -0.505875 3.385955
v -4.779343 -0.175191 3.213421
v -4.811599 0.097986 3.472214
v -4.790105 0.803168 3.269661
v -4.781138 0.744969 3.443461
v -4.774131 0.191474 3.292128
v -4.789825 -0.548629 3.271413
v -4.723823 -0.409015 3.601611
v -4.723823 0.414021 3.644748
v -4.764355 -0.175191 3.328448
v -4.810083 -0.275835 3.484272
v -4.801618 0.514929 3.246768
v -4.786748 0.502371 3.314065
v -4.775912 -0.764668 3.298090
v -4.773748 -0.211733 3.256558
v -4.773631 -0.211821 3.342818
v -4.734777 0.407646 3.745392
v -5.054655 -0.635036 3.954688
v -4.666685 0.390141 3.672986
v -4.703668 -0.426432 3.806682
v -4.670425 0.410310 3.731008
v -4.666317 -0.409442 3.817282
v -4.804856 0.083602 3.480135
v -4.833875 0.723018 4.198729
v -5.464399 0.926057 2.804075
v -5.369703 0.558066 3.040887
v -5.356703 1.047194 3.054829
v -5.399575 0.317382 3.495594
v -5.327684 -0.405128 3.774145
v -5.264437 -0.226264 3.175349
v -5.466224 0.664952 2.701444
v -4.900818 0.492860 2.991994
v -5.348826 -0.556344 3.034527
v -5.229411 0.586819 3.314065
v -5.208064 0.471807 3.314065
v -5.200320 -0.850928 3.288697
v -5.128871 -0.410988 3.837511
v -5.270163 -0.368219 3.923608
v -5.176336 0.471807 3.221165
v -5.127207 -0.387932 3.933237
v -5.078152 -0.788784 3.566586
v -5.131728 0.773722 3.535595
v -5.083261 0.184246 3.040755
v -5.155151 -0.226234 3.089015
v -5.183124 -0.204474 3.080403
v -5.068891 0.496820 3.535625
v -5.091461 0.205873 3.062367
v -4.968248 0.192387 3.047012
v -4.997001 0.498955 3.548728
v -4.982617 0.169876 3.035499
v -4.953864 0.837368 3.521491
v -5.068891 0.217754 3.138336
v -4.934283 0.494744 3.536257
v -4.985797 -0.945196 3.262859
v -4.901083 -0.526663 2.931425
v -4.939333 0.889015 3.486672
v -4.887760 0.910731 3.395952
v -4.918942 -1.067806 2.838658
v -4.890793 -0.412946 3.630364
v -5.112014 0.377185 3.554823
v -4.895415 -0.513766 2.984029
v -5.112014 0.381484 3.932295
v -4.867604 -0.831847 3.510964
v -4.826779 -0.822543 3.472362
v -4.804179 -0.577750 3.223344
v -4.752577 -0.396045 3.864585
v -4.787513 -0.816742 3.285311
v -4.810083 0.410811 3.759776
v -4.800292 0.827062 3.357202
v -4.766328 0.773722 3.357202
v -4.772703 0.773722 3.301653
v -4.852013 0.410075 3.817768
v -4.738208 -0.427845 3.826160
v -4.723823 0.416067 3.802898
v -5.996678 1.398372 1.295718
v -5.924861 1.326305 1.482974
v -5.905855 1.670136 1.333997
v -5.838735 1.443717 1.712205
v -5.823511 1.212853 1.737675
v -5.718907 1.102212 1.790043
v -5.787692 1.161927 1.847564
v -5.759468 1.348830 1.962577
v -5.775001 0.989393 2.005714
v -5.764017 0.942163 2.020083
v -5.767521 1.003763 1.905969
v -5.810850 1.586585 1.553908
v -5.716669 1.712242 1.171357
v -5.762559 1.075653 1.933824
v -5.751768 1.112769 2.055741
v -5.735456 1.061284 2.091974
v -5.747676 0.939793 1.986560
v -5.766122 0.967913 1.941170
v -5.740756 0.918666 2.106357
v -5.738945 1.446986 1.976961
v -5.759380 1.381868 1.028077
v -5.751518 1.398578 1.919455
v -5.730243 1.496983 1.763955
v -5.700519 1.461973 1.861934
v -5.695483 1.061284 2.245015
v -5.709941 1.416112 2.146506
v -5.709117 0.909259 2.171741
v -5.723765 1.471705 2.000650
v -5.742714 1.002894 1.846858
v -5.643042 0.958064 1.906131
v -5.688240 1.430791 2.150746
v -5.733954 0.911835 2.077604
v -5.667231 0.895301 2.077604
v -5.687121 0.930886 1.991330
v -5.661151 1.176296 2.281468
v -5.690036 1.104789 1.732610
v -5.668261 1.262365 2.293894
v -5.624182 0.888750 2.259870
v -5.654069 1.219595 2.279598
v -5.623947 0.948892 2.274357
v -5.528971 1.012390 1.741518
v -5.683529 0.877885 2.178248
v -5.665818 1.081836 1.710762
v -5.651183 1.370399 2.300460
v -5.651655 0.881079 2.024765
v -5.640009 0.893446 1.965006
v -5.708101 1.484881 1.928980
v -5.649344 1.276940 2.327226
v -5.608341 1.026111 2.315300
v -5.679465 1.398916 2.228260
v -5.621650 1.213353 2.314284
v -5.637359 0.866784 2.063220
v -5.572094 1.128492 1.642258
v -5.446437 1.500782 1.818811
v -5.596077 0.837324 2.231912
v -5.608370 1.341940 2.358172
v -5.614789 1.429480 2.162848
v -5.625551 0.865871 2.023116
v -5.591071 1.248187 2.369612
v -5.678494 1.025905 1.740237
v -5.582605 1.081630 1.666786
v -5.586478 0.856890 2.163864
v -5.586478 0.908272 1.895736
v -5.594458 0.881448 1.955010
v -5.610815 0.975009 2.350767
v -5.529649 1.277941 2.413014
v -5.557724 0.951498 1.852953
v -5.528971 1.131025 1.642670
v -5.626803 1.391894 1.172092
v -5.586934 0.864502 2.278715
v -5.559064 1.320798 2.385380
v -5.597063 0.876530 2.307645
v -5.565159 0.838340 2.128235
v -5.579956 0.848705 2.446655
v -5.586478 1.520657 1.775674
v -5.563157 1.426933 2.241790
v -5.572448 1.380248 2.278347
v -5.535243 1.297007 1.407330
v -5.553676 1.473059 2.077604
v -5.579912 1.457026 2.172329
v -5.557724 0.837368 2.258206
v -5.528971 0.823735 2.227127
v -5.514588 0.880800 1.995011
v -5.484907 0.837192 2.076898
v -5.557430 1.455289 2.034423
v -5.525394 1.234995 2.423659
v -5.549936 1.214030 2.370745
v -5.500204 0.844464 2.278891
v -5.557724 1.456997 2.186345
v -5.507197 1.068439 1.667831
v -5.540043 1.176296 2.552054
v -5.500204 1.417879 2.276050
v -5.522582 0.849470 2.603171
v -5.507756 1.514061 1.769020
v -5.442697 0.847262 2.135111
v -5.529443 1.458793 2.163511
v -5.485834 1.428921 2.259516
v -5.521831 1.442274 2.214127
v -5.525026 0.778390 2.575492
v -5.486674 0.750240 2.522432
v -5.500204 1.483439 2.046481
v -5.540706 0.772824 2.538671
v -5.557724 1.517330 1.747112
v -5.543562 1.497734 1.704343
v -5.490030 1.473913 1.646278
v -5.471451 1.254193 2.457196
v -5.508684 1.241488 2.546238
v -5.476058 0.874366 2.628862
v -5.481241 1.312068 2.386396
v -5.485834 0.751300 2.546592
v -5.446966 1.420721 1.631893
v -5.457081 1.426256 2.154132
v -5.435674 1.442201 2.012928
v -5.396159 1.469290 2.063220
v -5.466371 0.824353 2.241290
v -5.511025 0.975790 2.639079
v -5.475146 1.182583 2.687030
v -5.483170 0.744896 2.709379
v -5.456816 1.462297 2.121890
v -5.342054 0.830552 2.149480
v -5.428195 1.061240 1.684232
v -5.428329 1.433367 2.192617
v -5.413944 0.841093 2.240186
v -5.413944 1.366012 2.295940
v -5.461351 1.476931 1.762615
v -5.495758 1.176046 2.666640
v -5.431537 1.191696 1.675722
v -5.396763 1.482055 1.833180
v -5.514588 0.898010 1.885887
v -5.426635 0.839915 2.077604
v -5.442903 1.089801 2.697174
v -5.475793 1.166815 2.702313
v -5.461263 1.169671 2.703387
v -5.439664 0.758823 2.681392
v -5.406627 1.399358 1.753708
v -5.404374 0.866740 1.940081
v -5.299402 0.827960 2.236697
v -5.382040 0.854814 2.231544
v -5.284547 0.740818 2.480164
v -5.454240 0.846923 2.723307
v -5.434747 0.965410 2.775866
v -5.439841 0.960640 2.695835
v -5.406833 0.680219 2.659853
v -5.471451 1.422811 2.178248
v -5.399575 1.462179 2.135111
v -5.425619 0.745912 2.667170
v -5.399575 0.767112 2.557163
v -5.470478 0.793907 2.594057
v -5.408820 1.176296 1.697894
v -5.370807 0.862323 2.091974
v -5.371941 1.117450 2.685455
v -5.392479 1.427773 1.797331
v -5.429594 1.017661 1.720715
v -5.363048 0.852459 2.043595
v -5.309178 1.268960 2.342360
v -5.342392 0.862514 2.206221
v -5.289170 1.445499 1.894308
v -5.362856 1.457262 2.082787
v -5.357115 1.430408 2.191734
v -5.365154 1.427066 2.043006
v -5.292748 0.839105 2.140956
v -5.329274 1.320843 1.803249
v -5.356437 0.947198 1.790043
v -5.391801 0.981973 1.739559
v -5.322841 1.355632 2.255762
v -5.409306 1.060106 2.797627
v -5.158154 1.114447 2.604290
v -5.341539 1.078730 2.768667
v -5.331822 1.402465 2.204263
v -5.347118 1.061284 1.736850
v -5.318777 0.752596 2.602994
v -5.347987 0.966367 1.767297
v -5.323592 1.032516 1.788674
v -5.325182 1.422428 2.149480
v -5.327684 0.873262 2.048851
v -5.305659 0.938556 1.825421
v -5.247431 1.183923 2.617084
v -5.276759 0.681353 2.602655
v -5.312991 1.402082 2.091179
v -5.213923 1.344163 2.235048
v -5.247565 1.015070 1.923444
v -5.155946 0.745102 2.556132
v -5.262920 0.910215 1.912137
v -5.263053 0.852959 2.113380
v -5.293263 1.369515 2.168295
v -5.293411 0.882463 2.169076
v -5.227041 0.888750 2.174641
v -5.271342 0.893991 2.164953
v -5.264981 0.899365 2.139807
v -5.245916 0.932196 2.149716
v -5.073603 1.184585 2.561550
v -5.232577 1.414581 2.034467
v -5.311872 1.460354 1.889274
v -5.235006 1.020605 1.986854
v -5.218620 1.391967 2.023587
v -5.218811 0.920668 2.116060
v -5.219827 0.938998 2.012825
v -5.204634 1.385784 2.091974
v -5.204516 0.885010 2.184284
v -5.240306 0.904282 2.178645
v -5.177603 1.022092 2.258118
v -5.202528 1.233950 2.292937
v -5.148467 0.781025 2.472935
v -5.220328 1.104406 2.201436
v -5.205679 1.155891 2.120727
v -5.210228 1.046900 2.106357
v -5.198288 1.250675 2.365151
v -5.188954 1.205697 2.279966
v -5.168313 1.248187 2.221370
v -5.167135 1.276940 2.207001
v -5.202882 1.357885 2.192617
v -5.190809 0.866607 2.199478
v -5.147406 1.184306 2.314226
v -5.118933 0.751992 2.430107
v -5.103401 1.227855 2.422657
v -5.097807 1.103508 2.598445
v -5.143564 0.903119 2.264507
v -5.060146 1.147543 2.574977
v -5.188129 0.821998 2.239832
v -5.103106 0.764330 2.408288
v -5.101825 1.163046 2.378136
v -5.112514 0.760296 2.536934
v -5.121466 0.752610 2.402546
v -5.155151 1.074740 2.695835
v -5.090666 1.068336 2.659912
v -5.140766 1.250528 2.393904
v -5.145184 1.242504 2.370583
v -5.086529 0.802490 2.422657
v -5.104696 1.226780 2.400824
v -5.049443 1.161485 2.523728
v -5.092506 0.917503 2.523301
v -5.113810 0.801268 2.493414
v -5.050209 0.977895 2.604496
v -5.054124 1.047827 2.635737
v -5.072763 0.945550 2.495460
v -5.069936 1.046900 2.552054
v -5.074780 1.075771 2.594278
v -5.068891 0.701847 2.524096
v -5.018541 0.895993 2.587992
v -5.075575 0.839915 2.558973
v -5.058821 1.172513 2.563670
v -5.035809 1.113019 2.673073
v -5.030937 0.677569 2.541939
v -5.044717 0.678526 2.529234
v -5.723486 1.257992 2.129030
v -5.696411 1.019516 2.192558
v -5.500204 1.485883 2.086894
v -5.399692 1.290970 2.368390
v -5.413944 1.416981 2.261740
v -5.371175 0.902236 1.919999
v -5.385323 1.047474 1.707891
v -5.369982 1.017219 1.741959
v -5.258489 0.851090 2.063220
v -5.336091 0.882110 1.986089
v -5.266674 0.882125 1.956761
v -5.334074 1.341881 2.315212
v -5.245017 0.863736 2.034467
v -5.289788 1.118790 1.851613
v -5.221432 1.190680 2.004006
v -5.234947 0.885953 2.048851
v -5.114443 1.080379 2.691285
v -6.631191 2.196777 0.049482
v -6.643440 1.693883 0.130191
v -6.634033 1.665130 0.079133
v -6.633341 2.197101 0.151009
v -6.600583 2.204933 0.187315
v -6.626303 2.243329 0.122256
v -6.613922 2.247054 0.143294
v -6.600304 1.686360 0.187123
v -6.625023 1.647566 0.136640
v -6.619001 1.679146 0.034892
v -6.602100 2.207892 0.013029
v -6.619089 2.251839 0.093503
v -6.616277 1.642074 0.067502
v -6.564145 1.622493 0.136640
v -6.597521 1.693883 0.122256
v -6.601010 1.977661 0.119620
v -6.600244 2.233171 0.028650
v -6.578529 2.267195 0.093503
v -6.586435 2.191270 0.144546
v -6.595062 2.197101 0.122256
v -6.587818 1.670887 0.118811
v -6.586479 2.219273 0.116264
v -6.573567 1.684844 0.056240
v -6.592692 1.680677 0.012867
v -6.535391 2.262366 0.144590
v -6.586759 2.219538 0.096948
v -6.586081 2.190741 0.057079
v -6.563585 1.721488 0.010968
v -6.578529 1.629781 0.059877
v -6.521007 1.703792 0.229010
v -6.562819 2.167052 0.008377
v -6.570343 1.702938 0.157722
v -6.545506 2.163342 0.231056
v -6.571462 2.204344 0.057491
v -6.593914 1.693883 0.079133
v -6.521007 1.737020 0.191054
v -6.535391 1.710299 0.176773
v -6.556415 1.716379 0.029342
v -6.521007 1.700391 0.042135
v -6.532314 2.149503 0.188346
v -6.426798 2.038951 0.244012
v -5.874024 1.662362 0.107887
v -6.420350 1.794115 0.242127
v -5.853751 1.673154 0.128513
v -6.398074 2.088772 0.201257
v -6.290967 2.168347 0.239227
v -6.319735 2.114875 0.254568
v -6.141621 1.759207 0.201095
v -6.384824 1.647684 0.530528
v -6.551101 1.706927 0.013353
v -6.319735 1.727436 0.231645
v -6.362667 1.895170 0.639843
v -6.350653 1.952676 0.654226
v -6.282546 1.458248 0.740486
v -6.383086 1.773959 0.254612
v -6.300213 1.826062 0.769239
v -6.339272 1.529506 0.524830
v -6.341525 1.570964 0.474287
v -6.276009 1.679602 0.438452
v -6.297504 1.702334 0.461096
v -6.304262 1.794527 0.739279
v -6.319647 1.751404 0.496077
v -6.289083 1.996874 0.799170
v -6.279410 2.057604 0.654226
v -6.313597 2.033121 0.721288
v -6.282753 1.624613 0.431872
v -6.314597 2.034563 0.682980
v -5.840722 1.644106 0.029533
v -6.578529 1.660846 0.015974
v -6.251967 1.971978 0.550035
v -6.285741 1.556168 0.444842
v -6.276598 1.541637 0.458063
v -6.296488 1.535733 0.773509
v -6.281751 1.708267 0.732197
v -6.325109 1.607624 0.702443
v -6.310401 1.909422 0.539729
v -6.299683 1.932801 0.539214
v -6.242663 1.427022 0.772831
v -5.851249 1.685212 0.056343
v -6.257665 1.452300 0.852613
v -6.267868 1.790581 0.760141
v -6.262215 1.722430 0.237284
v -6.251232 2.001114 0.486286
v -6.249686 1.607624 0.769239
v -6.262112 1.593313 0.755032
v -6.247845 1.578870 0.798007
v -6.216251 1.411622 0.841129
v -6.242810 1.782984 0.812376
v -6.241823 1.593254 0.827173
v -6.215514 1.895170 0.984086
v -6.234697 1.765774 0.941773
v -6.189985 1.948981 0.970614
v -6.236332 1.780157 0.913020
v -6.204708 1.992781 0.524830
v -6.205414 1.808911 0.999294
v -6.223214 1.751404 0.884267
v -5.853251 2.218610 0.086494
v -6.060927 2.082088 0.188964
v -5.888408 2.153964 0.182133
v -6.180151 1.765774 1.019096
v -6.089681 1.731131 0.227787
v -6.013138 2.060917 0.516924
v -6.233417 1.666308 0.410126
v -6.154401 1.902384 1.035247
v -5.989214 1.577737 0.331906
v -6.140842 1.541858 0.949561
v -5.816518 1.406057 0.682980
v -6.043922 1.673640 0.360099
v -6.096129 2.002660 0.503585
v -6.152060 2.016219 0.787613
v -6.104065 1.917342 1.035762
v -6.101194 1.397945 0.878672
v -6.096542 1.737020 1.034981
v -6.104212 1.795351 1.048261
v -6.053331 1.456938 0.948501
v -6.125176 2.060092 0.775364
v -6.125721 1.988643 0.862728
v -6.133863 2.049860 0.696098
v -5.845271 1.620948 0.107887
v -5.917161 2.182731 0.223385
v -6.070659 1.477211 1.100173
v -6.128357 1.521526 0.954876
v -5.864013 2.261880 0.143957
v -5.850910 2.219317 0.014015
v -5.880370 2.176003 0.172917
v -6.046558 1.866417 1.057360
v -6.108997 2.029293 0.846018
v -6.046558 2.050434 0.826760
v -6.046279 1.952044 0.956245
v -6.075901 2.095824 0.239551
v -6.053860 1.988732 0.934677
v -6.047736 1.752582 1.061482
v -6.069172 1.689525 1.109463
v -6.578529 2.197101 0.002355
v -6.549392 2.181244 0.035260
v -6.026536 1.744970 0.215170
v -6.017805 2.095353 0.668611
v -5.905678 2.076493 0.697364
v -5.989052 1.798487 1.046510
v -6.054670 1.774798 1.049896
v -6.047338 1.385357 0.855528
v -5.953247 1.887456 1.035188
v -6.017805 1.997978 0.452940
v -6.023341 1.935216 0.203672
v -6.017805 2.059106 0.606982
v -6.043481 1.746737 0.226551
v -6.017805 1.431512 0.914874
v -6.003421 1.693883 0.356021
v -5.909388 2.003219 0.891819
v -5.848790 1.396031 0.809962
v -6.017805 1.794527 0.205321
v -5.991864 1.794527 0.236562
v -5.831579 2.258509 0.079605
v -5.998533 1.412285 1.028047
v -5.832212 1.451152 0.839804
v -6.017805 1.990528 0.950695
v -5.950302 1.975879 0.950342
v -6.016347 1.866417 0.211283
v -5.953585 1.572392 1.409951
v -5.962316 1.923923 0.366681
v -5.995250 1.975805 0.234192
v -6.024386 2.033342 0.230570
v -5.871124 1.914618 0.990181
v -5.858433 2.062404 0.569263
v -5.974668 2.088035 0.649353
v -6.111661 1.571421 0.373732
v -5.951775 1.931432 0.964137
v -5.868076 1.801078 1.006022
v -5.931531 1.860469 0.387881
v -5.960005 1.952441 0.420609
v -5.952908 1.802094 0.373776
v -5.908078 1.569419 0.329962
v -5.854855 2.030986 0.475627
v -5.888408 1.935083 0.941773
v -5.864647 1.710976 0.159916
v -5.850792 1.699080 0.202141
v -5.872287 1.266620 1.387484
v -5.888482 1.550397 0.352708
v -5.858890 1.967958 0.433152
v -5.917161 2.051524 0.639843
v -5.891220 2.064509 0.682980
v -5.867134 2.002350 0.847872
v -5.879221 2.062198 0.711733
v -5.867222 1.636377 0.360143
v -5.897536 1.624540 0.331361
v -5.859656 1.622287 0.136640
v -5.866987 2.160500 0.172475
v -5.836879 1.470365 0.501966
v -5.861024 2.025818 0.799082
v -5.852603 2.017323 0.690017
v -5.867841 1.866417 0.171856
v -5.841650 1.970962 0.826760
v -5.838867 2.201768 0.127806
v -5.838013 1.672241 0.100584
v -5.837998 2.003145 0.460036
v -5.865500 2.153964 0.021613
v -5.835878 2.198234 0.092384
v -5.865838 1.713832 0.021613
v -5.845271 1.693883 0.004843
v -5.845271 2.182731 0.006418
v -5.837527 1.698138 0.070889
v -5.917161 1.542992 0.345200
v -5.782067 1.444527 0.605936
v -5.830887 2.139594 0.008495
v -5.833508 1.650761 0.496077
v -5.823290 1.713302 0.567967
v -5.735868 1.852048 0.921824
v -5.852957 1.862191 0.215538
v -5.809981 1.673787 0.157590
v -5.843210 2.153964 0.211342
v -5.803915 2.212913 0.152452
v -5.835790 1.694928 0.122241
v -5.793551 2.019561 0.567967
v -5.844462 2.058929 0.538331
v -5.808112 1.642310 0.081857
v -5.809171 2.219052 0.042916
v -5.805800 1.708782 0.034774
v -5.750663 1.975084 0.751204
v -5.740535 1.928016 0.887594
v -5.811497 1.852784 0.510932
v -5.796775 1.894390 0.525978
v -5.819640 1.594035 0.610780
v -5.837792 1.615250 0.563904
v -5.784643 1.909554 0.122256
v -5.793683 2.222247 0.122256
v -5.811572 2.245052 0.139202
v -5.774470 1.693883 0.697364
v -5.791931 1.679514 0.079133
v -5.810305 1.845776 0.620556
v -5.780683 1.873925 0.589859
v -5.794345 1.787887 0.979463
v -5.770731 1.780157 0.942112
v -5.823158 1.628854 0.116544
v -5.747660 1.478227 0.654226
v -5.777857 1.546422 0.611089
v -5.786778 1.852048 0.079133
v -5.722264 1.933493 0.730357
v -5.774176 1.563721 0.657613
v -5.752563 1.812989 0.748289
v -5.751209 1.441656 0.720124
v -5.735971 1.578870 0.688604
v -5.768831 1.622008 0.691887
v -5.735573 1.842993 0.726117
v -5.779652 1.413124 0.682980
v -5.709529 1.915355 0.844928
v -5.691671 1.880801 0.812376
v -5.737855 1.603369 0.855513
v -5.727873 1.665689 0.854498
v -5.753122 1.531037 0.817250
v -5.697825 1.823280 0.783020
v -5.692377 1.751051 0.856353
v -5.731230 1.722651 0.898650
v -5.709323 1.650761 0.735230
v -5.708528 1.570670 0.783623
v -5.696735 1.823280 0.873431
v -5.579999 1.569669 1.298000
v -5.615305 1.602279 1.444151
v -6.319735 2.153964 0.195295
v -6.423191 1.805407 0.201346
v -6.365022 1.578870 0.596720
v -6.356851 1.555167 0.500670
v -6.300346 2.047578 0.711733
v -6.226394 1.427817 0.862786
v -6.262391 1.550117 0.869883
v -6.214557 1.554122 0.936017
v -5.895608 1.657945 0.186962
v -6.233461 2.068205 0.654226
v -6.118449 2.053276 0.654226
v -5.977848 1.780158 0.187815
v -6.017805 1.751404 0.191320
v -5.874024 2.019531 0.458313
v -5.865707 1.384518 0.789453
v -5.874098 1.838385 0.390295
v -5.850498 2.219803 0.118310
v -5.849393 1.866417 0.413542
v -5.722897 1.499398 0.744711
v -6.238584 1.923938 0.199123
v -6.632163 -2.232508 0.063424
v -6.634799 -1.684828 0.079133
v -6.636094 -2.202415 0.151009
v -6.628438 -1.664099 0.127910
v -6.617117 -2.216799 0.025735
v -6.629911 -2.239766 0.146592
v -6.615070 -2.253075 0.144634
v -6.600569 -2.252914 0.042754
v -6.627834 -1.727966 0.045507
v -6.602320 -1.675347 0.027030
v -6.600907 -2.225118 0.013942
v -6.600230 -1.705941 0.014339
v -6.584477 -1.663437 0.029062
v -6.594017 -1.742335 0.079133
v -6.573891 -1.704056 0.055857
v -6.579309 -1.727966 0.152216
v -6.585169 -2.209291 0.143633
v -6.613892 -1.693471 0.172048
v -6.624772 -1.727966 0.167410
v -6.564145 -1.699198 0.005888
v -6.614658 -1.648758 0.085891
v -6.578529 -1.639247 0.122256
v -6.528045 -2.195186 0.230069
v -6.596843 -2.202415 0.122256
v -6.578588 -2.202209 0.051131
v -6.572993 -2.224175 0.098567
v -6.548097 -1.730277 0.021613
v -6.551041 -2.202592 0.011130
v -6.528398 -1.735062 0.187021
v -6.531004 -1.719883 0.230613
v -6.544637 -1.731838 0.230923
v -6.585832 -1.691910 0.129573
v -6.434749 -1.828594 0.192585
v -6.449133 -1.842978 0.234942
v -5.975021 -1.720118 0.021671
v -6.588981 -1.688892 0.093503
v -5.859656 -1.684460 0.093503
v -6.438340 -2.044265 0.241832
v -6.434749 -2.101772 0.236399
v -6.405995 -2.101772 0.196634
v -6.353538 -2.194936 0.244247
v -5.837218 -1.676761 0.013913
v -6.371618 -2.166787 0.201463
v -6.399487 -1.805951 0.245263
v -6.427740 -1.972375 0.201492
v -6.391611 -2.044265 0.222354
v -6.564145 -2.231168 0.006492
v -6.129829 -2.223881 0.000029
v -6.333015 -1.748857 0.250386
v -6.310239 -1.743630 0.481986
v -6.378508 -1.756719 0.596720
v -6.372840 -1.669296 0.510357
v -5.837071 -1.648405 0.144560
v -6.166577 -2.123885 0.201595
v -6.359148 -1.627322 0.485520
v -6.355379 -1.920993 0.619334
v -6.385236 -1.616869 0.567967
v -6.356910 -1.575072 0.500787
v -6.327067 -1.719059 0.704769
v -6.334105 -1.774783 0.202759
v -6.300567 -1.957991 0.506898
v -6.347944 -1.943622 0.682980
v -6.334325 -1.584789 0.471033
v -6.339567 -1.563603 0.490231
v -6.314023 -2.053349 0.697363
v -6.316143 -2.030220 0.726676
v -6.557976 -2.182054 0.173299
v -6.300346 -2.053820 0.644450
v -6.416889 -2.044265 0.264049
v -6.335165 -2.130702 0.256054
v -6.284343 -2.023345 0.791735
v -6.294325 -1.944947 0.553627
v -6.283591 -1.634301 0.718784
v -6.269134 -1.778744 0.747464
v -6.199246 -1.980369 0.950489
v -6.262215 -2.077597 0.682980
v -6.312301 -1.590958 0.733022
v -6.104065 -2.248527 0.050365
v -6.267014 -1.568741 0.840879
v -6.089681 -1.736446 0.227345
v -6.298358 -1.835323 0.762672
v -6.253439 -1.797721 0.783623
v -6.245504 -1.627322 0.798007
v -6.284460 -1.835176 0.795460
v -6.232740 -2.002586 0.539935
v -6.032174 -1.771088 0.185445
v -5.888408 -2.213251 0.218615
v -5.826161 -2.266753 0.142117
v -6.204560 -1.599335 0.400394
v -6.175955 -2.073092 0.582336
v -6.258048 -1.556095 0.885370
v -6.250142 -1.656075 0.884266
v -6.225835 -1.718087 0.877715
v -6.213041 -1.589574 0.949693
v -6.264275 -1.684092 0.422905
v -6.257621 -1.483542 0.866938
v -6.109291 -1.462547 0.919660
v -6.240837 -1.447471 0.848535
v -6.166944 -1.678130 0.388763
v -6.197597 -1.950880 0.992168
v -6.166046 -1.799841 1.033524
v -6.283945 -1.476210 0.718137
v -6.190324 -1.425579 0.826760
v -6.139604 -2.022447 0.818986
v -6.046558 -1.413874 0.883516
v -6.146304 -2.006767 0.869117
v -6.042407 -1.404157 0.845959
v -6.141180 -1.936864 1.035600
v -6.132818 -1.857362 1.053090
v -6.128210 -1.688936 1.007450
v -6.081274 -2.181023 0.244615
v -6.110925 -2.022653 0.503187
v -6.095820 -1.742335 1.048791
v -6.060927 -1.949482 1.017800
v -6.112133 -2.008946 0.877597
v -6.141711 -1.584185 0.964475
v -6.129284 -1.554902 0.970909
v -6.148085 -2.057236 0.740559
v -6.089681 -2.103097 0.711732
v -6.113590 -2.081234 0.793516
v -6.020515 -2.109310 0.691886
v -6.096070 -2.050949 0.862197
v -6.054038 -2.022903 0.920410
v -6.040772 -2.109133 0.675015
v -5.859656 -1.679469 0.185460
v -6.053566 -1.691940 0.359524
v -6.012844 -1.796013 1.065265
v -5.816518 -1.431807 0.656552
v -6.064358 -1.978750 0.933278
v -6.171493 -1.576161 0.401660
v -5.823482 -2.267195 0.071345
v -6.010120 -1.577163 0.345244
v -5.968043 -2.051362 0.804985
v -6.085028 -1.504109 0.952918
v -5.852574 -2.223999 0.000000
v -5.931531 -2.081926 0.596720
v -5.940350 -2.178520 0.186859
v -5.874024 -2.188046 0.225593
v -5.931531 -1.923511 1.022011
v -6.007941 -1.840476 1.064706
v -6.050386 -2.058635 0.188934
v -6.017805 -2.044265 0.178054
v -6.038785 -1.464285 1.190319
v -6.053993 -2.108544 0.229951
v -5.909108 -1.562248 0.344713
v -6.047957 -2.016896 0.196236
v -6.017805 -2.018840 0.465350
v -5.913746 -1.541357 1.517484
v -6.010929 -1.749829 0.259131
v -5.938936 -1.404511 0.848241
v -6.031467 -1.755600 0.228037
v -5.958473 -1.771088 0.350411
v -5.830887 -1.474590 0.542497
v -5.925774 -2.022461 0.905260
v -6.089681 -2.133175 0.241111
v -5.998297 -1.986759 0.227124
v -5.923153 -1.347343 1.238477
v -5.902778 -2.034813 0.462170
v -5.960284 -2.102640 0.668610
v -5.989052 -1.997536 0.950739
v -5.945914 -1.746560 1.202598
v -5.911346 -1.820453 1.020244
v -5.899965 -1.641692 0.332317
v -5.960284 -1.960258 0.959057
v -5.896226 -2.007739 0.905438
v -5.953526 -1.374978 1.410657
v -5.867546 -1.833144 0.388763
v -5.950861 -1.941045 0.399835
v -5.894135 -2.081013 0.726117
v -5.858242 -1.405777 0.813672
v -5.888408 -1.950188 0.932807
v -5.870211 -1.963527 0.417517
v -5.879811 -1.627322 0.343727
v -5.854384 -1.963998 0.888344
v -5.878692 -2.066320 0.502422
v -5.852721 -2.022123 0.833061
v -5.851323 -2.197101 0.216465
v -5.648475 -1.665086 1.329963
v -5.853604 -1.520539 0.446815
v -5.856077 -1.463666 0.859282
v -5.853133 -1.978647 0.431783
v -5.767521 -1.354145 1.916922
v -5.865515 -2.052334 0.793487
v -5.884198 -1.736932 0.172283
v -5.866398 -2.183129 0.173019
v -5.854531 -2.035520 0.697363
v -5.851867 -1.705911 0.201625
v -5.861554 -1.727759 0.035584
v -5.845271 -1.713582 0.005020
v -5.851822 -1.691571 0.129956
v -5.836762 -1.703202 0.118737
v -5.831093 -1.742335 0.194146
v -5.823865 -2.065790 0.589358
v -5.861819 -2.159278 0.021613
v -5.836290 -1.713582 0.080870
v -5.836570 -1.995445 0.808401
v -5.805211 -1.914869 0.510446
v -5.854973 -2.048005 0.769239
v -5.852809 -1.706883 0.143633
v -5.874142 -2.197395 0.022128
v -5.791534 -1.432042 0.960824
v -5.808288 -1.489931 0.841129
v -5.810820 -1.613085 0.495340
v -5.830107 -2.171071 0.107842
v -5.836983 -2.213369 0.069740
v -5.781861 -1.406852 1.857414
v -5.798616 -2.245435 0.136507
v -5.851764 -2.023315 0.459609
v -5.823511 -2.065966 0.546074
v -5.837203 -2.224926 0.117692
v -5.672738 -1.305340 1.267642
v -5.751813 -1.993944 0.733330
v -5.808244 -1.661979 0.131473
v -5.808995 -1.607992 0.630950
v -5.823511 -1.719500 0.014236
v -5.794935 -1.691969 0.071890
v -5.844255 -1.670445 0.539213
v -5.764621 -1.446146 0.721346
v -5.781684 -1.448443 0.634012
v -5.825543 -1.649524 0.059906
v -5.770614 -1.138474 1.905070
v -5.823261 -1.656075 0.504645
v -5.818005 -1.756719 0.567967
v -5.796245 -2.250602 0.093503
v -5.823482 -2.238648 0.014236
v -5.808420 -2.188046 0.027413
v -5.745173 -1.162030 1.688560
v -5.812042 -1.230564 1.519855
v -5.782067 -1.521452 0.816793
v -5.787205 -1.866520 0.668109
v -5.735426 -1.527592 0.885415
v -5.787941 -2.216799 0.093503
v -5.778696 -2.026054 0.611089
v -5.793639 -1.687184 0.122256
v -5.810599 -1.869023 0.607968
v -5.764753 -1.753185 0.718004
v -5.782701 -1.555579 0.568835
v -5.748190 -1.121735 1.818811
v -5.780890 -1.648037 0.690458
v -5.771128 -1.037831 2.020083
v -5.736721 -1.152858 2.125644
v -5.737944 -1.433706 1.890687
v -5.740564 -1.914869 0.917436
v -5.750104 -1.834351 0.732447
v -5.705687 -1.359298 1.146991
v -5.681762 -1.491801 1.847564
v -5.773867 -0.980324 1.991330
v -5.752107 -0.944063 2.067254
v -5.754594 -1.555432 0.651194
v -5.722824 -1.749991 0.733124
v -5.721808 -1.641692 0.716812
v -5.709397 -1.056249 1.752942
v -5.743435 -1.469158 0.697363
v -5.721911 -0.994708 2.168678
v -5.708881 -1.204461 2.200155
v -5.717259 -1.814976 0.751925
v -5.673105 -0.948185 1.975813
v -5.765254 -0.959565 2.020083
v -5.710221 -0.914264 2.149480
v -5.722264 -1.489681 1.962577
v -5.766285 -1.001775 1.912034
v -5.687121 -1.032545 1.758213
v -5.729552 -1.727966 0.884266
v -5.730863 -1.656075 0.841129
v -5.796039 -1.820762 0.977077
v -5.663889 -1.679867 1.085553
v -5.766785 -1.806010 0.948147
v -5.635224 -1.429745 1.146711
v -5.707998 -1.937129 0.836006
v -5.694983 -1.714671 0.810992
v -5.723427 -1.534806 0.759272
v -5.700004 -1.842978 0.769239
v -5.710192 -1.930062 0.769033
v -5.694365 -1.907228 0.848034
v -5.710280 -1.338966 2.179617
v -5.674858 -0.889383 2.163864
v -5.679303 -1.012140 2.227568
v -5.672678 -0.965705 2.235857
v -5.682852 -1.397150 2.250580
v -5.693849 -1.253502 2.198859
v -5.684280 -1.066599 1.722319
v -5.684324 -1.325392 2.264507
v -5.634989 -1.235570 2.312444
v -5.612448 -1.534570 1.830589
v -5.695925 -1.505994 1.922237
v -5.643984 -1.509247 1.775674
v -5.708572 -1.476328 2.070361
v -5.606883 -1.461693 2.098039
v -5.724649 -1.454656 2.076942
v -5.665906 -1.404747 2.272266
v -5.606589 -1.009078 2.326695
v -5.672738 -1.048505 1.728665
v -5.693407 -1.799841 0.864126
v -5.651257 -0.901176 2.012678
v -5.596062 -1.102227 1.696025
v -5.571858 -0.871657 2.163967
v -5.636196 -1.637231 1.134256
v -5.637934 -1.376671 2.330141
v -5.651949 -1.286995 2.330155
v -5.652994 -0.900292 2.091974
v -5.471451 -1.003557 1.756490
v -5.650050 -0.973714 1.927758
v -5.609239 -0.929001 1.911254
v -5.598507 -1.611598 1.259132
v -5.619589 -0.874130 2.077604
v -5.537069 -0.843611 2.228128
v -5.607252 -0.872585 2.042034
v -5.579058 -1.085502 2.343258
v -5.580898 -1.534570 1.752868
v -5.594620 -1.116537 1.667389
v -5.565321 -1.185469 2.373263
v -5.604572 -0.936407 2.293040
v -5.563908 -0.887572 2.284780
v -5.522641 -1.160366 1.624988
v -5.543341 -0.851311 2.106357
v -5.566764 -1.448914 2.230160
v -5.580471 -1.404850 2.257867
v -5.576128 -0.848395 2.437041
v -5.584858 -1.023461 2.437041
v -5.594988 -1.217770 1.481355
v -5.421173 -1.418660 1.696731
v -5.522097 -0.912365 2.617128
v -5.557724 -1.521850 1.718167
v -5.566985 -0.986994 1.854042
v -5.599492 -0.899424 1.948222
v -5.507476 -0.901235 1.997675
v -5.528971 -1.374477 2.311958
v -5.478841 -1.174927 2.703137
v -5.542766 -1.210364 2.537684
v -5.500204 -1.434928 2.273562
v -5.504399 -0.772795 2.523300
v -5.500204 -1.446971 2.255762
v -5.471451 -1.346254 2.385659
v -5.500204 -0.924894 1.878673
v -5.506652 -1.505449 1.723070
v -5.442697 -1.490123 2.126881
v -5.536288 -1.505154 2.085628
v -5.481580 -1.504993 2.042285
v -5.457081 -1.451667 2.163864
v -5.522184 -0.785986 2.573917
v -5.520786 -1.245389 2.557457
v -5.435174 -1.519612 1.825171
v -5.406465 -0.886777 1.940861
v -5.536244 -0.786134 2.559400
v -5.476810 -1.256343 1.563124
v -5.391110 -1.491197 2.106357
v -5.457081 -0.847541 2.106357
v -5.406774 -0.872423 1.969629
v -5.478738 -1.275100 2.516204
v -5.515500 -1.281224 2.452529
v -5.443478 -0.964571 1.863155
v -5.391684 -0.857995 2.026753
v -5.457081 -0.865533 2.149480
v -5.472540 -0.835204 2.614301
v -5.437250 -1.210364 1.655229
v -5.462426 -1.037831 2.673338
v -5.443801 -1.109206 2.707318
v -5.479047 -0.685240 2.715136
v -5.491297 -1.115978 1.667169
v -5.359382 -1.290882 2.388942
v -5.414828 -1.470851 2.021158
v -5.421541 -1.433132 2.271574
v -5.463500 -0.917135 2.630687
v -5.490266 -0.735915 2.691903
v -5.444449 -0.650612 2.825570
v -5.425795 -1.455157 1.775998
v -5.365860 -0.843051 2.270720
v -5.465591 -1.203445 2.689032
v -5.450192 -0.800179 2.623944
v -5.365360 -1.048564 1.740664
v -5.435041 -0.915442 1.897695
v -5.444287 -0.779037 2.678977
v -5.390845 -1.491477 2.068211
v -5.543341 -1.479405 2.020083
v -5.408247 -0.844199 2.227450
v -5.378566 -0.872776 2.243513
v -5.426988 -1.023461 2.767725
v -5.370807 -0.862441 2.048851
v -5.345793 -1.152034 1.745610
v -5.380907 -1.373932 2.284736
v -5.370851 -1.473265 2.149436
v -5.407084 -1.325392 1.725927
v -5.352433 -0.903517 1.973457
v -5.348046 -0.986729 1.782093
v -5.356437 -0.973302 1.797493
v -5.479592 -0.698961 2.687840
v -5.379096 -0.699197 2.645027
v -5.372102 -1.410032 2.263476
v -5.274581 -1.348860 2.302565
v -5.336415 -1.432425 2.053739
v -5.341685 -1.452801 2.093343
v -5.429153 -0.764742 2.665020
v -5.290892 -0.758058 2.602714
v -5.304497 -1.477182 1.890686
v -5.241411 -0.763903 2.465794
v -5.318969 -1.376347 2.229556
v -5.339139 -0.872320 2.098775
v -5.331041 -1.437210 2.178248
v -5.294177 -0.859408 2.135111
v -5.271076 -1.459367 1.961900
v -5.328627 -0.884745 2.207001
v -5.248477 -0.700124 2.588051
v -5.126398 -0.771396 2.385689
v -5.309517 -0.961170 1.842735
v -5.198038 -0.788445 2.510006
v -5.377992 -1.188811 2.674266
v -5.277068 -0.970843 1.882884
v -5.281971 -1.311008 1.890687
v -5.271960 -0.908110 2.163157
v -5.169520 -1.267900 2.393904
v -5.240335 -1.276057 2.364591
v -5.363726 -1.131260 2.674221
v -5.361664 -0.843684 2.170813
v -5.263863 -0.873159 2.077604
v -5.242397 -1.037831 1.948208
v -5.232622 -1.223379 1.977226
v -5.227203 -1.009078 2.005714
v -5.228145 -0.965955 2.106357
v -5.198288 -0.880491 2.195665
v -5.256368 -1.295608 2.321336
v -5.249317 -0.902516 1.986368
v -5.222300 -1.238514 2.020893
v -5.262331 -0.886527 2.011618
v -5.207431 -1.181670 2.048615
v -5.212289 -1.124105 2.077604
v -5.218296 -0.758323 2.574241
v -5.240056 -0.980324 2.149480
v -5.230605 -1.095705 2.135596
v -5.207814 -1.196702 2.236667
v -5.177190 -1.360785 2.181428
v -5.190412 -1.187073 2.135111
v -5.176336 -1.089051 2.271456
v -5.216455 -0.922818 2.183901
v -5.203190 -1.253502 2.246546
v -5.074559 -1.203798 2.560195
v -5.234285 -1.433132 1.999089
v -5.190764 -1.328381 2.054740
v -5.178118 -1.253502 2.210682
v -5.203956 -1.248996 2.268262
v -5.177808 -1.344826 2.212478
v -5.146715 -0.813724 2.313533
v -5.218075 -1.146969 2.617422
v -5.181474 -1.223924 2.294394
v -5.183138 -0.980324 2.220443
v -5.157300 -0.951571 2.250123
v -5.162659 -0.800665 2.487230
v -5.121260 -1.243976 2.375236
v -5.165987 -1.311008 2.192617
v -5.126398 -0.775342 2.534593
v -5.104049 -0.784956 2.385468
v -5.218355 -0.785633 2.489056
v -5.060912 -1.175796 2.574079
v -5.078063 -1.129729 2.587255
v -5.091416 -1.230313 2.437041
v -5.105418 -0.802019 2.516454
v -5.115827 -0.823647 2.480163
v -5.105816 -0.891312 2.486067
v -5.107052 -0.773266 2.408288
v -5.089797 -0.799634 2.430916
v -5.076576 -0.874631 2.457005
v -5.060308 -0.902309 2.573225
v -5.091475 -0.933168 2.500215
v -5.071276 -1.080968 2.566438
v -5.046204 -1.167242 2.560946
v -5.048000 -1.042115 2.631938
v -5.069436 -1.095308 2.667582
v -5.089473 -0.785398 2.530338
v -5.048589 -1.186249 2.555793
v -5.046895 -0.699683 2.530309
v -5.046513 -0.685299 2.544428
v -5.019954 -0.672387 2.589184
v -5.034484 -0.735915 2.531339
v -6.222302 -1.942606 0.205659
v -6.391611 -1.886115 0.224739
v -6.317453 -2.100108 0.235428
v -6.106096 -2.087402 0.202832
v -6.602350 -2.216799 0.188581
v -6.596328 -1.742335 0.122256
v -6.449133 -2.116156 0.191437
v -6.392627 -1.813195 0.200388
v -6.283724 -1.562469 0.805089
v -6.212202 -1.911423 0.992624
v -6.241013 -1.790566 0.922133
v -6.240631 -1.706279 0.934544
v -6.085455 -2.080822 0.631097
v -6.060927 -1.889104 1.063131
v -5.960284 -1.612938 0.322954
v -5.989287 -1.714465 0.335512
v -5.851499 -1.871732 0.216289
v -6.022958 -2.065392 0.503820
v -5.971060 -1.462312 0.905349
v -5.821818 -1.937483 0.964460
v -5.824189 -1.231079 1.742327
v -5.880620 -1.734870 0.215758
v -5.755640 -1.535483 1.714060
v -5.823849 -1.490859 0.517763
v -5.744789 -1.943592 0.898606
v -5.745806 -1.066599 2.077604
v -5.736280 -1.877459 0.688118
v -5.679495 -1.117377 1.711307
v -5.684309 -1.080968 2.263020
v -5.750988 -1.560791 0.826760
v -5.681821 -0.929119 2.048851
v -5.623152 -0.871790 2.229350
v -5.647768 -1.146925 1.669716
v -5.568546 -1.477741 2.175377
v -5.615231 -1.434751 2.188171
v -5.599433 -0.937202 2.379535
v -5.564026 -1.345473 1.335572
v -5.557724 -1.542300 1.775674
v -5.485834 -0.858937 2.269969
v -5.381746 -1.446529 2.226037
v -5.359308 -1.493038 1.851259
v -5.274330 -0.927956 1.922958
v -5.291806 -1.461841 1.883590
v -5.284547 -1.409546 2.120727
v -5.428329 -0.790138 2.580807
v -5.212658 -0.831523 2.246634
v -5.129018 -1.154227 2.320585
v -5.045983 -1.182392 2.537007
v -8.818804 0.263733 3.551068
v -9.137722 -0.637863 5.024989
v -8.160057 -0.632239 5.013506
v -8.764845 0.726919 3.904292
v -8.811973 0.722826 3.782007
v -8.801460 0.680484 3.752414
v -8.792656 -0.751654 3.802898
v -8.771204 -0.743159 3.910888
v -8.792656 0.733721 3.802898
v -8.850162 0.681957 4.257575
v -8.864545 -0.715775 3.779504
v -8.483084 0.723474 3.781271
v -8.805965 -0.606386 4.292983
v -8.663847 -0.678306 4.165618
v -8.821409 -0.711697 4.234225
v -8.825340 -0.616824 4.432317
v -8.828359 0.694544 3.866956
v -8.648889 0.729599 4.061691
v -8.742069 0.595476 4.256544
v -8.715317 0.679851 4.058231
v -8.735473 0.472602 4.450176
v -8.785531 -0.613644 4.342259
v -8.728334 0.651172 4.212377
v -8.748253 0.691409 4.002904
v -8.730467 0.477504 4.426973
v -8.755982 0.694780 4.141694
v -8.774253 0.530049 4.594148
v -8.740890 0.550543 4.544076
v -8.720958 0.595020 4.680407
v -8.754406 0.462090 4.455447
v -8.744690 -0.586407 4.597078
v -8.714494 -0.599393 4.615024
v -8.672048 -0.511941 4.182608
v -8.740126 -0.529446 4.262978
v -8.744572 -0.557168 4.527116
v -8.729260 0.477637 4.239997
v -8.713978 0.478815 4.300197
v -8.728657 0.507008 4.392375
v -8.663259 -0.700787 4.141974
v -9.008267 -0.433204 3.742859
v -8.433220 -0.477122 3.731125
v -8.993944 0.451342 5.536083
v -9.374874 0.450385 3.738207
v -8.411091 0.461413 3.737854
v -8.648889 0.468833 4.234225
v -8.237365 0.594696 4.780565
v -8.724769 0.593518 4.784731
v -8.655987 -0.743056 4.083142
v -8.701333 0.476768 4.210831
v -8.663302 0.676421 4.133081
v -8.642411 0.651643 4.169593
v -8.409736 0.423973 3.754991
v -8.447603 -0.685063 3.738501
v -8.240353 -0.613423 4.786027
v -8.656045 -0.540046 4.169357
v -8.000243 0.631797 5.355688
v -8.245948 0.567930 4.578424
v -8.476356 -0.741613 3.783111
v -8.583036 0.478285 4.240350
v -9.117775 -0.642604 5.205075
v -8.461973 -0.649744 5.197523
v -8.253309 -0.584979 4.572020
v -8.476356 -0.751845 3.802898
v -8.571507 -0.678394 4.243338
v -8.260685 0.603750 5.254720
v -8.639718 0.491417 4.182667
v -8.513575 0.480272 4.300359
v -8.252661 -0.513163 4.370497
v -8.318206 -0.509114 4.421128
v -8.648889 -0.511528 4.181930
v -8.527753 0.724107 4.228115
v -8.505110 0.733618 4.219856
v -9.051450 0.443039 5.001124
v -8.513222 0.681147 4.285312
v -8.389965 -0.495142 4.434202
v -8.264675 0.478358 4.441902
v -8.551382 0.507465 5.003450
v -8.223892 0.522791 4.961329
v -8.260685 0.567224 4.878588
v -8.461973 0.731572 3.802898
v -8.205638 -0.498499 4.313035
v -8.275068 0.502106 4.392375
v -7.742730 0.284006 3.570753
v -8.412226 0.665350 3.753003
v -8.441081 -0.742864 3.796140
v -8.413093 -0.668662 3.738811
v -8.289452 0.496467 4.419347
v -8.425342 0.652232 3.737898
v -8.323625 0.654072 3.822950
v -8.246316 -0.552575 4.519475
v -8.505110 -0.509202 4.309089
v -7.829373 -0.505875 4.306042
v -8.229106 0.510247 5.002669
v -8.386578 -0.441169 3.954260
v -8.332988 -0.448398 3.874140
v -8.333960 -0.439638 3.861494
v -8.429213 -0.440757 3.754991
v -8.175324 0.671945 3.958354
v -8.309078 0.433499 3.851468
v -8.352480 -0.447029 3.804282
v -7.656839 0.622683 5.203883
v -8.231933 0.606106 5.230590
v -8.225588 -0.584552 4.858492
v -8.252882 -0.527782 5.002743
v -8.240427 0.593768 4.674504
v -8.605752 0.622301 5.201748
v -8.192785 -0.477122 3.951831
v -8.225217 -0.455583 3.953892
v -8.220773 -0.500825 4.464265
v -8.500604 0.507524 4.988801
v -8.231933 0.504535 4.986578
v -8.225630 0.550307 4.559020
v -8.231933 -0.524529 4.984590
v -8.238528 -0.614012 4.685089
v -8.206021 -0.577751 4.780565
v -8.209422 -0.499692 5.001845
v -8.209922 0.551706 4.847435
v -8.183391 0.514929 4.636799
v -7.721530 0.454051 5.538041
v -8.204003 0.458659 4.468829
v -8.196994 0.593886 5.262096
v -8.204844 -0.548997 4.881209
v -8.199527 -0.362094 4.467327
v -8.206492 -0.347725 4.981852
v -8.197231 -0.294783 5.004201
v -8.196245 -0.426329 4.858330
v -8.196598 0.334195 4.469256
v -8.195552 0.380939 4.904132
v -8.185997 0.441802 4.724310
v -7.800605 0.500560 4.303053
v -8.203870 0.472734 4.992747
v -8.196436 0.305795 4.988462
v -8.174426 0.313642 4.998474
v -8.186263 0.317426 4.455049
v -8.185261 0.428257 4.636195
v -8.157038 -0.513457 4.443300
v -8.196363 0.377818 4.530237
v -8.149266 0.291691 4.989198
v -8.327688 -0.426329 3.954835
v -8.194786 -0.442038 4.642055
v -8.181198 0.463474 3.953731
v -7.671208 -0.425284 3.726120
v -8.038271 -0.298169 4.440091
v -8.210467 -0.426196 4.471376
v -8.174426 -0.307003 4.440562
v -8.145673 0.314128 4.453621
v -8.035385 0.420071 4.794949
v -8.461973 0.490843 4.311504
v -7.808643 0.478844 4.313064
v -8.029879 0.385267 4.895062
v -8.130700 -0.304794 4.997649
v -7.775312 -0.261451 3.550803
v -8.111898 0.300348 4.445877
v -8.031219 -0.434721 4.606279
v -7.699975 -0.480670 5.532815
v -8.001156 -0.448354 5.002346
v -7.944901 0.440256 4.995838
v -8.476356 -0.678394 4.305114
v -8.490726 -0.705292 4.289243
v -8.204490 -0.477534 4.467961
v -8.035915 0.405437 4.605396
v -8.037815 0.421426 4.687298
v -8.021767 0.303071 4.990906
v -8.807040 -0.297978 5.737179
v -8.047504 0.302409 4.450809
v -8.000993 -0.433190 4.468697
v -8.218608 0.483614 4.450765
v -8.198821 -0.334681 4.968277
v -8.023004 -0.324522 4.987697
v -8.046780 -0.281827 5.009309
v -8.024300 -0.427949 4.861480
v -8.032795 -0.447250 4.795508
v -8.030174 -0.394116 4.536082
v -8.023328 -0.339009 4.457743
v -8.036873 0.349065 4.500733
v -8.008399 0.376463 4.473791
v -8.198409 0.418467 3.954658
v -7.628086 0.419924 3.759776
v -7.988479 -0.435104 4.478649
v -7.613703 -0.436487 3.759775
v -7.990806 -0.419601 4.993262
v -8.023180 -0.333341 5.003641
v -7.965968 -0.541827 4.787823
v -7.968073 0.523571 4.794949
v -7.967441 0.522997 4.651168
v -7.953058 -0.499456 4.527646
v -7.814990 0.448162 5.003877
v -7.982458 0.481288 4.568221
v -7.952307 0.493611 4.557253
v -7.986890 0.427889 4.468520
v -7.958769 0.531816 4.694306
v -7.992881 0.404554 4.989934
v -6.686356 -0.620888 5.009442
v -7.944386 -0.541150 4.828266
v -7.908124 -0.469893 4.471435
v -7.968148 -0.543609 4.708690
v -7.923686 -0.556285 4.728358
v -7.968443 -0.529505 4.622415
v -8.490726 0.677319 4.297282
v -8.490726 0.644326 4.306130
v -7.829373 0.481671 4.459024
v -7.901249 0.447882 4.469904
v -7.816092 -0.553885 4.766107
v -7.967663 0.494582 4.890645
v -7.829373 0.532022 4.794949
v -7.964113 -0.511941 4.886185
v -7.933476 -0.454317 4.990509
v -7.824972 0.507244 4.587538
v -7.829373 -0.533318 4.866839
v -7.858126 -0.495393 4.505076
v -7.829373 -0.545184 4.636799
v -7.822571 0.536439 4.703375
v -7.806229 0.465535 4.947298
v -7.752094 0.593871 5.262302
v -7.780759 0.420513 4.470743
v -7.809644 -0.497822 4.530428
v -7.743201 -0.405791 4.468240
v -7.822204 -0.455539 4.471450
v -7.781466 0.418879 4.991701
v -7.804316 -0.543962 4.665552
v -7.785397 0.512161 4.793668
v -7.743098 -0.491491 4.302067
v -7.774046 0.501237 4.652346
v -7.792300 -0.528386 4.838086
v -7.806170 -0.312700 5.723266
v -7.777784 -0.442862 4.976905
v -7.779331 -0.440610 5.003494
v -7.721927 -0.469834 4.313359
v -7.699932 -0.443378 4.794360
v -7.744027 0.356308 5.628129
v -7.814990 0.293708 5.724120
v -7.782438 -0.481126 4.536156
v -7.729215 -0.276704 5.689168
v -7.699975 0.414771 4.823702
v -7.750873 -0.382515 4.989905
v -7.704658 0.422398 4.655188
v -7.711976 -0.419365 4.867413
v -7.699975 0.361314 4.913686
v -7.736356 0.450047 4.313727
v -7.751667 0.259316 5.706968
v -7.724298 0.344942 4.468447
v -7.706189 -0.298198 3.579630
v -7.633901 -0.355396 3.651388
v -7.843743 -0.497306 4.311327
v -7.723105 0.302306 4.990773
v -7.699975 0.356779 4.460438
v -7.656839 -0.409266 5.548524
v -7.695590 0.305500 4.456020
v -7.709222 -0.189561 5.677420
v -7.699975 0.288437 4.986666
v -7.469921 0.622536 5.277069
v -7.653998 -0.376478 5.573537
v -7.686460 -0.059737 4.341891
v -7.707706 -0.109190 4.355745
v -7.709664 -0.207905 4.386589
v -7.707794 -0.154182 4.356260
v -7.707265 -0.254193 4.413988
v -7.710017 0.169876 4.369437
v -7.714653 0.112355 5.685708
v -7.700904 -0.118848 5.667467
v -7.708574 -0.301997 4.443315
v -7.704938 0.178518 4.383291
v -7.710901 -0.187028 4.372529
v -7.369292 0.403067 3.956293
v -7.685591 0.426623 4.737443
v -7.562100 0.593783 5.262508
v -7.685591 0.126739 5.672708
v -7.686490 0.097706 5.655571
v -7.635078 0.292162 5.564233
v -7.600511 -0.332590 3.657336
v -7.721869 0.262511 3.565820
v -7.398046 0.112355 4.362871
v -7.709059 0.184245 5.677434
v -7.681160 0.245359 5.633208
v -7.625922 -0.002658 5.562112
v -7.707837 -0.141609 5.678494
v -7.613703 -0.146438 5.687623
v -7.710679 -0.228693 4.383821
v -7.517211 -0.292221 4.428210
v -7.619503 -0.210894 5.679054
v -7.708162 0.052140 4.342804
v -7.541812 0.601115 5.240645
v -7.426798 0.274009 5.600303
v -7.584949 0.126739 5.687711
v -7.707528 0.090065 4.356246
v -7.497172 0.086738 4.356570
v -7.699975 0.357574 4.507402
v -6.771512 0.392040 4.573610
v -7.570565 0.184245 5.686813
v -7.469921 0.224718 4.397278
v -7.698106 0.194065 4.383026
v -7.594311 0.435722 4.313241
v -7.560775 0.365966 3.708055
v -7.656839 -0.279074 5.616777
v -7.622079 -0.310860 5.549230
v -7.635889 -0.053436 5.578219
v -7.114165 -0.078611 5.597447
v -7.549628 -0.309697 3.710072
v -7.382411 0.326775 5.002243
v -7.520346 0.392570 3.752650
v -7.521142 -0.426241 3.767623
v -7.721986 -0.325641 4.989493
v -7.518638 -0.298228 5.002331
v -7.081732 -0.031411 5.558550
v -7.153622 -0.146438 5.691347
v -7.499999 0.326892 3.750927
v -6.911671 0.737873 4.241557
v -6.671899 0.435825 4.471450
v -7.484305 0.416788 3.831651
v -7.451164 0.403258 3.827308
v -7.685591 0.135838 4.355731
v -6.822938 0.149000 4.356143
v -7.390684 -0.369721 3.867398
v -7.225512 -0.467287 4.309310
v -7.387195 -0.404569 3.889687
v -7.499351 -0.333695 3.748115
v -7.636610 0.254354 4.420009
v -6.757482 -0.324493 4.456330
v -5.151323 -0.713758 3.968512
v -7.311772 -0.160807 4.349988
v -7.216900 -0.124826 5.679216
v -7.448102 -0.426977 3.838527
v -7.417097 -0.427566 3.889172
v -7.570565 -0.232698 3.669070
v -7.109042 0.269945 5.011871
v -6.564145 0.480257 4.458214
v -6.772146 0.421146 4.785791
v -7.351095 -0.366732 3.903541
v -6.492255 -0.002658 5.556386
v -7.318721 -0.369765 3.953687
v -7.455552 -0.353114 3.785408
v -7.198378 -0.287834 4.425574
v -7.291013 -0.340334 3.953922
v -7.699461 -0.443613 4.665273
v -7.182375 0.040480 4.351844
v -7.343631 0.382117 3.946679
v -6.770746 -0.424989 4.854899
v -7.591295 0.292353 5.549981
v -7.721825 -0.354424 4.470419
v -8.175455 -0.677570 3.956749
v -8.231933 -0.753185 4.018569
v -7.517902 0.056969 4.344895
v -7.622580 0.020221 5.563644
v -6.925819 0.215722 4.394274
v -6.464886 -0.644061 5.378861
v -6.981058 0.281576 5.001124
v -6.772278 -0.440934 4.801000
v -7.011048 0.255856 5.018099
v -6.996164 -0.290764 4.427106
v -6.915691 -0.277027 4.423292
v -6.851692 0.298654 4.451280
v -6.508714 -0.362713 3.917925
v -7.789166 -0.513501 4.426472
v -6.653349 -0.469525 4.472142
v -8.835793 -0.280296 3.552246
v -8.811795 -0.712977 3.889172
v -8.813974 -0.743056 3.781418
v -8.526824 -0.743188 4.227188
v -8.505110 -0.754466 4.191088
v -8.395293 -0.466139 3.750898
v -8.224718 -0.584965 4.600788
v -7.760502 -0.298095 3.565070
v -7.743098 -0.430216 5.552793
v -7.628086 0.410826 3.732848
v -7.648800 0.307370 3.622664
v -8.217563 0.734766 4.018569
v -6.771968 0.406644 4.844049
v -11.102834 0.328026 3.954805
v -10.522867 0.687463 4.426679
v -10.388008 0.688655 4.530149
v -10.532334 0.746589 4.478649
v -9.669694 0.756350 4.593662
v -10.356664 0.576837 4.516737
v -10.402937 0.703039 4.685310
v -10.287924 0.621329 4.686635
v -10.287924 0.567179 4.528515
v -10.101669 0.608564 4.443227
v -10.454820 0.607372 4.472613
v -10.356648 0.562542 4.497803
v -10.251000 0.550808 4.514675
v -10.338880 0.550572 4.500218
v -10.029130 0.568784 4.504944
v -10.168538 0.607446 4.686296
v -10.276057 0.607696 4.832182
v -10.424991 0.737564 4.543620
v -10.144143 0.601203 4.532593
v -10.115935 0.542254 4.522007
v -10.460457 0.738344 4.658927
v -10.144143 0.716216 4.678229
v -10.460457 0.772073 4.938729
v -10.441864 0.766817 4.975021
v -10.109383 0.534996 4.832727
v -10.384150 0.709870 5.003656
v -9.770322 0.730600 4.996648
v -10.124239 0.562365 4.685619
v -10.101007 0.521274 4.529472
v -10.094058 0.565678 4.543414
v -10.061860 0.479448 4.751811
v -10.051936 0.716260 4.539130
v -10.024301 0.492816 4.845712
v -10.032665 0.560554 4.531430
v -10.079953 0.492948 4.699650
v -10.067115 0.492801 4.686694
v -10.036551 0.478947 4.701372
v -10.072253 0.517770 4.545048
v -9.992722 0.615572 4.543473
v -9.727199 0.749018 4.861333
v -9.976160 0.563528 4.529604
v -9.957241 0.658710 4.533623
v -9.618916 0.594078 4.183800
v -9.669694 0.728863 4.676093
v -9.884673 0.473868 4.795950
v -9.736359 0.737917 4.543222
v -9.655310 0.773605 4.938729
v -9.655310 0.765301 4.972576
v -10.429158 0.766832 4.887937
v -9.856494 0.601174 4.684058
v -9.870967 0.619062 4.435512
v -9.876737 0.464666 4.829812
v -9.914044 0.476179 4.693186
v -9.878253 0.455479 4.691537
v -9.693398 0.507288 4.845182
v -9.877047 0.594843 5.048383
v -9.865019 0.540517 4.790282
v -9.836796 0.580562 4.788839
v -9.660742 0.725476 4.542501
v -9.836059 0.594519 4.760955
v -9.738154 0.564897 4.514602
v -9.849016 0.564809 5.133671
v -9.805966 0.564897 5.075753
v -9.805009 0.538043 5.018541
v -9.836662 0.535864 5.078402
v -9.820851 0.530829 5.075767
v -9.655310 0.748576 4.987284
v -9.816212 0.499927 5.054729
v -9.786738 0.497115 5.024636
v -9.722828 0.621668 4.672148
v -9.727199 0.607990 4.756346
v -9.777787 0.552354 5.003965
v -9.787608 0.519567 4.845992
v -9.669694 -0.372901 3.965995
v -9.668575 0.577529 5.112058
v -9.691262 0.550881 5.219091
v -9.668633 0.615072 4.683897
v -9.688877 -0.265190 3.954099
v -9.664938 0.579959 5.150131
v -9.693014 -0.232698 3.804738
v -9.691337 0.249069 3.911050
v -9.676216 -0.267988 3.796538
v -9.681428 -0.065096 3.951331
v -9.690187 -0.247376 3.917071
v -9.676732 -0.213779 3.939244
v -9.682680 -0.217916 3.948828
v -9.691970 0.236525 3.808287
v -9.635066 0.765964 4.920695
v -9.640382 0.573171 4.537142
v -9.649628 0.751241 4.608046
v -9.669694 0.748134 4.651168
v -9.647713 0.711034 4.673238
v -9.645859 0.753067 4.872993
v -9.865491 0.593179 5.002522
v -9.684064 0.588880 4.999651
v -9.622449 0.578972 4.988389
v -9.604929 0.306413 3.810186
v -9.664114 0.563087 4.670573
v -9.684004 0.242694 3.955380
v -9.663186 0.564853 4.529266
v -9.648258 0.564765 4.731760
v -9.620536 0.736430 4.876070
v -9.648110 0.737799 4.557695
v -9.583420 0.337007 3.952759
v -9.627484 0.590323 4.564070
v -9.554666 -0.361255 3.903541
v -9.641133 0.585494 4.660841
v -9.645386 0.543682 4.804872
v -9.676923 0.248981 3.795669
v -9.493465 0.212999 3.678875
v -9.568005 0.571022 4.148819
v -9.544729 0.590927 4.176719
v -9.557449 -0.340040 3.953142
v -9.593651 0.594269 4.644514
v -9.575911 0.579988 4.658662
v -9.636244 0.550587 4.686341
v -9.537162 0.635212 4.972562
v -9.616458 0.443274 4.018569
v -9.602558 0.644075 4.033954
v -9.593520 0.654882 4.004185
v -9.621242 0.750490 4.971370
v -9.559274 0.629957 4.137027
v -9.562970 0.406232 4.833949
v -9.559849 0.511190 4.775589
v -9.602044 0.470437 4.822642
v -9.558994 -0.353128 3.813557
v -9.562602 0.535923 4.737443
v -9.655767 0.513869 4.825616
v -9.566254 0.443039 4.766196
v -9.606313 0.601203 4.057937
v -9.561542 0.335093 3.825085
v -9.540297 0.700978 4.032938
v -9.576735 0.549763 4.672325
v -9.575970 0.436060 4.686458
v -9.550647 0.558066 4.608046
v -9.540297 0.598612 5.024989
v -9.540297 -0.365024 3.831651
v -9.549616 0.500560 4.751811
v -9.582610 0.530962 5.212113
v -9.546304 0.500560 4.545799
v -9.533288 0.406968 3.939303
v -9.597935 0.414668 3.993128
v -9.530816 0.392526 3.968439
v -9.548174 0.363640 4.528632
v -9.548203 0.363772 4.543708
v -9.503034 0.334769 3.782051
v -9.493671 -0.232698 3.678846
v -9.560599 0.565913 4.536156
v -9.465418 0.428773 4.534433
v -9.563869 0.375433 4.540087
v -9.375478 0.694927 3.795110
v -9.402024 0.629957 3.754343
v -9.546084 0.638554 4.899758
v -9.500517 0.623964 4.953099
v -9.444660 -0.325627 3.724324
v -9.617811 -0.440080 4.012459
v -9.402744 -0.462738 3.753607
v -9.584655 -0.434765 3.989712
v -9.491389 0.514929 5.146465
v -9.515195 0.605473 4.208152
v -9.484793 0.428861 3.860905
v -9.563530 0.448412 5.189057
v -9.536293 0.435383 5.191015
v -9.401537 0.449472 5.205164
v -9.446558 -0.441994 3.810480
v -9.511941 -0.420646 3.962005
v -9.540562 0.601851 4.868414
v -9.457394 0.607608 4.861451
v -9.410886 0.408249 3.969572
v -9.389803 0.666159 4.299107
v -9.439654 -0.351965 3.757920
v -9.172291 -0.366099 3.914804
v -9.468407 -0.430687 3.889172
v -9.434281 0.594711 4.844947
v -9.583420 0.601203 4.854281
v -9.439654 0.471807 5.126810
v -9.454022 -0.247082 3.671617
v -9.439654 0.212999 3.668658
v -9.198763 -0.353025 3.955262
v -9.454022 0.557109 5.215661
v -9.440214 0.562218 5.096703
v -9.389891 -0.426609 3.766563
v -9.454643 0.416185 3.831445
v -9.453257 0.396353 3.946193
v -9.443512 0.615572 4.281441
v -9.466979 0.555740 5.141415
v -9.396517 0.439476 5.183139
v -9.425269 0.250836 3.679479
v -9.339010 0.699933 3.788529
v -9.238366 0.333591 3.754902
v -9.418026 0.464475 5.132773
v -9.434000 0.449973 5.132434
v -9.215547 -0.412460 3.968276
v -9.448752 0.543682 5.130829
v -9.312761 0.622507 5.262479
v -9.389553 0.680367 4.284679
v -9.404717 0.406704 3.780152
v -9.371679 0.448044 5.192326
v -9.482776 0.592973 5.044585
v -9.288924 0.608579 5.190515
v -9.362463 -0.671975 3.737750
v -9.281490 0.703407 4.061691
v -9.365350 0.639614 3.737456
v -9.389758 0.651967 3.752238
v -9.170304 0.406983 3.780637
v -9.354793 0.618841 4.319219
v -9.364583 0.392231 4.844491
v -9.333431 0.586819 4.846139
v -9.391570 -0.664025 3.750250
v -9.367764 -0.446072 3.739797
v -9.304884 -0.426697 3.752444
v -9.099342 -0.367689 3.799468
v -9.329853 0.609065 4.858565
v -9.375050 0.451062 5.176131
v -9.352878 0.542225 5.196742
v -9.290307 0.401197 3.967261
v -9.368675 0.530402 5.216633
v -9.195230 -0.425254 3.889172
v -9.382133 0.403818 4.833419
v -9.166476 0.408131 4.833404
v -9.296727 0.399077 4.854148
v -9.008327 0.658710 4.308692
v -9.390744 0.420366 3.751708
v -9.050404 0.415405 3.751973
v -9.187029 0.368425 4.531827
v -9.196775 0.356941 4.939554
v -9.152092 0.618296 5.024989
v -9.173602 0.404363 3.944411
v -9.171953 0.332737 3.942821
v -9.185262 0.332973 3.954894
v -9.051140 0.299081 3.719877
v -9.229343 0.735429 3.943646
v -9.219919 0.753641 4.004185
v -9.219640 0.405010 3.965185
v -9.223983 0.699948 3.889172
v -9.191211 0.753096 3.917925
v -9.195230 0.706190 3.886154
v -9.169922 -0.418997 3.956219
v -8.979573 0.554179 4.530458
v -8.864545 0.617560 4.435512
v -9.122163 0.602396 4.998827
v -9.230799 -0.713890 3.941644
v -9.165977 -0.725801 3.860979
v -8.217563 0.628146 5.298166
v -9.180845 0.705145 4.136187
v -9.144776 0.752124 3.882076
v -9.064758 0.753199 3.975653
v -9.095086 0.765286 4.004715
v -9.117142 0.752213 4.112116
v -8.390083 0.406762 5.549481
v -9.180787 0.394395 3.917042
v -9.129391 0.407425 3.854619
v -9.126298 -0.405231 3.872904
v -9.177622 0.753508 4.086455
v -8.945623 0.608270 4.312947
v -9.144274 0.348858 3.868575
v -9.008327 -0.247082 3.670984
v -9.169569 0.320532 4.971517
v -9.124164 0.347887 3.816502
v -9.087092 -0.757425 3.954025
v -9.180845 -0.767363 3.932295
v -8.835438 0.702377 3.776383
v -8.936436 0.605281 4.482418
v -8.783557 0.420705 4.813190
v -9.099504 -0.413800 3.829163
v -9.100874 0.406070 3.826027
v -9.131097 -0.757778 3.867353
v -9.034018 -0.771455 3.917925
v -9.094587 0.742084 3.865484
v -9.159556 -0.757381 3.953731
v -8.986743 0.363846 4.528927
v -9.223983 0.592414 5.231812
v -9.266973 0.585200 5.240100
v -9.310243 0.387696 5.557225
v -9.043087 0.375138 3.725001
v -9.051450 0.748694 4.090445
v -9.072929 0.335078 3.767063
v -9.043676 -0.325568 3.724279
v -9.084281 -0.758470 3.866838
v -9.051450 0.742481 4.032938
v -9.070411 0.752787 3.880927
v -9.064816 -0.420057 3.764826
v -9.015895 -0.384134 3.694702
v -9.050963 0.706926 3.861155
v -8.987302 0.708722 3.896813
v -9.051450 -0.765787 3.989801
v -8.970535 -0.758897 4.071850
v -8.983402 0.753258 4.047322
v -8.782027 0.433925 4.751811
v -8.993177 -0.726964 4.134656
v -9.029513 0.310653 4.985900
v -9.008267 0.748635 3.917719
v -8.965028 0.313215 3.633515
v -8.970328 -0.759074 3.961048
v -8.936436 0.698814 4.061691
v -8.847542 0.693013 4.237847
v -9.001009 0.188353 3.666390
v -8.951733 -0.723327 4.090032
v -8.160057 0.601203 5.005570
v -9.051450 0.710386 4.158551
v -8.999935 0.738756 4.098468
v -8.967868 0.742982 4.047322
v -8.950806 0.701876 3.903541
v -8.942502 0.680617 4.284871
v -8.972095 0.752345 3.981247
v -8.948598 0.706013 3.946679
v -8.960567 -0.726552 3.917925
v -9.018324 -0.728436 3.868119
v -8.957946 -0.757543 4.029626
v -8.913557 -0.295298 3.580823
v -8.941294 -0.715745 3.961048
v -8.850265 0.557963 4.492989
v -8.874661 0.374888 4.513895
v -8.808247 0.307046 4.986651
v -8.857288 0.608432 4.457125
v -8.869081 0.241767 3.551952
v -8.872982 0.529313 4.514057
v -8.935037 -0.396442 4.536317
v -8.832671 -0.368057 4.498716
v -8.878930 -0.637863 4.449881
v -8.810823 -0.629073 4.352624
v -8.785161 0.463370 4.989184
v -8.784102 -0.440021 4.633648
v -8.778551 0.617854 4.290981
v -8.640866 0.593871 5.247815
v -8.811588 0.543682 4.473482
v -8.777359 -0.491653 4.460967
v -8.735150 -0.492463 4.439134
v -9.159777 0.622845 5.190633
v -8.775694 0.428669 4.823702
v -8.781746 0.328026 4.979290
v -8.755687 0.566753 4.373560
v -8.782924 0.486176 4.564909
v -8.772205 0.552633 4.809333
v -8.780702 0.427963 4.636195
v -8.782586 -0.395750 4.546491
v -8.783572 -0.367218 4.484141
v -8.770969 0.363669 4.500512
v -8.803860 0.349079 4.499629
v -8.770852 -0.451770 4.470935
v -8.762902 -0.491197 4.464751
v -8.769011 0.442906 4.478826
v -8.770852 0.391156 4.485613
v -8.720767 -0.525883 4.410484
v -8.772678 -0.391922 4.491900
v -8.738198 0.591972 4.751811
v -8.778391 0.442906 4.474748
v -8.748532 0.561099 4.880443
v -8.770645 0.506478 4.972812
v -8.757483 0.508907 4.498966
v -9.482776 0.631223 5.355672
v -9.647992 0.579797 4.802325
v -9.447206 0.608388 4.298460
v -10.848428 0.600040 4.180444
v -9.727199 0.764668 4.877955
v -9.339010 0.621093 4.466135
v -9.640218 0.502032 4.840353
v -9.605459 0.638275 4.010089
v -9.434059 0.695472 4.214600
v -9.410886 0.702789 4.205472
v -9.310243 0.618561 5.140016
v -9.055410 0.651231 3.738310
v -9.051450 0.680455 4.299152
v -8.433220 -0.649641 3.729918
v -8.802035 -0.626865 4.378006
v -10.805511 -0.648978 5.355672
v -9.669694 -0.640410 5.374886
v -10.892535 -0.435413 5.551203
v -9.105657 -0.470040 5.535465
v -10.411873 -0.726213 4.529604
v -10.552902 -0.703010 4.413222
v -10.580300 0.622654 5.262435
v -10.540373 0.593430 5.060146
v -10.493112 0.751373 4.875261
v -10.414627 -0.625746 4.832079
v -10.561897 0.601012 4.696543
v -10.394633 0.609153 4.687165
v -10.503581 -0.692778 4.683676
v -10.402937 -0.735915 4.676697
v -10.216034 -0.646947 5.256943
v -10.221701 -0.735871 4.847420
v -10.485913 0.621005 5.016450
v -10.410283 0.622860 5.003406
v -10.446074 0.601645 5.096879
v -10.512178 -0.569521 5.220902
v -10.431691 -0.559936 5.168770
v -10.411034 -0.613320 4.817577
v -10.355883 -0.611554 5.042597
v -10.453802 -0.771941 4.644101
v -10.474828 -0.567077 5.222080
v -10.435253 -0.567563 5.207858
v -10.503581 0.562674 5.224686
v -10.384915 -0.597361 4.699296
v -10.402466 -0.565634 5.169020
v -10.489211 0.617928 4.809333
v -10.403777 -0.565104 5.139118
v -10.334094 -0.580945 4.698339
v -10.454260 -0.645401 5.003141
v -10.484779 -0.626026 5.016450
v -10.358785 0.601056 5.012018
v -10.571319 -0.626836 4.401959
v -10.346181 -0.615823 5.154489
v -10.423681 0.550307 5.205282
v -10.359844 0.547289 5.110645
v -10.331046 -0.577751 4.838071
v -10.338702 -0.570286 4.831255
v -10.331901 -0.605488 4.521006
v -10.410696 -0.627822 4.514808
v -10.402937 0.604869 4.820183
v -10.353012 0.564897 4.777679
v -10.316677 0.716216 4.854031
v -10.460457 -0.692778 5.007896
v -10.345430 -0.624789 5.001992
v -10.382149 0.580282 5.174791
v -10.345430 0.589705 5.183139
v -10.331046 0.577662 4.831314
v -10.322302 -0.569182 5.063017
v -10.374184 -0.607593 5.197523
v -10.316677 0.586819 5.007042
v -10.302293 -0.581579 5.014433
v -10.334801 0.562100 4.820507
v -10.336465 0.578104 4.698251
v -10.244787 -0.614292 5.149572
v -10.273746 0.556123 5.212407
v -9.325097 -0.145570 5.739372
v -10.265383 -0.598583 5.002802
v -10.323258 -0.569992 4.832168
v -10.288808 -0.620726 4.836614
v -10.072253 0.080613 5.560390
v -9.410739 0.083543 5.661122
v -10.282197 -0.584538 5.218326
v -10.273540 -0.570993 4.501351
v -10.278163 -0.627660 4.686826
v -10.294108 0.564308 5.034087
v -10.231051 -0.620269 5.000358
v -10.296007 -0.570168 4.515161
v -10.250838 0.593754 5.003273
v -10.324775 -0.599054 5.233740
v -10.171969 0.601100 4.836319
v -10.193214 -0.600306 5.148482
v -10.172897 0.605767 5.001036
v -10.222688 -0.556992 5.208256
v -10.216828 0.527016 5.212083
v -10.154905 0.592340 5.053742
v -10.244787 0.534863 5.220092
v -10.316677 -0.616721 4.474969
v -9.942857 -0.115006 5.700726
v -10.218567 0.528724 5.197626
v -10.194745 0.478520 5.204914
v -10.122575 -0.556211 5.104079
v -10.119395 -0.586908 4.844299
v -10.173500 -0.626379 4.823069
v -10.209011 -0.541607 5.219121
v -10.474828 -0.796513 4.953099
v -9.631268 -0.787488 4.962462
v -10.176136 -0.629442 4.708690
v -10.123104 -0.584111 4.686635
v -10.159631 0.543447 5.210906
v -10.194657 -0.484100 5.190397
v -10.158527 -0.472735 5.168770
v -10.129774 -0.471763 5.140016
v -10.132851 0.460794 5.164912
v -10.101007 -0.585495 5.232533
v -10.195408 0.463636 5.191840
v -10.097017 -0.481642 5.085440
v -10.151505 0.536159 5.118227
v -10.180096 -0.484248 5.204766
v -10.100329 -0.564736 4.521006
v -10.078688 -0.556108 4.514513
v -10.137489 -0.613379 5.074795
v -10.091157 -0.614749 5.005261
v -10.110327 -0.572038 5.168770
v -10.093688 0.565354 5.017966
v -10.079688 -0.512839 4.686811
v -10.446074 -0.778979 4.608046
v -10.078642 0.464165 5.072690
v -10.094130 -0.487958 5.132390
v -10.159897 0.457835 5.153017
v -10.065436 0.478608 5.031879
v -10.151063 -0.541533 5.204914
v -10.072488 -0.563529 5.096747
v -10.079998 -0.542917 5.088944
v -10.065465 -0.498499 4.728903
v -10.057884 -0.508245 4.680687
v -10.050934 0.535938 5.003244
v -9.914104 -0.627896 4.456580
v -10.061624 -0.499368 4.827942
v -10.086666 -0.480007 5.109894
v -10.037051 0.580106 5.074413
v -10.094557 0.579900 5.179193
v -10.036184 -0.484203 5.046705
v -10.442393 -0.613615 4.184080
v -11.093058 -0.347725 3.959090
v -9.856597 -0.735915 5.000196
v -9.986774 0.556005 5.226497
v -11.150563 -0.101785 5.558387
v -10.014746 0.529313 4.995293
v -10.036329 -0.541047 5.017790
v -9.842214 -0.567415 4.517988
v -9.885351 -0.635272 4.677640
v -9.928135 0.600187 4.999254
v -10.004456 -0.598038 5.082495
v -10.017132 -0.536071 5.016627
v -9.281490 -0.642206 5.262493
v -10.021976 -0.501826 5.019306
v -9.914104 -0.508290 4.683381
v -9.991662 0.533671 5.004745
v -10.007239 0.492580 5.003450
v -9.990336 -0.552487 5.002301
v -9.662494 -0.771853 4.572093
v -9.642310 -0.776255 4.866559
v -9.929105 0.530447 5.219975
v -9.971728 0.530638 5.215764
v -10.051656 0.480655 5.032659
v -10.014746 -0.505875 4.844299
v -9.891107 -0.484910 4.828855
v -9.640927 -0.797632 4.938729
v -9.996151 -0.569050 5.220372
v -9.935850 -0.584788 5.146966
v -9.868110 -0.595815 5.070864
v -9.946581 -0.596772 5.001462
v -9.979354 -0.497439 5.218576
v -9.936173 -0.552281 5.175071
v -9.511530 -0.105716 5.585713
v -9.965265 -0.534628 5.206180
v -9.951793 -0.469010 5.217339
v -9.967355 0.462237 5.216500
v -9.662922 -0.771809 4.643807
v -9.889369 0.509158 5.205797
v -9.899734 -0.618414 5.010605
v -9.661376 -0.744278 4.673311
v -9.938926 0.433837 5.206253
v -9.885159 -0.518919 5.131993
v -9.942857 -0.620888 4.995573
v -9.906316 0.529313 5.205487
v -9.899248 0.443790 5.155078
v -9.907360 -0.556403 5.204104
v -9.878623 -0.571096 5.146450
v -9.890165 0.516269 5.154342
v -9.876914 -0.490505 4.738620
v -9.874442 -0.551471 5.117388
v -9.909688 -0.453875 5.192282
v -9.877533 -0.485249 5.191222
v -9.892167 0.549704 5.177044
v -9.878637 -0.467891 4.686046
v -9.876516 -0.468774 5.145655
v -9.870215 -0.593180 4.683146
v -9.877327 -0.515150 4.672265
v -9.856597 -0.464681 4.824865
v -9.863767 -0.409648 4.816134
v -9.871041 -0.476474 4.794934
v -9.884378 0.473235 5.153355
v -9.862913 0.468626 5.130800
v -9.862045 0.448295 5.131153
v -9.554961 -0.605885 4.162835
v -9.827107 -0.567489 5.065417
v -9.838635 -0.615116 4.776590
v -9.863663 -0.555387 4.787632
v -9.848898 -0.598097 4.787411
v -9.846924 0.451799 5.191855
v -9.862162 0.435515 5.190721
v -9.812355 -0.519081 4.812454
v -9.715276 -0.570183 4.515176
v -9.821940 -0.613998 4.788073
v -9.813460 -0.496261 4.827972
v -9.597804 -0.606519 4.849908
v -9.583096 -0.562557 5.222316
v -9.813460 -0.597744 5.125633
v -9.468407 -0.419601 5.551291
v -9.869802 -0.620682 5.001860
v -9.797471 -0.547466 5.022221
v -9.785502 -0.518316 5.012122
v -9.740319 -0.590810 4.999401
v -9.705824 -0.498617 4.845271
v -9.870967 -0.505875 4.838277
v -9.855935 -0.620299 4.682454
v -9.589368 -0.555946 4.126618
v -9.698447 -0.602205 4.777650
v -9.899720 0.557138 5.224804
v -9.717851 -0.612952 4.543649
v -9.687906 -0.568240 4.787028
v -9.626557 -0.759457 4.990008
v -9.770322 -0.580018 5.168770
v -9.644400 -0.602013 4.766195
v -9.516771 0.077610 5.562952
v -9.648068 -0.527561 4.816576
v -9.645946 -0.735915 4.662254
v -9.647949 -0.585097 4.802266
v -9.460737 -0.397988 5.564026
v -9.664203 -0.741672 4.543664
v -9.647316 -0.758838 4.570268
v -9.625777 -0.548423 4.780727
v -9.618945 -0.786693 4.929012
v -9.627191 -0.587791 4.549612
v -9.655310 -0.582477 4.517354
v -9.632106 -0.759354 4.858815
v -9.618371 -0.759339 4.872316
v -9.626557 -0.590191 4.679936
v -9.640779 -0.591737 4.536141
v -9.633918 -0.601056 4.627421
v -9.648641 -0.613099 4.686414
v -11.337481 -0.247082 5.746939
v -9.589529 -0.599614 4.658868
v -9.583420 -0.604546 4.622415
v -9.604296 -0.758426 4.975698
v -9.690732 -0.599231 5.003479
v -9.605342 -0.657503 3.996515
v -9.607757 -0.650053 4.048323
v -9.572658 -0.630310 4.858653
v -9.607505 -0.586673 5.007381
v -9.592915 -0.674463 4.058820
v -9.589603 -0.539266 4.095332
v -9.574984 -0.528636 4.774941
v -9.553444 -0.651540 4.982514
v -9.497160 -0.615382 5.035133
v -9.583420 -0.615853 5.025784
v -9.569772 -0.620579 4.999858
v -9.605240 -0.671592 4.023162
v -9.551707 -0.716025 4.018569
v -9.561733 -0.541990 4.730567
v -9.344414 -0.602205 4.844461
v -9.565104 -0.426035 4.845580
v -10.356648 -0.397723 5.549569
v -9.548484 -0.714803 4.055964
v -9.576633 -0.466949 4.671426
v -9.559863 -0.462738 4.791533
v -9.582065 -0.492831 4.807169
v -9.511205 -0.639512 4.995058
v -9.576706 -0.514929 4.689903
v -9.555594 -0.491491 4.766195
v -9.562278 -0.554695 4.694305
v -9.607904 -0.452918 4.845874
v -9.565458 -0.419601 4.564909
v -9.563809 -0.433469 4.608370
v -9.552193 -0.583949 4.526188
v -9.564060 -0.596802 4.622415
v -9.525913 -0.446263 4.751811
v -9.557905 -0.548997 5.209566
v -9.556006 -0.449031 4.541323
v -9.543860 -0.397870 4.536126
v -9.538030 -0.563381 4.540219
v -9.410886 -0.722679 4.219856
v -9.477683 -0.715362 3.922563
v -9.870967 -0.633372 4.435512
v -9.475739 -0.570169 5.146936
v -9.430570 -0.668810 4.282913
v -9.472470 -0.412313 4.845197
v -9.461974 -0.483718 5.132258
v -9.550883 -0.495761 5.206798
v -9.554991 -0.535924 5.219769
v -9.410886 -0.548997 5.220623
v -8.950806 -0.572215 4.530105
v -9.375610 -0.109440 5.693894
v -9.439314 -0.563794 5.122452
v -9.430305 -0.483526 5.131772
v -9.536425 -0.482878 5.188056
v -9.331517 -0.483938 5.204678
v -9.407691 -0.628941 5.064048
v -7.887660 -0.302247 5.739608
v -9.065435 -0.654823 5.354259
v -9.232271 -0.728996 4.127634
v -9.442715 -0.625349 4.295765
v -9.425269 -0.497572 5.219518
v -8.922052 -0.630619 4.474497
v -9.353380 -0.682634 4.297782
v -9.379246 -0.418187 4.840236
v -9.331178 -0.552722 5.204354
v -9.319060 -0.627410 4.875025
v -9.353380 -0.715230 3.779842
v -9.251440 -0.616103 5.240587
v -9.304559 -0.088917 5.737414
v -9.118304 -0.626232 5.004215
v -9.287732 -0.400373 4.873184
v -9.260096 -0.714258 4.011752
v -9.231727 -0.757911 4.028315
v -9.189341 -0.758617 3.909166
v -9.152092 -0.728834 4.227600
v -9.190799 -0.772339 3.995469
v -9.209613 -0.370972 4.921003
v -9.213323 -0.355072 4.949270
v -9.221258 -0.377583 4.925052
v -8.779818 -0.448354 4.838086
v -8.792656 -0.448722 4.737442
v -9.094587 -0.758632 4.142179
v -9.206860 -0.309874 4.987976
v -9.118098 -0.448354 5.004112
v -8.828401 -0.613747 4.312976
v -9.037080 -0.703010 4.288330
v -8.106319 -0.426535 5.549392
v -9.030587 -0.316072 4.988315
v -8.697460 -0.612054 5.003391
v -9.037080 -0.759545 4.032938
v -9.022697 -0.770955 4.090445
v -9.037080 -0.760075 4.130033
v -8.796308 -0.310845 4.988315
v -8.877885 -0.549365 4.517443
v -8.828241 -0.685947 4.284753
v -8.784381 -0.512265 5.003538
v -8.782379 -0.534628 4.579293
v -8.781128 -0.563381 4.780565
v -8.766817 -0.580018 4.636799
v -8.757970 -0.542652 4.947946
v -8.777241 -0.491948 4.993659
v -8.782320 -0.336448 4.970766
v -8.740670 -0.613247 4.770200
v -8.698035 -0.527326 5.003508
v -8.720767 -0.597449 4.840427
v -8.080967 -0.654647 5.356158
v -10.460457 0.687463 5.012681
v -10.704867 -0.652571 5.283782
v -10.417542 -0.626232 5.067331
v -9.382133 -0.698947 4.283516
v -9.007974 0.256121 5.745497
v -9.281490 0.141123 5.745703
v -9.173071 -0.771706 4.097055
v -8.490726 -0.654146 5.298166
v -11.049934 0.572435 5.473880
v -11.422534 -0.289439 5.586022
v -11.409371 -0.351671 5.577998
v -11.423152 0.286008 5.587244
v -11.431190 0.249599 5.680261
v -11.431014 0.220492 5.708057
v -11.430704 -0.221597 5.707130
v -11.430897 -0.153770 5.692554
v -11.417808 -0.150767 5.723692
v -11.413421 -0.306782 5.657603
v -11.415423 -0.251175 5.721028
v -11.414084 0.094408 5.657603
v -11.725671 0.747928 5.053742
v -11.035551 0.745735 5.039373
v -11.431353 0.146703 5.708690
v -11.422695 -0.132776 5.585904
v -11.366235 -0.272935 5.738960
v -11.380618 -0.334180 5.643219
v -11.408725 -0.318398 5.586213
v -11.387935 -0.139180 5.736707
v -11.402570 0.306781 5.651905
v -11.394988 0.317146 5.576423
v -11.385022 0.290660 5.706364
v -11.356930 -0.339863 5.590571
v -11.193701 0.399916 5.558344
v -11.251207 0.320105 5.677052
v -11.402275 0.133776 5.736737
v -11.331534 -0.340717 5.665229
v -11.399876 -0.111973 5.589717
v -11.251207 -0.098310 5.576379
v -11.385712 -0.096691 5.671972
v -11.388038 0.076329 5.679495
v -11.380618 0.088195 5.711782
v -10.431691 0.294694 5.710251
v -11.337481 -0.160808 5.746056
v -11.194142 0.337007 5.600126
v -11.254622 -0.159453 4.681276
v -11.164947 -0.491491 5.524761
v -10.941886 -0.743247 5.391728
v -10.934907 -0.766288 4.162335
v -11.265591 0.425828 4.852455
v -11.256110 0.425136 4.780565
v -11.618020 -0.671136 4.945914
v -11.257714 -0.442465 4.723058
v -11.247600 -0.432748 4.664301
v -11.217906 -0.426609 4.571976
v -11.259613 -0.154418 4.788942
v -11.272674 0.133879 4.737443
v -11.258951 0.134645 4.686355
v -11.243596 0.421868 4.651168
v -11.222041 -0.131377 4.622238
v -11.264207 -0.148411 4.681276
v -11.226841 0.408735 4.608046
v -11.210793 -0.107144 4.602996
v -11.381855 -0.106260 5.702109
v -11.223278 -0.132113 4.851380
v -11.251207 -0.128521 4.834862
v -11.251207 0.107482 4.833728
v -11.217477 -0.405232 4.612242
v -11.380618 0.080687 5.585713
v -11.187710 0.091258 5.563231
v -11.191565 -0.103301 4.876041
v -11.222454 -0.091553 4.871374
v -11.174163 0.336035 5.555296
v -11.223543 0.411076 4.867811
v -11.231317 -0.435133 4.851086
v -11.200341 0.102771 4.873671
v -11.247025 0.141300 4.795597
v -11.136194 -0.405232 4.922579
v -11.208084 0.054849 4.594251
v -11.164947 0.227383 4.589186
v -11.222454 0.418481 4.895592
v -11.149532 0.401168 4.919634
v -11.179331 0.419571 4.933562
v -11.021168 -0.373151 5.614466
v -11.239944 0.102462 4.632117
v -11.121811 -0.290204 4.575126
v -11.136194 -0.074548 4.897226
v -11.173561 -0.368234 5.548965
v -11.206892 -0.367571 5.571432
v -11.143482 -0.383472 5.535347
v -11.093058 0.238940 4.587287
v -11.087139 -0.429244 4.930809
v -11.078408 0.486441 5.496361
v -11.035551 0.451092 5.536083
v -11.107441 -0.392835 5.558785
v -11.031591 0.376684 5.563437
v -10.997714 0.126739 4.875128
v -11.047080 0.371163 4.901128
v -11.049934 0.367556 4.570989
v -11.150519 -0.201339 4.590526
v -11.007357 -0.273936 4.593838
v -11.048565 -0.505904 5.472069
v -10.995771 -0.203945 4.877807
v -11.086020 0.407057 4.931560
v -10.941148 0.667690 4.111469
v -10.934907 -0.549778 5.457037
v -11.093058 -0.474825 5.509995
v -10.981829 -0.555196 5.433982
v -10.983785 -0.660271 5.435528
v -11.032356 0.506375 5.462235
v -10.963661 -0.290204 4.564423
v -10.998008 0.586819 5.450206
v -10.676114 -0.765007 5.111248
v -10.919375 -0.736946 4.136202
v -10.943388 0.564677 5.405244
v -11.007180 0.269180 4.608502
v -11.078688 0.275555 4.570960
v -10.964191 0.269386 4.569679
v -10.963661 0.279677 4.610328
v -10.941709 0.695251 5.406201
v -10.949351 0.741657 4.536627
v -10.898278 0.635507 4.686900
v -11.007460 -0.246920 4.597828
v -10.935747 0.443451 4.639920
v -10.992414 -0.117670 4.878853
v -10.973054 -0.189561 4.843121
v -10.969417 -0.270711 4.789354
v -10.963058 -0.433764 4.850777
v -10.970889 -0.311787 4.758923
v -10.950484 -0.274436 4.568427
v -10.934907 0.290675 4.651198
v -10.897645 0.696944 5.378360
v -10.901591 -0.672844 4.674342
v -10.959230 -0.372665 4.799984
v -10.968578 0.194463 4.832447
v -10.958080 0.258727 4.785777
v -10.904813 -0.648522 4.683690
v -10.981725 0.356779 4.864557
v -10.956358 0.392526 4.845403
v -10.855008 0.149765 4.600567
v -10.892432 -0.505875 4.819668
v -10.931520 -0.367542 4.804754
v -10.906551 0.269872 4.748411
v -10.244787 0.361917 5.602349
v -10.971021 0.350066 4.801795
v -10.930417 0.326848 4.753196
v -10.841066 0.177561 4.614906
v -11.021168 0.241766 4.607913
v -10.949306 0.226529 4.634561
v -10.882730 0.264424 4.700062
v -10.892242 0.112105 4.861289
v -10.869290 -0.183760 4.831579
v -10.945964 -0.595403 5.402328
v -10.915503 -0.692778 5.389976
v -10.959200 0.262157 4.587758
v -10.828994 -0.744130 4.645073
v -10.957154 -0.298184 4.660708
v -10.927930 -0.282931 4.708690
v -10.935893 -0.314393 4.678994
v -10.963175 -0.276777 4.649961
v -10.899279 0.436060 4.787470
v -10.812179 -0.729555 4.212274
v -10.888399 0.500560 4.814692
v -10.891593 0.604634 5.369939
v -10.891770 0.468553 4.683897
v -10.828699 0.623243 5.364212
v -10.909996 -0.340320 4.716595
v -10.877401 -0.353158 4.763899
v -10.869921 0.120585 4.845653
v -10.913752 0.306678 4.672442
v -10.928017 0.321254 4.712959
v -10.884394 -0.743277 5.348650
v -10.845983 0.437061 4.772276
v -10.870761 -0.671533 4.816355
v -10.878682 -0.102403 4.855576
v -10.521335 0.752846 4.991171
v -10.871776 -0.641426 5.347590
v -10.935040 0.741465 5.370307
v -10.699390 0.705498 4.300271
v -10.863017 -0.664025 4.690095
v -10.826755 0.306502 4.672663
v -11.017604 -0.409266 4.602083
v -10.848648 -0.474413 4.685207
v -11.064305 0.743526 4.478649
v -10.805511 0.746692 4.622415
v -10.799092 -0.333341 4.572241
v -10.810192 -0.297786 4.628701
v -10.868523 -0.267723 4.571387
v -10.819895 0.735237 4.640583
v -10.899235 0.620225 4.816355
v -10.872660 0.652703 4.815826
v -10.830273 -0.653057 5.317114
v -10.686331 -0.678394 5.201734
v -10.925131 0.297992 4.692921
v -10.825990 0.236481 4.732290
v -10.770868 0.361976 4.572888
v -10.837738 0.247700 4.617350
v -10.908789 0.250998 4.613287
v -10.848648 0.245197 4.597254
v -10.834264 0.615572 4.694953
v -10.834264 0.451328 4.686223
v -10.852991 -0.227604 4.789884
v -10.911470 -0.758411 4.153972
v -10.855332 -0.127844 4.831593
v -10.849973 0.726389 5.311343
v -10.809309 -0.759354 4.238392
v -10.891770 -0.203945 4.593780
v -10.805511 0.703628 4.669557
v -10.791128 -0.325465 4.731303
v -10.776758 -0.353894 4.759718
v -10.638910 -0.584214 4.816650
v -10.841448 -0.038286 4.600846
v -10.826623 -0.226397 4.760145
v -10.827565 -0.253898 4.729050
v -10.825990 -0.227736 4.642629
v -10.843774 -0.175191 4.602274
v -10.791128 -0.644812 5.298166
v -10.906154 -0.370236 4.571608
v -10.776758 -0.457983 4.671073
v -10.768970 0.422162 4.657396
v -10.906154 0.345664 4.762824
v -10.819895 0.371163 4.766652
v -10.826903 0.220610 4.672236
v -10.748666 0.740906 4.292247
v -10.798799 0.292515 4.572226
v -10.811693 -0.268312 4.600390
v -10.799579 -0.284197 4.587596
v -10.784398 0.291970 4.672972
v -10.798958 0.263453 4.628937
v -10.799048 0.320517 4.730538
v -10.819895 0.658150 4.814059
v -10.782160 0.737696 4.874141
v -11.388053 0.249245 5.736825
v -10.753172 -0.744616 5.220946
v -10.762374 0.459661 4.688637
v -10.761298 -0.520980 4.767050
v -10.518111 -0.644297 4.809745
v -10.779821 0.274833 4.622415
v -10.798119 0.263203 4.600641
v -10.696035 -0.541327 4.700533
v -10.724154 0.319561 4.718583
v -10.743101 -0.626600 5.250303
v -10.754099 0.432571 4.760263
v -10.666646 -0.758897 4.354509
v -10.647361 0.747928 4.392375
v -10.740157 -0.447220 4.680996
v -10.830303 -0.515813 4.800485
v -10.709622 -0.541371 4.802987
v -10.783250 -0.370089 4.585947
v -10.819895 -0.763049 4.895592
v -10.757221 0.385532 4.690389
v -10.753937 0.305324 4.670101
v -10.546718 -0.756291 4.642747
v -10.711095 -0.414036 4.732628
v -10.777715 -0.390524 4.772114
v -10.769646 0.493405 4.802119
v -10.784002 -0.451210 4.766078
v -10.738715 0.457423 4.698487
v -10.750771 -0.434500 4.738370
v -10.734048 -0.520745 4.697736
v -10.710933 0.683340 5.220034
v -10.747769 0.471792 4.766240
v -10.736034 0.414286 4.734822
v -10.739878 -0.311243 4.627141
v -10.741349 -0.426403 4.700371
v -10.743175 0.607284 5.246195
v -10.728114 0.400991 4.722337
v -10.845541 0.739183 4.900186
v -10.558068 0.738167 4.873611
v -10.733400 0.495804 4.781669
v -10.654825 0.608285 4.327964
v -10.721018 -0.427448 4.680113
v -10.718397 0.499559 4.696852
v -10.546702 -0.706441 5.065049
v -10.728012 -0.326731 4.698310
v -10.711331 -0.339407 4.670087
v -10.711772 -0.354556 4.744980
v -10.650659 0.535364 4.803385
v -10.548028 -0.770484 4.995750
v -10.614750 -0.557051 4.794949
v -10.588588 0.241796 5.744290
v -10.685080 0.562763 5.206283
v -10.611394 -0.556182 4.701475
v -10.663143 0.554915 5.196080
v -10.640162 0.536483 4.701475
v -10.632977 -0.590545 5.168770
v -10.610465 -0.589161 5.137690
v -10.657651 0.560701 5.172553
v -10.698860 -0.613114 5.218208
v -10.575470 0.577691 5.100339
v -10.575706 -0.605355 5.237186
v -10.518082 0.703260 5.043525
v -10.580329 -0.582491 4.804945
v -10.843436 -0.612113 4.185125
v -10.771104 -0.627248 4.242617
v -10.547719 0.602322 4.809892
v -10.583863 -0.597656 5.102606
v -10.431691 -0.609036 5.236567
v -10.446074 -0.770248 4.860876
v -10.561086 -0.760075 4.870490
v -10.583597 -0.599128 5.218738
v -10.531759 -0.588174 5.226511
v -10.604695 -0.612996 5.197626
v -9.785413 0.633387 5.283797
v -10.503581 -0.640469 4.698324
v -10.485089 -0.612201 5.159112
v -10.586381 0.619194 4.387457
v -10.500740 0.619724 4.444773
v -10.516919 -0.620431 5.036840
v -10.417320 0.753376 4.634664
v -10.546246 -0.634418 4.696440
v -10.604223 0.579016 5.206724
v -10.402937 0.577956 5.221094
v -10.446780 -0.784043 4.882298
v -10.431940 -0.761091 4.549818
v -10.199485 0.375580 5.561376
v -11.078350 -0.650009 4.933709
v -11.141759 -0.342837 3.938846
v -11.370475 -0.311081 5.707144
v -11.154361 0.381911 4.573080
v -11.007107 -0.760693 4.493813
v -11.093012 -0.389581 4.915055
v -10.834264 -0.766479 4.593662
v -10.890092 0.040479 4.870490
v -10.897866 -0.500825 4.686914
v -10.835206 0.628631 5.327553
v -11.970095 0.318235 4.991422
v -12.076848 0.407013 5.161644
v -11.756854 0.034296 4.888791
v -11.222454 0.066376 4.875864
v -11.596274 -0.053141 4.888467
v -12.597056 0.449384 4.367626
v -12.789612 -0.448177 4.766195
v -11.719929 -0.455701 4.759938
v -11.943359 0.369897 4.506622
v -12.013217 0.430642 4.498480
v -12.099492 -0.581858 5.178472
v -11.961807 0.436090 5.017554
v -12.554684 0.534701 5.162277
v -12.059256 -0.440742 4.340831
v -12.307110 -0.430363 5.161526
v -12.060860 -0.426535 5.161776
v -12.185398 -0.671975 5.369026
v -12.142319 -0.679042 5.382895
v -12.149917 -0.685638 5.362960
v -12.143527 -0.664864 5.254116
v -12.049641 -0.657326 4.313683
v -12.165097 -0.657120 4.126117
v -12.051364 -0.758868 4.187893
v -12.099492 -0.343588 3.952435
v -12.013217 -0.756335 4.141841
v -12.041970 -0.333341 3.935430
v -12.635378 -0.469481 4.484700
v -12.025085 0.322505 5.579014
v -12.049715 -0.757822 5.363623
v -12.051350 0.739110 4.188556
v -12.073271 -0.649641 5.179694
v -12.047492 0.434853 4.340816
v -12.013217 -0.342970 5.579367
v -12.049759 -0.757778 4.154723
v -11.878315 -0.658430 5.045439
v -12.444339 -0.389567 4.512982
v -12.034138 0.635580 4.327124
v -11.994078 -0.758603 5.245768
v -12.027603 0.746176 5.355673
v -12.022876 0.738830 5.273109
v -13.074686 0.132157 4.694306
v -11.851770 0.119775 4.672207
v -12.013217 -0.768143 5.370056
v -12.077083 0.635875 5.191030
v -12.703338 0.451931 4.472805
v -11.920364 0.449855 4.469816
v -11.970095 -0.433985 5.006174
v -11.991620 -0.441214 5.132846
v -12.034565 -0.455288 4.341935
v -12.013217 -0.769291 4.176719
v -11.941328 -0.383000 4.516001
v -11.962130 -0.399725 4.500615
v -11.675306 0.407101 4.888393
v -11.150563 0.326171 3.937757
v -11.995535 -0.759059 4.244472
v -11.894643 0.739654 4.330790
v -11.987483 0.420086 5.120656
v -11.942166 0.414286 5.015066
v -11.682048 -0.454788 4.695527
v -11.926959 0.748223 4.277362
v -11.941328 -0.766788 5.226276
v -11.963087 0.637332 5.103931
v -11.790965 0.637951 4.515058
v -11.970095 0.736106 5.390256
v -11.926531 0.446940 4.420230
v -11.179331 -0.002658 4.896181
v -11.811842 -0.664069 4.492974
v -11.913326 -0.481480 5.053183
v -11.955343 -0.333076 5.010413
v -11.950632 -0.233360 5.096806
v -11.951839 -0.132643 5.139325
v -11.948850 0.065523 5.161894
v -11.948630 0.249422 5.133170
v -11.936249 -0.045795 5.177117
v -11.941328 0.026096 5.151986
v -11.949425 0.069233 4.326903
v -11.948968 0.121616 4.342951
v -11.949277 -0.279736 5.058939
v -11.920555 -0.355675 5.118963
v -11.948895 -0.240707 5.147525
v -11.934790 0.408176 5.090151
v -11.942461 0.312759 5.009854
v -11.922276 0.121836 4.327169
v -11.936587 0.198629 4.354582
v -11.715541 -0.757513 4.140737
v -11.949132 -0.083529 4.327169
v -11.936278 0.252499 5.148217
v -11.935128 0.279206 4.398426
v -11.933893 -0.196996 4.370586
v -11.934835 -0.380321 4.484877
v -11.942432 -0.433985 5.014933
v -11.898204 -0.450857 5.030363
v -11.935864 0.332472 4.473614
v -11.933541 -0.223570 4.357777
v -11.933731 -0.167595 4.342627
v -11.912575 -0.273052 4.368686
v -11.919213 -0.283505 4.413737
v -11.919053 0.407646 5.075855
v -11.797561 -0.031411 4.320617
v -11.935453 0.337493 5.119214
v -11.790288 0.263394 5.147216
v -11.934644 0.190635 4.371086
v -11.766084 0.117964 4.343113
v -11.927386 0.256945 4.408953
v -11.913031 -0.332252 4.449248
v -11.920215 -0.356029 4.427282
v -11.898204 -0.380439 4.445612
v -11.941328 0.040480 4.332115
v -11.761492 -0.095616 4.341995
v -11.907244 0.352804 4.426826
v -11.884925 -0.492389 5.040875
v -11.855068 -0.139416 5.175983
v -11.918331 -0.471012 4.472407
v -11.790760 -0.139062 4.327713
v -11.797561 0.026096 5.188321
v -11.775463 0.263512 4.370688
v -11.784547 -0.160778 4.357659
v -11.883821 -0.445115 4.457316
v -11.840698 -0.405232 4.462793
v -11.725671 -0.754687 5.035883
v -11.452493 -0.132054 5.579367
v -11.933804 0.431938 5.075914
v -11.912927 0.427551 5.047677
v -11.803833 0.436443 5.004024
v -11.829672 0.457423 5.005467
v -11.720120 0.738153 5.031747
v -11.746739 0.231917 4.386339
v -11.696918 -0.764418 4.464265
v -11.951574 0.184216 5.110601
v -11.775317 0.079597 5.176484
v -11.755469 0.183009 5.109968
v -11.735462 -0.448354 4.944633
v -11.807219 -0.467817 5.001712
v -11.754836 -0.247995 4.394156
v -11.725421 -0.390112 4.951847
v -11.768808 0.095939 5.136895
v -11.783295 0.069571 4.343216
v -11.797561 -0.017042 4.333499
v -11.776582 0.089314 4.328302
v -11.696918 0.729363 4.491590
v -11.898824 0.414757 4.445921
v -11.747357 0.464298 4.543414
v -11.761873 -0.135867 5.161187
v -11.725598 0.384973 4.535508
v -11.724228 -0.410311 4.549096
v -11.734240 -0.635272 4.558505
v -11.740056 -0.649641 4.940334
v -11.767852 0.343058 5.097100
v -11.759298 0.169876 5.150808
v -11.763243 0.084839 5.152958
v -11.711950 -0.403907 4.938508
v -11.775420 -0.427227 5.032895
v -11.788639 -0.355778 5.119051
v -11.730706 -0.333783 5.010723
v -11.776891 -0.267163 5.146951
v -11.746121 -0.222907 5.088399
v -11.761462 0.220566 4.356319
v -11.747932 0.261068 4.386501
v -11.718059 0.320061 5.005349
v -11.743736 0.299391 4.435218
v -11.732150 0.353511 4.483390
v -11.761403 -0.169302 4.341921
v -11.759387 -0.228060 4.355480
v -11.746812 -0.194949 4.355819
v -11.774006 -0.355940 4.427415
v -11.697479 -0.423458 4.564673
v -11.746076 -0.262481 4.391491
v -11.748226 -0.353364 4.444375
v -11.742852 -0.362728 4.492238
v -11.747299 0.349536 4.457125
v -11.716131 0.399916 4.540779
v -11.731384 -0.405232 4.526748
v -11.696918 -0.649641 4.565277
v -11.682535 0.386695 4.924345
v -11.078217 -0.650598 4.569811
v -11.747535 0.637435 4.945767
v -11.736153 0.457423 4.944295
v -11.079131 0.645327 4.941689
v -11.695519 0.384678 4.939053
v -11.267991 0.391775 4.932458
v -11.279974 0.406836 4.573080
v -12.430175 0.040480 4.592617
v -11.265591 -0.453374 4.823702
v -10.930226 0.736931 4.141546
v -12.027603 0.746706 4.162335
v -10.920538 0.749430 4.176719
v -11.150563 -0.424930 4.932797
v -11.049934 -0.763152 5.039373
v -11.093058 0.644326 4.561847
v -11.783178 -0.414139 4.892133
v -12.034242 0.406909 5.147481
v -12.128245 0.299273 5.568723
v -11.962838 -0.455465 5.089709
v -12.064851 -0.546141 5.161349
v -11.763390 -0.070956 5.150440
v -11.682535 0.404598 4.567986
v -11.711287 0.629956 4.565615
v -11.279563 -0.455009 4.694659
v -11.682535 -0.755231 4.483257
v -14.000000 0.457423 5.269413
v -13.998630 -0.261451 5.441932
v -13.991960 0.256136 5.244944
v -13.994197 -0.218535 5.253866
v -13.997350 0.227383 4.076075
v -13.990533 0.362536 4.342598
v -13.993698 0.155492 4.260726
v -13.995553 0.457423 4.262978
v -13.999748 -0.128300 4.234269
v -13.990194 0.493464 4.313506
v -13.999366 -0.247082 4.090445
v -13.996863 -0.477122 4.320485
v -13.990812 0.342410 5.203854
v -13.994212 -0.175191 4.063340
v -13.987558 -0.390848 4.338991
v -13.987176 -0.175191 4.266600
v -13.990311 -0.513428 4.298165
v -13.989944 -0.512559 5.219916
v -13.863403 -0.516623 5.086971
v -13.934572 -0.458248 5.407849
v -13.867922 0.169876 5.167121
v -13.933424 -0.600217 5.292601
v -13.840214 -0.521643 4.465237
v -13.932834 0.306722 5.506858
v -13.990768 0.494774 5.217516
v -13.933482 -0.298684 4.010516
v -13.929183 -0.146438 4.311386
v -13.884191 -0.189561 5.178545
v -13.896676 0.227383 4.350563
v -13.902448 0.164871 4.327213
v -13.934896 -0.602411 4.248609
v -13.931142 -0.382559 4.069745
v -13.918406 0.594107 4.270355
v -13.947690 0.494185 4.371498
v -13.824831 -0.616177 5.183139
v -13.936000 -0.373873 5.466710
v -13.947454 -0.284315 5.521596
v -13.931274 0.241766 5.535111
v -13.924252 -0.288864 5.532005
v -13.856380 0.385532 4.454342
v -13.947557 0.264954 5.521699
v -13.907644 -0.614896 5.293499
v -13.854156 0.501605 5.081818
v -13.877551 -0.294533 5.145655
v -13.920659 -0.601042 5.307176
v -13.830453 -0.117670 4.341332
v -13.921498 0.582491 5.307986
v -13.919467 0.594828 5.274963
v -13.824786 0.600438 5.298166
v -13.788509 0.160277 5.132920
v -13.843689 0.371163 5.063341
v -13.896057 -0.347445 4.409836
v -13.814892 -0.256313 4.383851
v -13.580376 0.605222 4.996236
v -13.652252 0.596360 4.518076
v -12.674394 0.270534 5.537614
v -13.856630 0.097986 4.464265
v -13.846664 0.178268 4.442049
v -13.846752 0.335888 4.875614
v -13.855364 0.169876 4.967483
v -13.856174 -0.261451 4.608046
v -13.847178 -0.356780 4.596091
v -13.850373 0.240574 4.652022
v -13.846207 -0.239190 4.457464
v -13.848224 0.097986 4.504031
v -13.845397 0.231564 5.015625
v -13.846222 0.320341 4.558254
v -13.848150 0.127784 4.968042
v -13.788185 -0.382632 4.498510
v -13.845839 -0.269519 4.697662
v -13.853215 0.040479 5.039373
v -13.846972 -0.060164 5.091329
v -13.846620 -0.384031 4.803694
v -13.855614 -0.117670 4.478649
v -13.846192 -0.168419 4.543001
v -13.933320 0.580606 4.240335
v -13.637882 0.604221 4.507402
v -13.844764 0.026096 5.006011
v -13.847797 -0.314570 4.950154
v -13.849990 -0.130994 4.995014
v -13.842997 -0.247450 4.865676
v -13.832059 0.020383 5.118521
v -13.803895 -0.109175 5.161423
v -13.854732 0.342410 4.651168
v -13.790526 0.437371 4.679936
v -13.798388 0.112355 5.149513
v -13.794738 -0.228252 4.721998
v -13.803879 0.305662 4.428754
v -13.806838 -0.060164 4.531209
v -13.772933 -0.440036 4.914290
v -13.807722 -0.031411 4.972002
v -13.806294 0.160189 4.885434
v -13.793897 0.011726 4.531165
v -13.774538 -0.469981 4.686193
v -13.798388 -0.375904 4.478384
v -13.796032 -0.209598 4.841737
v -13.774685 0.436016 4.817121
v -13.812449 -0.188898 4.362842
v -13.787772 0.270520 5.077033
v -13.787730 -0.214147 5.134010
v -13.847164 -0.017042 4.398382
v -13.802731 -0.232698 4.384322
v -13.788804 -0.455509 4.816267
v -13.788406 0.360136 4.485172
v -13.814200 0.040126 4.364888
v -13.813199 0.126739 4.353095
v -13.803129 0.220463 4.385058
v -13.788495 -0.152533 5.147672
v -13.803040 -0.280590 4.413620
v -13.707534 -0.490122 4.939097
v -13.645494 -0.613924 4.529265
v -13.771165 -0.447161 4.535125
v -13.696831 -0.517447 4.595090
v -13.788303 -0.255061 5.118831
v -13.307199 0.134498 4.917676
v -13.796032 0.190517 4.828855
v -13.739321 -0.477122 4.579293
v -13.705651 -0.544463 4.958502
v -13.804645 0.088917 4.944972
v -13.716722 0.435633 4.916469
v -13.774257 -0.397002 5.003730
v -13.716530 -0.469746 4.931618
v -13.797666 0.154712 4.608959
v -13.796032 0.199145 4.694306
v -13.681020 -0.624878 5.053742
v -13.796813 -0.186204 4.622106
v -13.717738 0.508804 4.959650
v -13.794899 -0.227972 4.781492
v -13.379089 0.195258 4.848141
v -13.743356 0.447779 4.579293
v -13.731901 0.494229 4.572520
v -13.918318 -0.613747 4.270251
v -13.643978 0.521569 4.918103
v -13.623499 -0.552325 4.922520
v -13.609129 0.596050 4.531415
v -13.684171 0.505286 4.584740
v -13.609129 0.535644 4.584240
v -13.609129 -0.555902 4.585903
v -13.206556 -0.166814 4.901540
v -13.803349 -0.153476 4.917043
v -13.436596 -0.197261 4.860332
v -13.580376 -0.597523 4.947416
v -13.646230 -0.614322 4.988065
v -12.717722 0.596345 5.309532
v -13.437317 -0.227221 4.722072
v -13.197618 0.106422 4.932178
v -12.731841 0.597964 4.219399
v -13.515774 -0.541769 4.729801
v -13.508486 0.530034 4.881209
v -13.445252 0.536159 4.557518
v -13.436596 0.591501 4.963301
v -13.795561 0.084206 4.553940
v -13.192172 -0.002658 4.540057
v -13.799771 -0.112915 4.556267
v -13.192172 -0.156567 4.598123
v -13.537239 0.529063 4.723059
v -13.195896 -0.054879 4.542898
v -13.407843 0.525220 4.911773
v -13.458430 0.449885 4.715005
v -13.933646 0.264837 3.996426
v -12.675542 0.271594 3.992333
v -13.472327 -0.556182 4.572078
v -13.511416 -0.543771 4.823702
v -13.467203 -0.533642 4.868149
v -13.471090 0.508878 4.660458
v -13.411302 -0.542269 4.601892
v -13.407843 -0.550911 4.923565
v -13.472533 -0.498690 4.830887
v -13.456811 -0.470997 4.737442
v -13.488759 -0.541312 4.655880
v -13.264062 0.572435 4.548052
v -13.444575 0.449634 4.817563
v -13.429190 -0.470011 4.845035
v -13.429484 -0.455509 4.788206
v -13.432754 0.434249 4.694306
v -13.397242 0.480832 4.630734
v -13.407843 -0.522821 4.625683
v -13.401099 -0.455347 4.672325
v -13.388026 0.434441 4.643027
v -13.484517 -0.210894 4.673694
v -13.271820 0.205608 4.672869
v -13.436596 0.212380 4.751811
v -13.404353 -0.469069 4.860700
v -13.406503 0.296343 4.723059
v -13.413158 0.226072 4.750707
v -13.321568 -0.243534 4.820051
v -13.414011 -0.238572 4.723059
v -13.379089 -0.442936 4.737442
v -13.321568 -0.442435 4.823702
v -13.408416 -0.237954 4.767580
v -13.354428 -0.455848 4.644484
v -13.401012 -0.326863 4.700548
v -13.387024 -0.328748 4.773955
v -13.180599 0.120732 4.585565
v -13.436596 0.518227 4.608046
v -13.386951 -0.341174 4.686370
v -13.371816 0.291529 4.672766
v -13.400540 -0.225425 4.672884
v -13.344064 -0.355278 4.672560
v -13.386288 0.292088 4.816532
v -13.344050 0.265058 4.845565
v -13.278445 0.492124 4.614465
v -13.401454 0.293487 4.700224
v -13.294552 -0.370545 4.675667
v -13.307199 -0.452903 4.862025
v -13.335952 0.304764 4.679936
v -13.322363 -0.343397 4.726092
v -13.321568 0.284889 4.836172
v -13.373215 0.449737 4.874480
v -13.206158 -0.102786 4.943205
v -12.904625 -0.627189 4.509405
v -13.175270 0.451710 4.872478
v -13.307199 0.434897 4.629276
v -13.255596 0.279559 4.672369
v -13.292815 0.217724 4.828310
v -12.904625 -0.616854 4.533123
v -13.256657 -0.309991 4.787926
v -13.245011 -0.441493 4.723058
v -13.292815 -0.318619 4.780565
v -13.270510 0.291352 4.817209
v -13.303473 0.435722 4.874171
v -13.192172 -0.521083 4.608649
v -13.235309 -0.457821 4.646810
v -13.240800 0.293178 4.685854
v -13.292358 0.270505 4.821346
v -13.282097 0.270961 4.794831
v -13.265108 0.286229 4.781389
v -13.320389 -0.274569 4.800175
v -13.198370 -0.255253 4.760100
v -13.219732 0.027318 4.962286
v -12.807971 -0.629250 5.072351
v -13.215817 0.233139 4.766196
v -13.241831 -0.312818 4.672266
v -12.994905 -0.570301 4.557577
v -12.875873 0.519302 4.585020
v -13.256817 -0.326304 4.773424
v -13.177419 0.127048 4.910241
v -13.240491 0.278779 4.775117
v -13.169542 0.177576 4.657234
v -13.185414 0.435942 4.844505
v -13.110888 -0.483408 4.860759
v -12.990885 0.592649 4.962035
v -13.272528 -0.225160 4.658588
v -13.174578 -0.222775 4.737443
v -13.227874 0.278043 4.747130
v -13.225019 0.420705 4.642968
v -12.947762 0.603677 4.521772
v -13.168880 -0.183304 4.642497
v -13.174107 -0.223393 4.780565
v -13.159105 0.175559 4.842723
v -13.149050 0.520538 4.904647
v -13.228153 -0.282975 4.758952
v -13.159267 0.131951 4.602613
v -13.149050 0.440874 4.766196
v -13.142189 -0.484424 4.658574
v -13.077158 -0.045795 4.892883
v -13.088775 -0.002658 4.900937
v -13.123181 0.462752 4.683705
v -13.083284 0.019691 4.586330
v -13.234028 0.213720 4.692877
v -13.077158 -0.107365 4.856710
v -12.732091 -0.616795 5.309414
v -13.105986 -0.088755 4.597343
v -13.088833 0.054849 4.885905
v -13.185958 0.465211 4.644322
v -12.916050 -0.613011 4.975786
v -13.090469 -0.136294 4.650388
v -13.025247 -0.512338 4.723058
v -13.062671 0.515135 4.866898
v -13.022817 -0.511308 4.809333
v -13.034022 -0.545611 4.622415
v -13.054663 0.478505 4.817401
v -12.990561 -0.544080 4.838896
v -13.077762 0.130788 4.795228
v -12.860428 0.512220 4.894724
v -13.062775 0.519567 4.625330
v -12.971878 0.522526 4.708690
v -13.034022 -0.554062 4.894326
v -12.970891 -0.556005 4.917632
v -12.976515 -0.536439 4.766195
v -12.976515 0.527178 4.838086
v -12.588326 0.080245 4.612006
v -12.875873 -0.537308 4.665552
v -12.794043 0.105347 4.832123
v -12.847119 -0.611642 4.228969
v -12.896647 0.594343 4.529413
v -13.064012 -0.149191 4.793624
v -13.062775 -0.156832 4.751811
v -12.497753 0.105038 4.644057
v -12.875873 -0.550558 4.580456
v -12.833722 0.609463 4.449572
v -12.872206 -0.541150 4.917809
v -11.222454 -0.074548 4.592263
v -12.822988 -0.532170 4.929557
v -12.853627 -0.528268 4.593662
v -12.852654 0.524440 4.573227
v -12.810652 -0.542578 4.543811
v -12.810975 0.424694 4.544091
v -12.838654 -0.516137 4.909961
v -12.789612 0.431820 4.780565
v -12.811461 -0.455097 4.814368
v -12.783605 -0.397090 4.526586
v -12.709492 -0.542799 5.031334
v -12.789126 -0.390848 4.953099
v -12.769133 0.399916 4.975477
v -12.769899 -0.397090 4.514057
v -12.772372 -0.362094 4.978392
v -12.782531 0.378245 4.514484
v -11.257641 0.436487 4.683190
v -12.768618 0.334725 4.987697
v -12.789819 0.383707 4.923418
v -12.714336 0.320385 4.988330
v -12.732091 -0.433985 4.996310
v -12.723302 0.514929 4.472686
v -12.673157 -0.274436 3.985678
v -12.746475 -0.477122 4.493975
v -12.738865 0.522688 5.003023
v -12.796958 -0.441007 4.630233
v -12.703338 -0.456908 4.487070
v -12.724671 -0.613541 4.212833
v -12.617079 0.630486 5.255029
v -12.692546 -0.471174 4.458317
v -12.645846 0.443731 5.068141
v -12.592756 0.303690 3.954894
v -12.696360 0.507936 5.377344
v -12.645832 0.414286 4.498687
v -12.688968 0.423458 5.002464
v -12.703338 0.448648 5.020513
v -12.654651 -0.480905 4.412309
v -12.559572 0.625054 4.205472
v -12.594685 -0.455494 4.500188
v -12.732091 0.389478 4.498848
v -12.660215 0.376699 4.510553
v -12.537209 -0.556432 4.299063
v -12.614371 0.610832 4.137439
v -12.580229 0.622698 4.141341
v -12.610011 -0.656899 5.363049
v -12.610748 0.279353 5.564542
v -12.588326 0.526324 5.451487
v -12.590828 -0.323624 5.563128
v -12.581730 -0.642530 4.140560
v -12.631448 -0.650892 5.255029
v -12.573942 -0.641573 4.224479
v -12.624381 0.622860 5.377344
v -12.602694 -0.290204 5.569444
v -12.640429 -0.454641 5.077283
v -12.608849 -0.627366 4.127045
v -12.608746 -0.290204 3.954276
v -12.559572 -0.318957 3.948917
v -12.584571 -0.467037 4.351888
v -12.638618 0.464843 4.399589
v -12.573942 0.644723 5.370042
v -12.576724 -0.626659 4.113102
v -12.583010 0.637686 5.392332
v -12.579256 -0.656310 5.390948
v -12.430175 -0.651864 4.205472
v -12.566948 0.435677 4.327492
v -12.530805 0.527532 4.300550
v -12.511017 0.435780 4.313227
v -12.056355 -0.456216 4.500571
v -12.200135 0.377832 4.544385
v -12.128245 -0.329616 5.565572
v -12.422992 -0.455539 4.313300
v -12.070725 0.543682 5.165045
v -12.483765 -0.440904 4.328155
v -12.176329 0.650951 5.370042
v -12.145545 0.649493 5.389991
v -12.524534 0.406836 5.161732
v -12.555582 -0.453801 4.326006
v -11.947217 -0.482878 4.398823
v -12.789480 -0.409074 4.896432
v -12.581465 -0.440904 5.133258
v -12.750186 -0.343603 4.987932
v -11.984465 -0.339922 4.990244
v -12.545189 -0.448354 5.156432
v -12.157337 0.615602 4.234446
v -12.085108 0.423148 5.002640
v -12.110314 -0.548997 4.300123
v -12.142614 -0.441611 4.314139
v -11.986025 0.455818 4.378300
v -12.150049 0.637215 4.198538
v -12.105381 0.520435 4.298474
v -12.147046 -0.654602 4.223183
v -12.171368 0.639349 5.272196
v -12.170338 0.630781 4.121568
v -12.128245 0.436840 4.313815
v -12.581980 -0.455627 5.017672
v -11.948085 -0.455671 5.017701
v -11.711287 0.434205 4.780565
v -13.996937 -0.491491 5.255029
v -13.993139 0.212999 5.468035
v -13.975796 -0.513119 4.342112
v -13.919952 -0.284462 3.996338
v -13.998820 -0.347725 5.211892
v -13.853804 0.270520 4.766196
v -13.857999 0.256136 4.608046
v -13.855232 -0.261451 4.981852
v -13.844632 -0.264660 5.014610
v -13.619510 0.594946 4.973004
v -13.847886 0.199586 4.897005
v -13.849887 0.183921 4.565129
v -13.778688 0.372444 4.981852
v -13.609129 0.534333 4.920856
v -12.688968 -0.285346 5.536348
v -13.493218 0.513560 4.837409
v -13.609129 -0.626350 4.507402
v -13.609129 -0.611451 4.540984
v -13.264488 -0.335461 4.679465
v -13.149314 -0.186278 4.837703
v -13.824786 -0.623803 5.283782
v -13.106972 0.471350 4.849997
v -13.062775 0.092494 4.627877
v -13.918995 -0.614145 4.240733
v -12.702131 -0.631620 4.321736
v -12.838756 0.494671 4.751811
v -12.886928 0.607181 5.005879
v -12.846147 0.501001 4.894974
v -12.717722 0.619665 5.168770
v -12.784901 0.377037 4.536156
v -12.559572 -0.550897 5.163852
v -12.573942 0.606518 4.113515
v -12.553919 0.406217 5.148526
v -12.064291 0.321254 3.939303
f 14315 14705 14316
f 14316 14317 14315
f 14316 14318 14317
f 14316 14708 14318
f 14319 14320 14321
f 14317 14339 14315
f 14319 14322 14320
f 14316 14704 14708
f 14319 14321 14323
f 14322 14324 14320
f 14325 14319 14323
f 14325 14323 14331
f 14326 14331 14323
f 14317 14327 14339
f 14704 14332 14708
f 14319 14325 14328
f 14705 14315 14355
f 14326 14323 14329
f 14321 14330 14323
f 14323 14330 14329
f 14326 14706 14331
f 14320 14324 14348
f 14326 14329 14706
f 14708 14332 14333
f 14329 14330 14366
f 14316 14334 14704
f 14317 14335 14327
f 14704 14336 14332
f 14325 14707 14328
f 14319 14474 14322
f 14316 14705 14355
f 14706 14329 14337
f 14355 14315 14338
f 14704 14334 14336
f 14322 14474 14390
f 14339 14361 14315
f 14328 14474 14319
f 14316 14351 14334
f 14331 14706 14446
f 14325 14340 14707
f 14322 14390 14324
f 14330 14321 14341
f 14318 14342 14317
f 14321 14343 14344
f 14320 14343 14321
f 14325 14331 14345
f 14325 14345 14346
f 14317 14342 14335
f 14315 14361 14338
f 14325 14346 14340
f 14331 14446 14345
f 14328 14707 14474
f 14351 14316 14352
f 14316 14355 14352
f 14324 14347 14348
f 14332 14349 14333
f 14334 14351 14350
f 14337 14329 14366
f 14351 14352 14353
f 14321 14344 14341
f 14361 14339 14362
f 14446 14706 14337
f 14320 14348 14354
f 14318 14708 14342
f 14355 14338 14352
f 14350 14353 14334
f 14345 14727 14346
f 14351 14353 14350
f 14324 14390 14347
f 14345 14446 14727
f 14336 14359 14356
f 14336 14356 14332
f 14336 14334 14359
f 14339 14327 14357
f 14708 14358 14342
f 14707 14340 14346
f 14330 14341 14366
f 14332 14356 14349
f 14320 14354 14343
f 14334 14353 14359
f 14344 14360 14341
f 14361 14362 14363
f 14327 14335 14364
f 14339 14357 14362
f 14327 14364 14365
f 14366 14367 14423
f 14341 14360 14366
f 14362 14368 14363
f 14348 14347 14369
f 14366 14360 14412
f 14412 14367 14366
f 14352 14338 14370
f 14344 14343 14421
f 14362 14713 14368
f 14371 14398 14710
f 14398 14371 14372
f 14709 14373 14374
f 14337 14366 14383
f 14709 14374 14714
f 14375 14711 14376
f 14710 14377 14715
f 14709 14398 14373
f 14388 14375 14378
f 14371 14415 14372
f 14398 14709 14710
f 14371 14388 14415
f 14371 14379 14388
f 14375 14376 14378
f 14371 14710 14379
f 14374 14373 14380
f 14710 14715 14379
f 14388 14378 14415
f 14711 14395 14394
f 14372 14381 14398
f 14374 14382 14714
f 14366 14409 14383
f 14375 14384 14711
f 14394 14385 14386
f 14394 14386 14711
f 14711 14387 14376
f 14360 14344 14420
f 14356 14359 14724
f 14374 14380 14385
f 14388 14389 14375
f 14347 14390 14391
f 14347 14391 14369
f 14710 14709 14377
f 14385 14392 14374
f 14374 14392 14382
f 14711 14393 14387
f 14711 14712 14393
f 14385 14394 14392
f 14358 14414 14342
f 14711 14386 14712
f 14711 14384 14395
f 14394 14395 14454
f 14385 14380 14386
f 14372 14415 14419
f 14381 14372 14421
f 14327 14365 14357
f 14714 14430 14709
f 14380 14396 14386
f 14342 14414 14397
f 14358 14428 14414
f 14378 14416 14415
f 14398 14399 14373
f 14380 14400 14396
f 14386 14396 14422
f 14386 14422 14712
f 14384 14375 14401
f 14354 14402 14343
f 14440 14401 14375
f 14362 14357 14713
f 14709 14438 14377
f 14393 14712 14435
f 14349 14356 14724
f 14388 14403 14389
f 14343 14402 14421
f 14393 14404 14387
f 14416 14378 14423
f 14372 14419 14421
f 14394 14405 14392
f 14714 14382 14406
f 14388 14407 14403
f 14377 14437 14715
f 14714 14406 14430
f 14378 14376 14383
f 14382 14392 14433
f 14375 14389 14440
f 14376 14387 14408
f 14379 14407 14388
f 14709 14430 14438
f 14389 14403 14468
f 14400 14380 14364
f 14382 14433 14406
f 14373 14716 14380
f 14333 14435 14708
f 14366 14423 14409
f 14395 14410 14454
f 14411 14716 14373
f 14364 14335 14400
f 14419 14415 14412
f 14379 14715 14466
f 14365 14364 14413
f 14440 14389 14468
f 14422 14414 14712
f 14599 14707 14727
f 14420 14344 14421
f 14402 14354 14418
f 14335 14342 14397
f 14708 14435 14358
f 14395 14384 14442
f 14407 14379 14466
f 14384 14401 14442
f 14415 14416 14412
f 14394 14454 14405
f 14377 14438 14437
f 14387 14404 14417
f 14360 14420 14412
f 14395 14442 14410
f 14399 14411 14373
f 14433 14392 14405
f 14398 14381 14418
f 14727 14707 14346
f 14422 14396 14400
f 14387 14417 14408
f 14376 14431 14383
f 14378 14383 14423
f 14393 14435 14404
f 14398 14418 14399
f 14715 14437 14466
f 14381 14421 14418
f 14354 14348 14445
f 14419 14412 14420
f 14420 14421 14419
f 14367 14412 14416
f 14354 14445 14418
f 14335 14397 14400
f 14358 14435 14428
f 14367 14416 14423
f 14365 14413 14716
f 14408 14431 14376
f 14397 14422 14400
f 14380 14413 14364
f 14421 14402 14418
f 14383 14409 14423
f 14380 14716 14413
f 14435 14333 14424
f 14397 14414 14422
f 14337 14425 14446
f 14365 14716 14357
f 14337 14426 14427
f 14337 14383 14426
f 14712 14414 14435
f 14435 14414 14428
f 14333 14349 14457
f 14337 14427 14425
f 14406 14429 14430
f 14404 14435 14436
f 14418 14444 14399
f 14404 14436 14417
f 14383 14431 14426
f 14361 14363 14338
f 14418 14445 14444
f 14333 14432 14424
f 14406 14433 14429
f 14357 14716 14434
f 14426 14431 14427
f 14435 14424 14436
f 14348 14369 14445
f 14333 14457 14432
f 14437 14438 14495
f 14417 14436 14408
f 14349 14724 14439
f 14401 14440 14494
f 14399 14444 14450
f 14357 14434 14441
f 14457 14349 14439
f 14403 14407 14468
f 14399 14450 14411
f 14716 14411 14434
f 14357 14441 14713
f 14431 14408 14427
f 14401 14494 14442
f 14430 14443 14438
f 14444 14445 14450
f 14446 14425 14727
f 14442 14504 14410
f 14411 14447 14434
f 14727 14425 14720
f 14359 14353 14576
f 14434 14447 14441
f 14436 14424 14448
f 14445 14369 14449
f 14441 14447 14713
f 14450 14447 14411
f 14436 14448 14408
f 14450 14445 14451
f 14408 14448 14427
f 14427 14452 14425
f 14453 14454 14455
f 14427 14448 14452
f 14424 14432 14448
f 14450 14451 14447
f 14454 14453 14405
f 14454 14410 14455
f 14447 14717 14713
f 14425 14452 14721
f 14720 14425 14721
f 14445 14449 14451
f 14451 14717 14447
f 14432 14457 14448
f 14369 14391 14449
f 14448 14457 14456
f 14457 14439 14456
f 14363 14458 14338
f 14352 14718 14353
f 14504 14442 14459
f 14433 14405 14460
f 14390 14461 14391
f 14438 14443 14496
f 14717 14451 14470
f 14438 14496 14495
f 14452 14448 14477
f 14452 14477 14462
f 14717 14470 14463
f 14451 14449 14464
f 14713 14465 14368
f 14407 14466 14467
f 14440 14468 14494
f 14452 14462 14484
f 14442 14494 14459
f 14713 14717 14465
f 14451 14464 14509
f 14410 14504 14455
f 14477 14448 14481
f 14494 14468 14469
f 14429 14433 14460
f 14463 14470 14719
f 14468 14407 14471
f 14353 14718 14576
f 14717 14463 14472
f 14470 14473 14719
f 14390 14474 14475
f 14452 14476 14721
f 14451 14509 14470
f 14477 14481 14478
f 14470 14479 14473
f 14476 14452 14480
f 14452 14484 14480
f 14463 14719 14472
f 14481 14448 14456
f 14477 14478 14482
f 14462 14483 14484
f 14477 14482 14462
f 14464 14449 14485
f 14462 14482 14483
f 14479 14489 14473
f 14479 14470 14509
f 14719 14473 14486
f 14482 14478 14487
f 14483 14482 14488
f 14482 14487 14488
f 14473 14489 14486
f 14479 14509 14490
f 14480 14484 14491
f 14484 14483 14492
f 14489 14479 14493
f 14486 14523 14719
f 14459 14494 14501
f 14495 14496 14499
f 14459 14501 14504
f 14496 14443 14499
f 14717 14472 14465
f 14487 14478 14497
f 14479 14490 14493
f 14494 14512 14501
f 14487 14497 14488
f 14430 14429 14443
f 14484 14492 14491
f 14499 14498 14517
f 14499 14517 14495
f 14455 14504 14500
f 14501 14506 14507
f 14719 14523 14472
f 14501 14512 14506
f 14492 14483 14502
f 14483 14488 14502
f 14497 14503 14488
f 14501 14507 14504
f 14491 14492 14505
f 14506 14510 14507
f 14466 14437 14508
f 14724 14359 14576
f 14478 14481 14497
f 14498 14499 14514
f 14499 14443 14514
f 14490 14509 14516
f 14489 14493 14560
f 14492 14502 14505
f 14488 14503 14502
f 14481 14456 14580
f 14506 14512 14510
f 14495 14517 14511
f 14510 14512 14513
f 14491 14505 14480
f 14514 14443 14515
f 14509 14464 14516
f 14469 14512 14494
f 14517 14498 14511
f 14510 14513 14518
f 14510 14518 14507
f 14498 14514 14522
f 14503 14497 14519
f 14511 14498 14520
f 14490 14516 14493
f 14493 14527 14560
f 14518 14521 14507
f 14498 14522 14534
f 14522 14514 14515
f 14486 14535 14523
f 14464 14485 14516
f 14405 14453 14524
f 14720 14525 14727
f 14504 14507 14542
f 14497 14481 14519
f 14498 14534 14520
f 14489 14535 14486
f 14515 14443 14529
f 14500 14453 14455
f 14465 14472 14526
f 14493 14516 14527
f 14508 14437 14495
f 14504 14542 14500
f 14515 14529 14539
f 14515 14539 14522
f 14720 14721 14525
f 14468 14471 14469
f 14511 14528 14495
f 14443 14429 14529
f 14338 14458 14370
f 14476 14530 14721
f 14505 14502 14537
f 14557 14547 14512
f 14512 14547 14513
f 14489 14560 14535
f 14507 14531 14542
f 14500 14542 14566
f 14449 14391 14485
f 14513 14547 14518
f 14502 14532 14537
f 14532 14502 14503
f 14507 14533 14531
f 14522 14539 14534
f 14523 14535 14472
f 14472 14535 14526
f 14539 14529 14540
f 14521 14518 14722
f 14476 14480 14536
f 14480 14505 14537
f 14469 14557 14512
f 14511 14520 14528
f 14520 14534 14538
f 14539 14540 14534
f 14534 14540 14541
f 14533 14550 14531
f 14520 14538 14528
f 14407 14467 14471
f 14466 14508 14467
f 14480 14537 14536
f 14542 14531 14566
f 14500 14566 14543
f 14500 14543 14453
f 14481 14580 14519
f 14460 14405 14544
f 14405 14524 14544
f 14456 14439 14545
f 14540 14546 14541
f 14540 14529 14546
f 14518 14547 14722
f 14534 14541 14538
f 14530 14476 14548
f 14485 14549 14516
f 14541 14546 14552
f 14531 14550 14566
f 14352 14370 14718
f 14429 14551 14529
f 14429 14460 14551
f 14538 14541 14552
f 14538 14552 14559
f 14476 14536 14548
f 14516 14579 14527
f 14495 14574 14553
f 14535 14560 14554
f 14503 14555 14532
f 14368 14465 14556
f 14722 14547 14550
f 14528 14538 14495
f 14495 14538 14574
f 14547 14557 14558
f 14552 14546 14559
f 14543 14723 14453
f 14527 14579 14560
f 14391 14561 14485
f 14503 14519 14555
f 14516 14549 14579
f 14574 14538 14559
f 14566 14550 14558
f 14550 14547 14558
f 14574 14559 14546
f 14721 14530 14525
f 14557 14469 14562
f 14543 14563 14723
f 14529 14551 14564
f 14526 14565 14465
f 14465 14565 14556
f 14566 14558 14543
f 14368 14730 14363
f 14558 14557 14562
f 14495 14567 14508
f 14536 14537 14569
f 14560 14568 14554
f 14535 14554 14526
f 14563 14543 14558
f 14495 14553 14567
f 14537 14532 14569
f 14529 14564 14546
f 14524 14570 14544
f 14579 14572 14560
f 14460 14544 14571
f 14560 14572 14568
f 14526 14554 14725
f 14508 14573 14467
f 14546 14156 14574
f 14574 14156 14553
f 14453 14575 14524
f 14727 14525 14728
f 14724 14576 14545
f 14439 14724 14545
f 14469 14471 14577
f 14551 14460 14571
f 14471 14467 14577
f 14554 14568 14725
f 14555 14519 14592
f 14508 14567 14573
f 14551 14571 14578
f 14546 14588 14156
f 14524 14575 14570
f 14563 14558 14602
f 14579 14549 14590
f 14579 14590 14572
f 14519 14580 14592
f 14469 14577 14581
f 14469 14581 14562
f 14453 14723 14575
f 14544 14570 14571
f 14562 14581 14558
f 14467 14573 14577
f 14558 14581 14602
f 14526 14725 14565
f 14536 14569 14548
f 14569 14532 14582
f 14723 14563 14601
f 14546 14564 14588
f 14563 14602 14601
f 14551 14588 14564
f 14551 14578 14588
f 14565 14725 14583
f 14723 14601 14575
f 14456 14545 14580
f 14573 14567 14726
f 14567 14553 14726
f 14582 14532 14584
f 14556 14565 14589
f 14532 14555 14584
f 14553 14156 14726
f 14548 14569 14585
f 14725 14568 14586
f 14368 14556 14730
f 14725 14586 14583
f 14555 14592 14587
f 14588 14578 14598
f 14363 14730 14458
f 14572 14591 14568
f 14565 14595 14589
f 14572 14590 14591
f 14568 14591 14586
f 14461 14561 14391
f 14555 14587 14584
f 14590 14549 14591
f 14583 14595 14565
f 14569 14582 14585
f 14592 14593 14587
f 14592 14580 14593
f 14586 14595 14583
f 14582 14584 14594
f 14582 14594 14585
f 14586 14591 14595
f 14726 14596 14573
f 14584 14587 14594
f 14485 14561 14549
f 14604 14548 14585
f 14587 14593 14594
f 14707 14629 14474
f 14585 14594 14597
f 14578 14571 14598
f 14591 14549 14595
f 14727 14728 14599
f 14390 14475 14461
f 14549 14561 14600
f 14581 14601 14602
f 14594 14593 14597
f 14604 14585 14597
f 14726 14156 14603
f 14593 14580 14606
f 14548 14604 14530
f 14461 14605 14561
f 14598 14571 14118
f 14593 14606 14597
f 14561 14605 14600
f 14556 14589 14730
f 14577 14607 14581
f 14549 14729 14595
f 14595 14729 14589
f 14606 14580 14608
f 14597 14609 14604
f 14549 14600 14610
f 14597 14613 14609
f 14597 14606 14613
f 14474 14629 14475
f 14530 14604 14611
f 14573 14607 14577
f 14610 14600 14628
f 14613 14606 14608
f 14589 14729 14731
f 14549 14612 14729
f 14549 14610 14612
f 14580 14545 14608
f 14604 14609 14611
f 14600 14605 14628
f 14609 14613 14632
f 14730 14589 14732
f 14729 14612 14614
f 14731 14729 14625
f 14613 14618 14615
f 14731 14625 14619
f 14612 14733 14614
f 14632 14613 14615
f 14732 14589 14631
f 14609 14632 14616
f 14615 14618 14685
f 14729 14614 14625
f 14530 14611 14525
f 14733 14612 14622
f 14608 14545 14617
f 14615 14685 14122
f 14618 14613 14608
f 14616 14630 14609
f 14731 14619 14589
f 14619 14625 14624
f 14618 14608 14621
f 14622 14612 14610
f 14616 14620 14630
f 14618 14621 14685
f 14609 14630 14611
f 14622 14610 14160
f 14685 14621 14687
f 14634 14599 14728
f 14614 14733 14623
f 14624 14625 14626
f 14621 14608 14627
f 14610 14628 14160
f 14707 14599 14629
f 14630 14620 14633
f 14621 14627 14687
f 14576 14656 14545
f 14589 14619 14642
f 14525 14611 14728
f 14726 14603 14596
f 14160 14646 14622
f 14631 14589 14642
f 14615 14122 14632
f 14608 14617 14627
f 14630 14633 14636
f 14619 14624 14642
f 14599 14634 14629
f 14458 14730 14732
f 14611 14648 14728
f 14458 14732 14635
f 14611 14630 14636
f 14631 14642 14637
f 14475 14638 14461
f 14458 14658 14639
f 14160 14640 14646
f 14624 14641 14642
f 14370 14458 14639
f 14611 14636 14643
f 14605 14644 14628
f 14633 14620 14645
f 14622 14646 14647
f 14622 14647 14733
f 14626 14641 14624
f 14611 14643 14648
f 14573 14297 14607
f 14573 14596 14297
f 14649 14461 14638
f 14650 14605 14461
f 14633 14142 14636
f 14633 14645 14142
f 14627 14660 14701
f 14576 14651 14656
f 14718 14370 14652
f 14631 14128 14732
f 14631 14637 14128
f 14370 14639 14653
f 14576 14718 14654
f 14475 14629 14662
f 14617 14545 14734
f 14634 14728 14655
f 14461 14649 14650
f 14617 14734 14627
f 14160 14628 14665
f 14732 14128 14635
f 14545 14656 14734
f 14728 14648 14657
f 14475 14662 14638
f 14458 14635 14658
f 14646 14640 14647
f 14370 14653 14652
f 14575 14601 13855
f 14718 14659 14654
f 14639 14658 14653
f 14629 14634 14661
f 14627 14686 14660
f 14627 14734 14686
f 14665 14121 14160
f 14718 14652 14659
f 14629 14661 14667
f 14634 14655 14661
f 14588 14598 14156
f 14570 14120 14571
f 14728 14657 14655
f 14605 14650 14644
f 14662 14629 14663
f 14664 14643 14142
f 14643 14636 14142
f 14637 14642 14736
f 14629 14667 14663
f 14665 14671 14121
f 14628 14672 14665
f 14649 14638 14735
f 14658 14635 14666
f 14628 14644 14672
f 14653 14658 14668
f 14576 14669 14651
f 14662 14663 14638
f 14576 14654 14669
f 14665 14672 14671
f 14570 14575 14120
f 14643 14664 14648
f 14661 14655 14667
f 14649 14735 14650
f 14658 14666 14668
f 14128 14637 14736
f 14651 14132 14656
f 14651 14669 14132
f 14648 14664 14683
f 14128 14736 14682
f 14686 14734 14689
f 14620 14616 14151
f 14616 14632 14151
f 14635 14698 14666
f 14671 14673 14121
f 14655 14137 14667
f 14655 14657 14670
f 14671 14672 14673
f 14121 14673 14147
f 14142 14645 14674
f 14647 14675 14733
f 14659 14676 14654
f 14648 14683 14677
f 14645 14620 14151
f 14128 14678 14635
f 14656 14132 14135
f 14683 14679 14677
f 14139 14663 14667
f 14655 14670 14137
f 14734 14656 14126
f 14666 14680 14668
f 14653 14668 14681
f 14669 14654 14676
f 14679 14683 14684
f 14736 14306 14682
f 14683 14664 14684
f 14667 14137 14139
f 14685 14305 14122
f 14659 14652 14676
f 14647 14124 14675
f 14660 14686 14130
f 14660 14130 14308
f 14648 14692 14657
f 14685 14687 14688
f 14686 14689 14130
f 14126 14656 14135
f 14644 14690 14672
f 14156 14598 13846
f 14626 14116 14641
f 14626 14625 14116
f 14666 14698 14680
f 14641 14116 14691
f 14644 14650 14699
f 14670 14657 14697
f 14653 14307 14652
f 14642 14641 14691
f 14689 14734 14130
f 14692 14648 14693
f 14648 14677 14693
f 14664 14142 14684
f 14669 14133 14132
f 14160 14121 14694
f 14682 14306 14117
f 14598 14118 14119
f 14669 14676 14133
f 14687 14627 14688
f 14682 14117 14128
f 14644 14699 14695
f 14644 14695 14690
f 14137 14670 14697
f 14663 14737 14638
f 14650 14735 14699
f 14672 14696 14673
f 14677 14679 14693
f 14640 14160 14125
f 14645 14151 14166
f 14571 14120 14118
f 14121 14147 14694
f 14642 14691 14127
f 14657 14692 14697
f 14652 14307 14676
f 14685 14688 14305
f 14122 14305 14123
f 14736 14642 14237
f 14653 14681 14307
f 14640 14125 14647
f 14673 14700 14147
f 14701 14660 14308
f 14124 14647 14125
f 14736 14237 14306
f 14668 14680 14681
f 14674 14645 14166
f 14663 14139 14737
f 14635 14678 14698
f 14734 14126 14309
f 14642 14127 14237
f 14632 14122 14123
f 14575 13855 14120
f 14672 14690 14696
f 14128 14117 14678
f 14679 14684 14129
f 14623 14733 14675
f 14734 14309 14130
f 14308 14130 14131
f 14735 14638 14699
f 14598 13856 13846
f 14156 14157 14603
f 14601 13845 13855
f 14132 14133 14134
f 14737 14699 14638
f 14132 14134 14135
f 14679 14129 14693
f 14673 14696 14700
f 14603 14157 14596
f 14697 14692 14136
f 14698 14678 14159
f 14137 14697 14138
f 14139 14137 14140
f 14737 14139 14141
f 14142 14674 14228
f 14627 14701 14702
f 14134 14144 14135
f 14136 14170 14697
f 14693 14129 14164
f 14684 14142 14228
f 14307 14681 14143
f 14134 14133 14144
f 14699 14145 14695
f 14126 14135 14146
f 14693 14164 14692
f 14700 14696 14147
f 14148 14676 14307
f 14137 14138 14149
f 14681 14680 14179
f 14695 14145 14690
f 14701 14308 14702
f 14130 14309 14131
f 14692 14164 14684
f 14126 14146 14150
f 14697 14170 14138
f 14151 14281 14166
f 14696 14690 14152
f 14135 14153 14146
f 14237 14172 14306
f 14680 14154 14179
f 14137 14149 14140
f 14698 14155 14680
f 14676 14148 14133
f 14696 14694 14147
f 14126 14150 14309
f 14690 14171 14152
f 14145 14699 14300
f 14139 14140 14141
f 14692 14684 14136
f 14151 14632 14281
f 14696 14152 14694
f 14117 14306 14678
f 14156 13846 14157
f 14133 14158 14144
f 14698 14159 14155
f 14160 14161 14125
f 14688 14627 14162
f 14627 14702 14162
f 14308 14131 14163
f 14129 14684 14164
f 14309 14163 14131
f 14678 14177 14159
f 14680 14155 14154
f 14144 14153 14135
f 14309 14150 14163
f 14149 14138 14165
f 14690 14145 14171
f 14674 14166 14167
f 14116 14625 14168
f 14681 14179 14143
f 14133 14148 14158
f 14141 14169 14737
f 14138 14170 14165
f 14307 14143 14148
f 14149 14165 14140
f 14144 14158 14153
f 14145 14300 14171
f 14678 14306 14172
f 14691 14173 14127
f 14691 14116 14173
f 14678 14172 14177
f 14694 14152 14178
f 14632 14123 14174
f 14699 14737 14300
f 14300 14175 14171
f 14160 14694 14161
f 14158 14176 14153
f 14155 14159 14177
f 14155 13811 14154
f 14688 14162 14206
f 14688 14206 14184
f 14178 14152 14171
f 14228 14674 14167
f 14116 14197 14173
f 14154 13967 14179
f 14178 14180 14694
f 14118 14120 14181
f 14684 14182 14136
f 14308 14163 14183
f 14125 14161 14124
f 14694 14180 14161
f 14675 14311 14623
f 14162 14702 14206
f 14702 14308 14183
f 14188 14244 14187
f 14305 14688 14184
f 14185 14195 14186
f 14195 14187 14186
f 14187 14202 14188
f 14170 14136 14182
f 14244 14190 14187
f 14187 14195 14189
f 14187 14190 14186
f 14191 14223 14192
f 14193 14186 14184
f 14185 14186 14193
f 14185 14193 14195
f 14158 14148 13837
f 14193 14184 14195
f 14184 14194 14195
f 14184 14206 14194
f 14188 14196 14244
f 14196 14188 14215
f 14188 14202 14215
f 14196 14173 14244
f 14244 14173 14197
f 14192 14199 14198
f 14192 14217 14199
f 14192 14223 14217
f 14140 14165 14200
f 14191 14201 14223
f 14167 14166 14205
f 14177 14172 14237
f 14192 14198 14191
f 14187 14189 14202
f 14127 14173 14238
f 14203 14217 14219
f 14201 14210 14204
f 14217 14203 14199
f 14167 14205 14222
f 14219 14208 14203
f 14210 14209 14204
f 14614 14703 14625
f 14206 14207 14194
f 14209 14212 14204
f 14124 14256 14208
f 14208 14225 14203
f 14124 14311 14675
f 14127 14238 14237
f 14196 14238 14173
f 14183 14226 14702
f 14183 14163 14226
f 14209 14210 14211
f 14209 14211 14212
f 14196 14213 14238
f 14201 14191 14214
f 14702 14207 14206
f 14215 14202 14216
f 14217 14218 14219
f 14150 14146 14153
f 14208 14256 14225
f 14221 14212 14211
f 14166 14220 14205
f 14205 14220 14221
f 14221 14220 14212
f 14124 14161 14256
f 14601 14581 13850
f 14228 14167 14233
f 14221 14222 14205
f 14167 14222 14233
f 14161 14180 14256
f 14198 14199 14272
f 14223 14201 14253
f 14201 14204 14224
f 14203 14225 14199
f 14702 14226 14207
f 14195 14227 14189
f 14221 14211 14222
f 14228 14233 14684
f 14201 14229 14210
f 14202 14230 14216
f 14191 14198 14214
f 14210 14229 14211
f 14199 14225 14231
f 14208 14219 14259
f 14208 14259 14124
f 14614 14623 14703
f 14196 14215 14213
f 14202 14189 14230
f 14195 14194 14270
f 14177 14237 14291
f 14163 14150 14226
f 14165 14170 14243
f 14223 14253 14252
f 14223 14252 14217
f 14204 14212 14232
f 14233 14222 14234
f 14186 14310 14271
f 14194 14268 14270
f 14150 14153 14235
f 14143 14236 14148
f 14632 14174 14281
f 14237 14238 14240
f 14201 14214 14229
f 14214 14198 14254
f 14198 14272 14254
f 14253 14201 14224
f 14217 14252 14218
f 14222 14211 14280
f 14225 14256 14285
f 14124 14259 14311
f 13855 13861 14120
f 14168 14197 14116
f 14238 14239 14240
f 14184 14186 14271
f 14194 14207 14268
f 14270 14227 14195
f 14155 14177 14241
f 14237 14240 14291
f 14186 14190 14310
f 14241 13811 14155
f 14204 14232 14224
f 14199 14231 14272
f 14219 14218 14242
f 14170 14182 14243
f 14219 14242 14259
f 14220 14166 14281
f 14197 14274 14244
f 14216 14230 14245
f 14153 14176 14235
f 14300 14737 14169
f 14207 14226 14248
f 14233 14234 14281
f 14233 14281 14684
f 14220 14284 14212
f 14184 14269 14305
f 14213 14215 14263
f 14244 14246 14190
f 14216 14263 14215
f 14150 14247 14226
f 14189 14227 14230
f 14274 14246 14244
f 14182 14684 14261
f 14226 14247 14248
f 14234 14222 14283
f 14234 14283 14281
f 14178 14171 14255
f 14212 14284 14249
f 14225 14285 14231
f 14703 14168 14625
f 14305 14269 14250
f 14248 14267 14207
f 14238 14213 14239
f 14190 14251 14310
f 14211 14229 14277
f 14252 14253 14254
f 14222 14280 14283
f 14213 14263 14239
f 14190 14246 14251
f 14211 14277 14278
f 14171 14175 14255
f 14140 14200 14141
f 14123 14305 14266
f 14214 14254 14229
f 14212 14249 14232
f 14256 14180 14257
f 14220 14281 14284
f 14197 14168 14289
f 14197 14289 14274
f 14207 14267 14268
f 14227 14258 14230
f 14178 14257 14180
f 14598 14119 13856
f 14280 14211 14278
f 14141 14107 14169
f 14254 14272 14218
f 14253 14224 14254
f 14242 14275 14259
f 14284 14281 14260
f 14270 14258 14227
f 14230 14258 14245
f 14291 14240 14292
f 14182 14261 14288
f 14240 14239 14292
f 14247 14150 14262
f 14177 14291 14241
f 14229 14254 14224
f 14263 14216 14264
f 14256 14257 14285
f 14254 14218 14252
f 14258 14310 14245
f 14245 14265 14264
f 14281 14283 14287
f 14310 14251 14265
f 14229 14224 14277
f 14232 14277 14224
f 14232 14249 14279
f 14245 14264 14216
f 14245 14310 14265
f 14143 13820 14236
f 14232 14279 14277
f 14248 14266 14267
f 14268 14269 14270
f 14268 14267 14269
f 14251 14246 14265
f 14265 14246 14264
f 14310 14258 14271
f 14231 14273 14272
f 14154 13811 13967
f 14178 14312 14257
f 14248 14247 14266
f 14272 14273 14242
f 14264 14246 14274
f 14285 14273 14231
f 14218 14272 14242
f 14259 14275 14276
f 14278 14277 14279
f 14184 14271 14269
f 14278 14279 14280
f 14150 14235 14262
f 14280 14282 14283
f 14239 14263 14274
f 14239 14274 14292
f 14261 14684 14281
f 14267 14266 14250
f 14270 14269 14271
f 14263 14264 14274
f 14182 14288 14243
f 14270 14271 14258
f 14280 14279 14282
f 14249 14283 14282
f 14249 14282 14279
f 14242 14273 14275
f 14283 14284 14287
f 14284 14283 14249
f 14273 14285 14275
f 14250 14269 14267
f 14286 14276 14285
f 14275 14285 14276
f 14285 14257 14286
f 14305 14250 14266
f 14262 14235 13841
f 14178 14255 14312
f 14284 14260 14287
f 14179 13967 13799
f 14276 14286 14259
f 14287 14260 14281
f 14243 14288 14314
f 14261 14281 14288
f 14257 14312 14311
f 14259 14286 14311
f 14286 14257 14311
f 14292 14274 14294
f 14247 14262 14266
f 14274 14289 14294
f 14255 14175 13973
f 14581 14607 13850
f 14288 14281 14290
f 14291 14292 14293
f 13799 13820 14143
f 14289 14168 14295
f 14289 14295 14294
f 14292 14295 14293
f 14294 14295 14292
f 14312 14255 14304
f 14174 14123 14313
f 14311 14296 14623
f 14703 13839 14168
f 14143 14179 13799
f 14266 14262 14106
f 14262 13841 14106
f 14297 13868 14607
f 14703 14623 13839
f 14596 14157 13874
f 14297 14596 13868
f 14241 14291 14293
f 14295 14168 13839
f 14123 14266 14298
f 14300 14169 14299
f 14165 14243 14110
f 14311 14312 14109
f 14236 13801 14148
f 14175 14300 14301
f 14148 13822 13837
f 14148 13801 13822
f 14123 14298 14313
f 14596 13874 13868
f 14157 13846 13874
f 14298 14266 14302
f 14158 14303 14176
f 14236 13800 13801
f 13858 14236 13802
f 13820 13802 14236
f 13803 13804 13813
f 13805 13814 13806
f 13803 13813 13802
f 13804 13803 13821
f 13805 13800 13814
f 13805 13806 13807
f 14304 14255 13973
f 13805 13817 13800
f 13805 13809 13808
f 14176 14303 14235
f 14236 13814 13800
f 13805 13807 13809
f 13805 13808 13817
f 13803 13819 13821
f 13813 13810 13802
f 13841 14235 14303
f 14281 14174 14313
f 13845 14601 13850
f 13967 13811 13812
f 14236 13827 13814
f 13801 13800 13817
f 13806 13829 13807
f 13804 13825 13813
f 13806 13814 13829
f 13803 13802 13819
f 13810 13813 13830
f 13819 13802 13820
f 13802 13810 13858
f 13829 13814 13827
f 13813 13825 13830
f 14312 14304 14109
f 13804 13821 14022
f 13809 13807 13815
f 14236 13828 13827
f 14118 14181 14119
f 13809 13815 14108
f 13808 13816 13817
f 13810 13830 13858
f 13808 13809 14108
f 13825 13804 14022
f 14241 14293 13812
f 13807 13829 13853
f 13807 13853 13818
f 13903 14141 14200
f 13807 13818 13833
f 13830 13825 13831
f 13816 13808 14108
f 13817 13816 13822
f 13819 13820 13821
f 14293 14295 13872
f 13801 13817 13822
f 14165 13838 14200
f 14243 14314 14110
f 13799 13823 13820
f 13821 13820 13824
f 13815 13807 13833
f 13825 14022 13831
f 13816 14108 13826
f 14107 14141 13903
f 14236 13858 13828
f 13827 13828 13829
f 13858 13830 13831
f 14165 14110 13838
f 13816 13826 13822
f 13684 13815 13833
f 14281 14313 13844
f 14120 13861 14181
f 13821 13832 14022
f 13853 13833 13818
f 13820 13834 13824
f 14266 14106 14302
f 14300 14299 14301
f 14314 14288 14290
f 13858 13859 13828
f 13839 13870 14295
f 14311 14109 14296
f 13874 13846 13847
f 13850 13835 13845
f 13822 13836 13837
f 13822 13826 13878
f 13839 14623 13840
f 13903 14200 13838
f 14313 13842 13844
f 13839 13840 13870
f 14106 13841 14303
f 13822 13878 13836
f 13820 13862 13834
f 14313 14298 13864
f 14313 13864 13842
f 13842 13843 13844
f 13840 13848 13847
f 13835 13842 13845
f 13846 13866 13847
f 13847 13866 13840
f 13842 13835 13843
f 14623 13848 13840
f 13845 13842 13864
f 14607 13849 13850
f 14295 13870 13872
f 14623 14296 13851
f 14607 13852 13849
f 13829 13828 13853
f 13835 13850 13849
f 13835 13849 13843
f 13864 13854 13845
f 13840 13863 13870
f 14296 14109 13851
f 13855 13845 13854
f 13846 13856 13866
f 13844 13843 13857
f 14623 13851 13848
f 13858 13831 13859
f 13855 13860 13861
f 13820 13823 13862
f 13821 13824 13832
f 13855 13854 13860
f 13840 13866 13863
f 13849 13857 13843
f 14298 14302 13864
f 13866 13865 13863
f 13848 13851 14109
f 13856 14119 13865
f 13861 13860 14181
f 14241 13812 13811
f 13866 13856 13865
f 14281 13844 14290
f 13854 13864 13867
f 13847 13848 14109
f 13847 14109 13874
f 13828 13578 13853
f 13864 14302 13867
f 13878 13879 13836
f 14110 14314 14290
f 13868 13869 14607
f 13865 14119 14181
f 13870 13863 13871
f 13870 13871 13872
f 13834 13885 13824
f 13878 13826 13873
f 13826 14108 13873
f 13874 13869 13868
f 13857 13849 13875
f 13863 13865 13871
f 13857 13875 13844
f 14109 13869 13874
f 13854 13867 13860
f 13865 14181 13871
f 14181 13860 13876
f 14169 14107 13083
f 13852 14607 13889
f 13849 13852 13889
f 13860 13867 13876
f 13872 13871 13893
f 13872 13893 14293
f 13828 13859 13578
f 13877 13878 13879
f 13878 13873 13884
f 13824 13885 13832
f 13879 13878 13884
f 13834 13862 13885
f 13867 14111 13876
f 13875 13849 13889
f 13906 13880 13869
f 13914 14181 13876
f 14302 14106 13881
f 13823 13882 13862
f 14107 13575 13083
f 13815 13684 14108
f 13862 13882 13883
f 13876 14111 13914
f 13867 13881 14111
f 13867 14302 13881
f 13836 13879 13896
f 13879 13884 13896
f 13869 14109 13906
f 13862 13883 13885
f 13882 13823 13799
f 13871 14181 13886
f 13844 13971 14290
f 13844 13875 13971
f 13837 13836 13898
f 13875 13900 13971
f 14110 14112 13838
f 13871 13887 13893
f 14109 13888 13906
f 14109 14304 13888
f 13875 13889 13890
f 13836 13896 13891
f 13869 13889 14607
f 14111 13892 13914
f 14181 13914 13886
f 13893 13887 14293
f 13881 13917 14111
f 13880 13906 13905
f 14169 13894 14299
f 13871 13886 13887
f 13896 13895 13891
f 13896 13884 13450
f 13575 14107 14083
f 13836 13891 13897
f 13881 14106 13917
f 13906 13888 13907
f 13880 13905 13937
f 14111 13917 13892
f 13836 13897 13898
f 13882 13799 13899
f 14293 13887 13927
f 13882 13899 13883
f 13875 13890 13900
f 13914 14113 13886
f 13799 13901 13899
f 14158 13837 13902
f 13890 13889 13912
f 14107 13903 14083
f 14175 14301 13973
f 13899 13901 13904
f 13905 13906 13907
f 13905 13907 13908
f 13869 13880 13937
f 13967 13909 13799
f 14158 13902 14303
f 13891 13895 13897
f 13897 13942 13898
f 13799 13909 13901
f 13900 13890 13919
f 13900 14007 13971
f 13886 13927 13887
f 13895 13896 13450
f 13973 13910 14304
f 13971 14114 14290
f 14169 13083 13894
f 13888 14304 13911
f 13912 13889 13996
f 13890 13912 13949
f 13888 13911 13913
f 13914 13892 13915
f 13892 13918 13916
f 13916 13915 13892
f 13927 13886 13924
f 13892 13917 13918
f 13927 13924 13934
f 13890 13949 13948
f 13890 13948 13919
f 13907 13944 13908
f 13937 13905 13920
f 13909 13921 13901
f 14290 13922 14110
f 13905 13908 13920
f 13917 13923 13918
f 13934 13924 13935
f 13924 13925 13935
f 14290 14114 13926
f 13927 13934 13928
f 13904 13901 13921
f 13899 13904 13883
f 13889 13869 13996
f 13918 13923 13931
f 13949 13946 13948
f 14290 13926 13922
f 13869 13937 13929
f 13917 14106 13930
f 13923 13917 13931
f 13916 13918 13947
f 13979 14293 13952
f 14106 14303 14039
f 13918 13948 13947
f 13917 13930 13931
f 13935 13925 13932
f 13919 13977 13900
f 13885 13933 13832
f 13934 13935 14010
f 13925 13924 13932
f 13869 13929 13996
f 13937 13936 13929
f 13937 13938 13936
f 13937 13939 13938
f 13918 13931 13956
f 13924 13886 13940
f 14293 13927 13952
f 13915 13941 13914
f 13940 13886 14113
f 13897 13895 13942
f 13942 13943 13898
f 13908 13944 13987
f 14110 13945 14112
f 13937 13920 13939
f 13946 13947 13948
f 13946 13949 13947
f 13934 14010 13950
f 13903 13951 14083
f 13918 13956 13948
f 13908 13987 13920
f 13934 13950 13928
f 13837 13898 13943
f 13920 13983 13939
f 13928 13952 13927
f 13904 13921 13953
f 13812 14293 13980
f 13915 13916 13941
f 13913 13911 13954
f 13904 13955 13883
f 13903 13838 13992
f 13956 13931 13957
f 13924 13940 13958
f 13904 13953 13955
f 13920 13959 13983
f 13935 13932 13983
f 13935 13983 13960
f 13960 13983 13959
f 13932 13924 13984
f 13960 13959 14010
f 13837 13943 13961
f 13894 13083 13436
f 13960 14010 13935
f 14010 13962 13950
f 14106 13963 13930
f 13941 13964 13914
f 13812 13980 14057
f 14293 13979 13980
f 14304 13910 13911
f 13949 14004 13947
f 13924 13958 13984
f 13965 13812 14057
f 13928 13950 13952
f 13943 13942 13966
f 13909 13967 13921
f 14299 13894 13968
f 13914 13964 14113
f 13922 13926 13969
f 13920 13987 13986
f 13936 13938 14012
f 13920 13970 13959
f 13922 13945 14110
f 13912 14004 13949
f 14114 13971 13972
f 13833 13507 13684
f 13942 13895 13966
f 13973 14301 13910
f 13910 14301 13974
f 13900 13977 13975
f 13919 13976 13977
f 14012 13938 13939
f 13919 13948 13976
f 13926 14114 13969
f 13959 13970 14010
f 13940 14113 13958
f 13911 13910 13978
f 13979 13952 13980
f 13943 13966 13981
f 13943 13981 13982
f 13894 13436 13968
f 13922 13969 13945
f 13983 13932 13984
f 13888 13985 13907
f 13900 13975 14007
f 13888 13913 13985
f 13986 13987 13988
f 13948 13956 13976
f 14114 13972 14049
f 13954 13911 13989
f 13954 13989 13990
f 13947 14003 13916
f 13812 13965 13967
f 13941 13916 13991
f 14114 14049 13969
f 13903 13992 13951
f 13930 13963 14000
f 13920 13986 13970
f 13964 13993 14113
f 13983 13984 13939
f 13941 13993 13964
f 13916 14003 13991
f 13967 13994 13921
f 13931 13930 14036
f 13944 13907 13988
f 13953 13921 14115
f 13962 14010 14032
f 13954 13990 13913
f 13838 13995 13992
f 13996 14005 14004
f 13996 14004 13912
f 13910 13974 13978
f 13997 13989 13911
f 13957 13998 13956
f 13957 13999 13998
f 13952 13950 14045
f 13930 14000 14036
f 13966 13895 13448
f 13953 14115 13955
f 13996 13929 14001
f 13837 13961 13902
f 13978 13997 13911
f 13958 14113 13993
f 14106 14039 13963
f 13943 13982 13961
f 13941 14002 13993
f 13991 14002 13941
f 13957 13931 14046
f 14005 13996 14001
f 13939 13984 14012
f 13947 14004 14003
f 13977 13976 14015
f 13956 13998 13976
f 14010 14011 14032
f 13929 13936 14001
f 13993 13984 13958
f 13966 13448 13981
f 14001 14004 14005
f 13993 14002 13984
f 13991 14003 14002
f 13471 13838 14112
f 13981 13448 14006
f 14083 13951 14084
f 14007 13975 14038
f 14007 14038 13971
f 13971 14038 14008
f 13913 13990 14009
f 13972 13971 14008
f 13950 13962 14045
f 13980 13952 14067
f 13988 14028 13986
f 14010 14019 14011
f 13936 14012 14004
f 13936 14004 14001
f 13992 13995 13951
f 13984 14002 14012
f 14002 14003 14004
f 14299 14013 14301
f 13977 14016 13975
f 13985 14014 13907
f 13907 14014 13988
f 13977 14015 14016
f 13986 14017 13970
f 13986 14018 14017
f 13970 14019 14010
f 13957 14044 13999
f 13957 14046 14044
f 14026 13963 14089
f 14020 14021 13980
f 13980 14021 14057
f 13963 14039 14089
f 14012 14002 14004
f 13988 14014 14028
f 13831 14022 14070
f 13994 13967 13965
f 13902 13961 14023
f 13970 14017 14019
f 13986 14028 14018
f 13913 14009 13985
f 13990 14062 14024
f 14017 14018 14041
f 14018 14027 14041
f 14046 14025 14048
f 14000 13963 14026
f 14028 14027 14018
f 14015 14053 14016
f 13978 13103 13997
f 14014 14027 14028
f 13990 14024 14009
f 14008 14049 13972
f 14049 14029 13969
f 13989 14062 13990
f 14019 14030 14052
f 14019 14052 14011
f 13952 14045 14067
f 13981 14031 13982
f 13981 14006 14031
f 14006 13448 13792
f 14011 14052 14032
f 13951 13995 14033
f 14014 13985 14027
f 14301 14034 13974
f 14299 13968 14013
f 13921 13994 14115
f 14016 14053 13975
f 14023 13961 13982
f 14008 14038 14035
f 14015 13976 14053
f 14031 14006 13792
f 14017 14041 14030
f 13995 13838 14033
f 13974 13103 13978
f 14019 14017 14030
f 13962 14032 14045
f 14025 14036 14037
f 14036 14000 14037
f 14038 13975 14053
f 14303 13902 14039
f 14027 13985 14009
f 14027 14009 14040
f 14027 14040 14041
f 14032 14051 14045
f 13998 13999 14066
f 13945 13969 14042
f 14008 14035 14049
f 13976 13998 14064
f 14046 14043 14044
f 14045 14051 14059
f 14040 14009 14056
f 14046 14048 14043
f 14009 14047 14056
f 14024 14047 14009
f 14048 14025 14049
f 14038 14053 14035
f 14032 14052 14051
f 13994 13965 14050
f 14051 14052 14047
f 14301 14013 14034
f 14024 14062 14047
f 13998 14066 14064
f 14066 13999 14044
f 13976 14064 14053
f 14040 14056 14041
f 13965 14057 13456
f 14048 14035 14054
f 14055 14115 14050
f 14048 14049 14035
f 14048 14054 14043
f 14020 14058 14021
f 14047 14052 14056
f 14057 14021 14058
f 14035 14053 14061
f 14051 14047 14059
f 14035 14061 14054
f 13994 14050 14115
f 14044 14043 14066
f 14054 14061 14043
f 14025 14029 14049
f 13968 13436 14060
f 14061 14053 14065
f 14041 14056 14030
f 14059 14047 14062
f 13982 14031 14078
f 14023 13982 14063
f 14064 14065 14053
f 14064 14066 14065
f 14052 14030 14056
f 14062 13989 13458
f 14029 14025 14037
f 14112 13945 14042
f 14112 14042 13471
f 14065 14043 14061
f 14066 14043 14065
f 14045 14059 14067
f 14055 14050 14071
f 13902 14068 14039
f 14037 14069 14029
f 14022 13832 14070
f 14013 13968 14034
f 14055 13454 14115
f 13969 13460 14042
f 13483 14084 13951
f 14055 14071 14101
f 14062 13458 14074
f 14029 14069 14072
f 14071 14073 14101
f 14060 14096 13968
f 14062 14074 14059
f 14059 14074 14067
f 13980 14085 14020
f 14078 14076 13982
f 13460 13969 14029
f 14037 14000 14069
f 13792 13448 13449
f 14078 14075 14076
f 14071 14050 14077
f 13902 14023 14068
f 14057 14058 13456
f 14033 13453 13951
f 14023 14063 14068
f 14077 14079 14073
f 13460 14029 14100
f 14085 13980 14067
f 14075 14078 14092
f 14077 14050 14079
f 13968 14096 13084
f 14000 14026 14069
f 14073 14079 14101
f 14078 14031 14080
f 14078 14080 14092
f 14055 14101 13454
f 13895 13450 13451
f 13859 13831 13511
f 13951 13453 13483
f 14050 13965 14081
f 14069 14026 14082
f 14083 14084 13574
f 14029 14072 14100
f 14031 13792 14080
f 14079 14050 14081
f 14108 13684 12879
f 14067 14074 14085
f 13450 13884 13705
f 14069 14082 14072
f 14034 13968 13084
f 14076 14086 13982
f 14092 14080 14090
f 13574 13575 14083
f 14075 14092 14076
f 13974 14034 13086
f 14058 14020 13456
f 14080 13792 14087
f 14086 14076 14092
f 14072 14082 14100
f 14079 14081 13455
f 13436 13083 13186
f 13448 13895 13449
f 14108 12879 13873
f 14033 14104 13453
f 13084 14096 14097
f 13997 13103 13989
f 14026 14089 14088
f 14039 14068 14089
f 14090 14091 14092
f 14101 13474 13454
f 13853 13529 13833
f 13458 14085 14074
f 14082 14026 14100
f 14079 13455 14101
f 14115 14093 13955
f 13103 13089 13989
f 13989 13089 13458
f 13460 14100 14094
f 14095 14092 14091
f 14090 14080 14091
f 13838 13557 14033
f 14086 14098 13982
f 14068 13536 14089
f 13086 14034 13084
f 14096 14060 14097
f 13471 13557 13838
f 13458 13477 14085
f 14080 14087 14091
f 14086 14092 14098
f 14104 13452 13453
f 14063 13982 14098
f 13103 13974 14099
f 14100 14026 14094
f 14020 14085 13477
f 13462 13792 13449
f 14115 13454 14093
f 13974 13086 14099
f 14101 13455 13466
f 13455 13791 13464
f 13453 13452 13490
f 13965 13456 13105
f 14098 14092 13793
f 14092 14095 13793
f 14101 13466 13474
f 13474 14102 13454
f 13455 14081 13791
f 13483 13453 13490
f 13467 14091 13472
f 13086 13084 13100
f 14063 13494 14068
f 14026 14088 13457
f 13458 13459 13477
f 14091 14087 13472
f 13454 14102 14093
f 13884 13873 13705
f 14081 13106 13791
f 13536 14103 14089
f 14081 13965 13106
f 14091 13467 14095
f 14033 13557 14104
f 14042 13460 13461
f 14094 14026 13469
f 14020 13477 13456
f 13105 13456 13131
f 14087 13792 13462
f 14063 14098 13481
f 14063 13481 13480
f 13853 13578 13606
f 13885 13883 14105
f 13451 13449 13895
f 14063 13480 13494
f 14088 13463 13457
f 14089 14103 14088
f 13965 13105 13106
f 13464 13791 13108
f 13455 13464 13465
f 13465 13466 13455
f 14097 13093 13085
f 14097 13085 13084
f 13467 13472 13468
f 14026 13457 13469
f 14098 13793 13481
f 13793 14095 13470
f 13471 14042 13461
f 14095 13467 13468
f 13885 14105 13933
f 13472 14087 13473
f 14094 13469 13475
f 13464 13108 13465
f 13791 13106 13108
f 13468 13472 13473
f 13474 13485 14102
f 13100 13084 13085
f 13474 13466 13486
f 13486 13485 13474
f 14095 13468 13478
f 13460 14094 13475
f 13481 13793 13495
f 13468 13473 13476
f 13473 14087 13500
f 13473 13500 13476
f 13459 13504 13477
f 14095 13478 13470
f 13478 13468 13476
f 13475 13479 13460
f 13086 13100 14099
f 13477 13504 13491
f 13480 13481 13495
f 13465 13482 13466
f 13186 13125 13436
f 13483 13490 13489
f 13483 13489 13528
f 13100 13087 14099
f 13457 13463 13487
f 13466 13482 13486
f 13476 13500 13484
f 13485 13496 14102
f 13093 13094 13088
f 13485 13486 13496
f 13470 13478 13499
f 13458 13089 13459
f 13457 13487 13469
f 13469 13488 13475
f 13093 13088 13085
f 13489 13490 13452
f 13491 13492 13503
f 13477 13491 13493
f 13477 13493 13456
f 13480 13495 13494
f 13495 13793 13470
f 13496 13497 14102
f 13491 13504 13492
f 13469 13487 13488
f 13094 13096 13088
f 13503 13498 13491
f 14070 13796 13831
f 13478 13476 13499
f 13459 13089 13090
f 13459 13090 13504
f 13475 13488 13479
f 13500 14087 13520
f 13085 13088 13091
f 13486 13516 13496
f 13489 13518 13528
f 13482 13465 13501
f 13492 13504 13503
f 14097 13092 13093
f 13488 13509 13479
f 14088 14103 13463
f 13470 13499 13502
f 13461 13460 13515
f 13488 13487 13509
f 13476 13484 13499
f 13470 13502 13495
f 13496 13516 13497
f 14097 14060 13092
f 13483 13528 13726
f 13487 13510 13509
f 13495 13508 13494
f 13088 13096 13091
f 13495 13502 13508
f 13483 13744 14084
f 13503 13504 13498
f 13486 13482 13516
f 13499 13484 13508
f 13090 13498 13504
f 13520 14087 13462
f 13500 13520 13513
f 13094 13095 13096
f 13460 13479 13515
f 13491 13498 13099
f 13491 13099 13493
f 14103 13536 13593
f 13482 13501 13516
f 13500 13505 13484
f 13497 13506 14102
f 14102 13527 14093
f 13451 13450 13705
f 13833 13529 13507
f 13499 13508 13502
f 13509 13510 13479
f 13511 13831 13512
f 13575 13165 13083
f 13094 13097 13095
f 13498 13090 13099
f 13516 13501 13519
f 13500 13513 13505
f 14102 13506 13527
f 13528 13518 13514
f 13479 13510 13515
f 13094 13093 13097
f 14084 13744 13574
f 13516 13519 13497
f 13484 13517 13508
f 13510 13487 13533
f 13518 13550 13514
f 13518 13489 13550
f 13096 13095 13091
f 13501 13465 13519
f 13520 13535 13513
f 13520 13462 13535
f 13093 13092 13097
f 13099 13521 13493
f 13487 13463 13533
f 13494 13508 13517
f 13517 13484 13505
f 13100 13085 13091
f 13513 13522 13505
f 13089 13098 13090
f 13465 13523 13519
f 13519 13523 13497
f 13513 13524 13522
f 13465 13108 13523
f 13090 13098 13099
f 13513 13535 13524
f 13494 13517 14068
f 13527 13525 14093
f 13506 13526 13527
f 13527 13530 13525
f 13528 13514 13550
f 13538 13515 13510
f 13099 13098 13521
f 13853 13606 13529
f 13461 13515 13539
f 13525 13530 13531
f 13527 13526 13530
f 13510 13534 13538
f 13497 13526 13506
f 13489 13452 13550
f 13100 13091 13101
f 13524 13541 13532
f 13505 13522 13552
f 13530 13546 13531
f 13510 13533 13534
f 13517 13505 13552
f 14093 13433 13955
f 13524 13549 13541
f 13524 13535 13549
f 13536 14068 13537
f 13515 13538 13539
f 13523 13526 13497
f 13525 13531 13540
f 13541 13549 13542
f 13101 13091 13102
f 13546 13530 13560
f 13541 13542 13543
f 13531 13544 13540
f 13091 13095 13102
f 13549 13535 13562
f 13535 13545 13562
f 13546 13560 13544
f 13546 13544 13531
f 13541 13543 13547
f 13541 13547 13532
f 13522 13524 13532
f 13530 13526 13548
f 13098 13089 13104
f 13543 13542 13549
f 13550 13514 13551
f 13089 13103 13104
f 13105 13130 13106
f 13521 13098 13107
f 13534 13533 13538
f 13108 13109 13523
f 13098 13110 13107
f 13530 13548 13560
f 13522 13532 13552
f 13538 13533 13539
f 13110 13098 13104
f 13107 13115 13521
f 13517 13552 13553
f 14060 13435 13092
f 14060 13436 13435
f 13562 13545 13554
f 13549 13562 13559
f 13859 13511 13578
f 13548 13526 13555
f 13101 13102 13111
f 13560 13558 13544
f 13543 13549 13559
f 14093 13525 13577
f 13539 13533 13556
f 14104 13557 13672
f 13452 14104 13672
f 14068 13517 13616
f 13557 13471 13610
f 13526 13523 13555
f 13544 13558 13540
f 13547 13543 13559
f 13547 13559 13570
f 13102 13095 13097
f 13111 13112 13101
f 13517 13553 13616
f 13560 13561 13558
f 13548 13561 13560
f 13107 13110 13117
f 13540 13572 13525
f 13552 13532 13580
f 13107 13117 13113
f 13102 13097 13111
f 13111 13120 13112
f 13100 13101 13114
f 13110 13104 13118
f 13562 13564 13559
f 13117 13110 13118
f 13532 13547 13580
f 13562 13554 13563
f 13562 13563 13564
f 13533 13569 13556
f 13548 13555 13561
f 13107 13113 13115
f 13556 13569 13565
f 13555 13523 13567
f 13547 13570 13573
f 13112 13120 13116
f 13539 13556 13566
f 13555 13567 13561
f 13528 13550 13568
f 13533 13463 13597
f 13535 13462 13545
f 13533 13597 13569
f 13559 13564 13570
f 13540 13571 13572
f 13553 13552 13580
f 13554 13545 13584
f 13547 13573 13587
f 13574 13156 13575
f 13558 13596 13540
f 13580 13547 13587
f 13101 13112 13114
f 13556 13565 13566
f 13117 13118 13119
f 13117 13119 13113
f 14068 13616 13576
f 13558 13561 13596
f 13525 13572 13577
f 13097 13116 13111
f 13111 13116 13120
f 13554 13584 13563
f 13103 14099 13173
f 13540 13596 13571
f 13131 13437 13105
f 13511 13667 13578
f 13570 13564 13573
f 13567 13579 13561
f 13596 13561 13590
f 13553 13580 13585
f 13726 13528 13568
f 13581 13550 13672
f 13566 13588 13539
f 13539 13588 13582
f 13572 13571 13583
f 14070 13832 13795
f 13563 13584 13564
f 13564 13585 13573
f 13585 13564 13584
f 13461 13539 13613
f 13545 13462 13586
f 13561 13579 13590
f 13580 13587 13585
f 13571 13596 13583
f 13112 13116 13121
f 13114 13112 13121
f 13566 13565 13588
f 13118 13135 13119
f 13456 13493 13122
f 13108 13106 13109
f 13553 13591 13616
f 13572 13138 13577
f 13113 13119 13135
f 13585 13591 13553
f 13452 13672 13550
f 13585 13587 13573
f 13483 13726 13744
f 13596 13590 13589
f 13569 13598 13565
f 13567 13523 13579
f 13579 13589 13590
f 13584 13603 13585
f 13521 13155 13493
f 13585 13603 13591
f 13116 13097 13123
f 13116 13123 13121
f 13672 13557 13592
f 14103 13593 13463
f 13579 13523 13583
f 13577 13594 14093
f 13114 13121 13124
f 13435 13436 13125
f 13933 13356 13832
f 13521 13115 13155
f 13126 13118 13104
f 13121 13123 13124
f 13577 13595 13594
f 13596 13589 13583
f 13588 13565 13598
f 13113 13127 13115
f 13569 13597 13598
f 13536 13537 13599
f 13579 13583 13589
f 13545 13600 13601
f 13545 13601 13602
f 13575 13156 13165
f 13100 13114 13128
f 13539 13582 13613
f 13135 13127 13113
f 13616 13591 13603
f 13933 14105 13356
f 13577 13138 13595
f 13604 13605 13607
f 13607 13605 13600
f 13578 13667 13606
f 13604 13608 13624
f 13138 13621 13595
f 13584 13612 13603
f 13130 13105 13129
f 13583 13523 13109
f 13584 13545 13652
f 13545 13602 13652
f 13607 13619 13604
f 13607 13600 13619
f 13604 13619 13608
f 13595 13609 13594
f 14093 13594 13661
f 13106 13130 13109
f 13131 13456 13122
f 13131 13122 13437
f 13600 13605 13601
f 13614 13609 13618
f 13092 13435 13133
f 13123 13097 13143
f 13471 13461 13610
f 13598 13597 13657
f 13572 13583 13138
f 13609 13611 13594
f 13605 13604 13624
f 13126 13132 13118
f 13612 13584 13652
f 13610 13461 13613
f 13104 13103 13126
f 13463 13657 13597
f 13616 13603 13612
f 13609 13614 13611
f 13608 13619 13625
f 13601 13605 13615
f 13609 13595 13621
f 13605 13624 13628
f 13594 13611 13617
f 13594 13617 13661
f 13618 13609 13621
f 13576 13616 13652
f 13092 13133 13143
f 13092 13143 13097
f 13550 13581 13568
f 13557 13610 13592
f 13127 13135 13136
f 13115 13127 13134
f 13616 13612 13652
f 13602 13601 13623
f 13155 13115 13134
f 13624 13608 13625
f 13123 13143 13124
f 13605 13628 13615
f 13617 13611 13621
f 13601 13615 13623
f 13621 13634 13618
f 13588 13598 13633
f 13619 13600 13620
f 13103 13173 13126
f 13118 13132 13135
f 13135 13132 13136
f 13105 13437 13129
f 13618 13643 13614
f 13617 13621 13626
f 13617 13626 13661
f 13618 13634 13635
f 13588 13633 13622
f 13619 13620 13623
f 13621 13611 13634
f 13624 13625 13628
f 13619 13623 13625
f 13633 13598 13631
f 13626 13144 13661
f 13588 13622 13627
f 13618 13635 13636
f 13628 13625 13615
f 13581 13672 13662
f 14099 13087 13173
f 13582 13588 13629
f 13613 13582 13658
f 13588 13630 13629
f 13618 13636 13643
f 13614 13643 13611
f 13588 13627 13630
f 13625 13623 13615
f 13493 13155 13137
f 13100 13128 13087
f 13622 13629 13630
f 13626 13621 13144
f 13629 13622 13640
f 13622 13630 13627
f 13633 13631 13632
f 13640 13622 13633
f 13634 13636 13635
f 13634 13611 13636
f 13127 13136 13132
f 13583 13176 13138
f 13138 13147 13621
f 13574 13744 13637
f 13652 13602 13638
f 13127 13139 13134
f 13582 13629 13658
f 13598 13657 13631
f 13643 13642 13611
f 13127 13132 13139
f 13134 13139 13140
f 13636 13611 13642
f 13629 13640 13639
f 13124 13182 13141
f 13621 13147 13144
f 13623 13638 13602
f 13640 13641 13639
f 13632 13644 13633
f 13636 13642 13643
f 13632 13631 13644
f 13629 13639 13658
f 13640 13644 13646
f 13568 13581 13645
f 13124 13141 13114
f 13640 13633 13644
f 13600 13545 13649
f 13620 13600 13650
f 13139 13132 13142
f 13640 13646 13641
f 13623 13620 13638
f 13143 13182 13124
f 13139 13142 13140
f 13144 13147 13145
f 13639 13641 13646
f 13644 13631 13647
f 13176 13146 13138
f 13147 13148 13145
f 13657 13463 13648
f 13144 13177 13661
f 13600 13649 13650
f 13451 13705 13651
f 13138 13146 13147
f 13652 13655 13576
f 13638 13653 13652
f 13147 13146 13150
f 13147 13150 13148
f 13631 13657 13647
f 13657 13648 13656
f 13109 13130 13149
f 13652 13654 13655
f 13620 13650 13638
f 13652 13653 13654
f 13144 13145 13177
f 13114 13141 13128
f 13142 13434 13140
f 13583 13109 13176
f 13146 13176 13154
f 13150 13151 13148
f 13150 13146 13151
f 13648 13463 13678
f 13148 13151 13154
f 13148 13154 13145
f 13638 13650 13655
f 13647 13656 13644
f 13647 13657 13656
f 13568 13645 13726
f 13132 13152 13142
f 13658 13639 13683
f 13142 13152 13153
f 13639 13646 13683
f 13493 13137 13122
f 13650 13649 13665
f 13545 13586 13649
f 13146 13154 13151
f 13638 13655 13653
f 13654 13653 13655
f 13574 13659 13156
f 13145 13154 13177
f 13683 13646 13660
f 13142 13153 13434
f 13140 13434 13155
f 13883 13955 13433
f 13655 13650 13688
f 13176 13109 13149
f 13661 13177 13158
f 13083 13165 13181
f 14093 13221 13277
f 13156 13160 13165
f 13574 13637 13659
f 13661 13158 14093
f 13181 13186 13083
f 13581 13662 13645
f 13660 13646 13663
f 13646 13644 13663
f 14068 13664 13537
f 14068 13576 13664
f 13650 13665 13698
f 13177 13157 13158
f 13672 13681 13662
f 13645 13662 13677
f 13152 13159 13153
f 13154 13176 13177
f 13688 13650 13698
f 13698 13665 13649
f 13158 13221 14093
f 13660 13666 13683
f 13152 13132 13126
f 13152 13126 13159
f 13663 13644 13668
f 13644 13656 13668
f 13463 13593 13678
f 13160 13168 13165
f 13613 13658 13683
f 13087 13128 13141
f 13160 13156 13195
f 13662 13681 13677
f 13122 13175 13437
f 13158 13157 13161
f 13511 13512 13667
f 13137 13210 13439
f 13883 12757 14105
f 13162 13169 13165
f 13162 13165 13166
f 13169 13163 13165
f 13166 13164 13162
f 13163 13181 13165
f 13165 13167 13166
f 13166 13160 13164
f 13169 13191 13163
f 13160 13166 13168
f 13159 13434 13153
f 13645 13677 13726
f 13656 13648 13714
f 13536 13599 13593
f 13166 13167 13168
f 13165 13168 13167
f 13663 13668 13660
f 13191 13169 13162
f 13437 13170 13129
f 13660 13668 13670
f 13182 13171 13141
f 13141 13185 13087
f 13592 13610 13673
f 13087 13172 13173
f 13173 13172 13174
f 13173 13174 13126
f 13613 13683 13669
f 13159 13126 13174
f 13137 13257 13122
f 13122 13257 13175
f 13176 13149 13178
f 13176 13178 13177
f 13699 13576 13688
f 13576 13655 13688
f 13177 13178 13157
f 13576 13699 13664
f 13163 13191 13179
f 13133 13435 13438
f 13512 13831 13796
f 13180 13159 13189
f 13180 13183 13159
f 13159 13174 13189
f 13163 13186 13181
f 13182 13230 13171
f 13143 13230 13182
f 13613 13669 13610
f 13668 13656 13714
f 13129 13170 13130
f 13156 13659 13238
f 13660 13670 13666
f 13437 13175 13170
f 13705 13671 13651
f 13180 13198 13183
f 13672 13592 13673
f 13434 13159 13183
f 13672 13673 13681
f 13087 13185 13172
f 13163 13179 13186
f 13141 13171 13185
f 13610 13669 13673
f 13434 13183 13190
f 13666 13674 13683
f 13170 13175 13184
f 13183 13198 13190
f 13668 13709 13674
f 13172 13185 13174
f 13186 13224 13200
f 13186 13200 13125
f 13143 13133 13438
f 13593 13599 13675
f 13599 13537 13675
f 13157 13178 13161
f 13462 13449 13586
f 13681 13676 13677
f 13171 13187 13185
f 13171 13230 13187
f 13160 13188 13164
f 13130 13170 13203
f 13149 13130 13203
f 13185 13189 13174
f 13678 13593 13679
f 13185 13187 13189
f 13670 13674 13666
f 13439 13210 13207
f 13670 13668 13674
f 13683 13680 13682
f 13681 13682 13676
f 13669 13682 13673
f 13683 13682 13669
f 13673 13682 13681
f 13684 13507 12879
f 13683 13674 13680
f 13682 13685 13686
f 13156 13238 13195
f 13676 13682 13686
f 13187 13230 13189
f 13682 13680 13685
f 13198 13215 13190
f 13537 13664 13687
f 13688 13698 13692
f 13537 13687 13675
f 13191 13192 13179
f 13680 13674 13702
f 13593 13675 13679
f 13689 13238 13690
f 13690 13238 13694
f 13689 13690 13700
f 13125 13193 13194
f 13668 13714 13709
f 13175 13249 13184
f 13238 13240 13195
f 13125 13194 13435
f 13189 13230 13196
f 13189 13197 13180
f 13180 13197 13198
f 13137 13439 13257
f 13648 13678 13691
f 13178 13149 13199
f 13688 13692 13699
f 13178 13218 13161
f 13200 13440 13212
f 13160 13195 13188
f 13212 13440 13201
f 13606 13735 13529
f 13200 13212 13125
f 13680 13702 13685
f 13700 13690 13693
f 13440 13202 13201
f 13203 13170 13199
f 13184 13235 13170
f 13687 13696 13675
f 13201 13204 13212
f 13659 13694 13238
f 13175 13257 13249
f 13207 13205 13439
f 13678 13679 13691
f 13210 13206 13207
f 13164 13188 13208
f 13240 13248 13195
f 13676 13717 13677
f 13676 13686 13717
f 13189 13196 13197
f 13198 13197 13215
f 13674 13695 13702
f 13190 13215 13209
f 13190 13209 13210
f 13699 13696 13664
f 13698 13649 13697
f 13161 13268 13158
f 13674 13709 13695
f 13692 13698 13699
f 13149 13203 13199
f 13207 13211 13205
f 13207 13206 13211
f 13125 13212 13193
f 13687 13664 13696
f 13700 13693 13701
f 13700 13701 13689
f 13675 13696 13679
f 13193 13212 13204
f 13158 13268 13221
f 13191 13162 13192
f 13186 13225 13224
f 13179 13213 13186
f 13659 13637 13694
f 13230 13143 13438
f 13686 13685 13718
f 13702 13713 13685
f 13210 13209 13206
f 13714 13703 13704
f 13705 13873 13671
f 13693 13706 13701
f 13690 13694 13637
f 13679 13696 13691
f 13204 13194 13193
f 13200 13224 13440
f 13711 13707 13716
f 13201 13202 13214
f 13707 13708 13716
f 13695 13709 13712
f 13449 13742 13586
f 13707 13711 13708
f 13170 13235 13199
f 13215 13197 13216
f 13184 13249 13235
f 13711 13716 13713
f 13216 13197 13217
f 13216 13211 13220
f 13698 13697 13699
f 13686 13718 13717
f 13196 13230 13197
f 13439 13205 13301
f 13714 13648 13703
f 13699 13710 13696
f 13178 13199 13218
f 13221 13262 13277
f 13685 13713 13718
f 13695 13712 13702
f 13709 13714 13712
f 13711 13712 13708
f 13711 13713 13712
f 13649 13732 13720
f 13215 13216 13220
f 13221 13244 13245
f 13211 13216 13205
f 13201 13214 13204
f 13224 13305 13440
f 13714 13708 13712
f 13208 13188 13219
f 13715 13722 13721
f 13715 13716 13722
f 13215 13220 13209
f 13216 13217 13232
f 13197 13230 13217
f 13702 13712 13713
f 13690 13637 13693
f 13211 13206 13220
f 13221 13268 13244
f 13717 13718 13723
f 13209 13220 13206
f 13232 13217 13222
f 13199 13236 13218
f 13718 13713 13723
f 13717 13723 13677
f 13213 13228 13186
f 13716 13723 13713
f 13716 13715 13723
f 13223 13224 13225
f 13232 13226 13227
f 13179 13228 13213
f 13708 13719 13716
f 13699 13697 13710
f 13356 13795 13832
f 13708 13714 13719
f 13714 13704 13719
f 13732 13731 13720
f 13715 13721 13723
f 13162 13164 13229
f 13731 13738 13720
f 13721 13722 13723
f 13883 13433 12757
f 13222 13230 13231
f 13217 13230 13222
f 13222 13231 13232
f 13202 13233 13214
f 13202 13440 13234
f 13199 13235 13236
f 13192 13228 13179
f 13164 13208 13237
f 13693 13724 13706
f 13223 13243 13224
f 13439 13301 13257
f 13691 13696 13710
f 13218 13281 13161
f 13671 13873 12879
f 13162 13229 13192
f 13238 13239 13240
f 13235 13249 13236
f 13244 13268 13241
f 13239 13238 13689
f 13194 13204 13242
f 13305 13224 13243
f 13697 13649 13727
f 13291 13689 13725
f 13194 13242 13435
f 13677 13723 13726
f 13226 13232 13231
f 13244 13241 13245
f 13245 13246 13221
f 13701 13725 13689
f 13240 13247 13248
f 13649 13720 13727
f 13240 13239 13247
f 13249 13250 13236
f 13693 13728 13724
f 13720 13738 13736
f 13204 13214 13441
f 13164 13237 13259
f 13225 13186 13251
f 13402 13726 13746
f 13704 13729 13719
f 13218 13236 13281
f 13281 13268 13161
f 13164 13259 13229
f 13202 13234 13233
f 13693 13637 13744
f 13242 13204 13252
f 13703 13729 13704
f 13208 13253 13237
f 13208 13219 13253
f 13246 13245 13269
f 13720 13736 13727
f 13245 13241 13274
f 13219 13188 13254
f 13247 13255 13248
f 13227 13307 13232
f 13257 13301 13256
f 13257 13256 13249
f 13243 13223 13265
f 13241 13258 13274
f 13402 13744 13726
f 13693 13744 13728
f 13738 13730 13736
f 13731 13732 13745
f 13732 13649 13733
f 13192 13229 13259
f 13259 13260 13192
f 13228 13341 13186
f 13188 13195 13261
f 13441 13214 13442
f 13726 13723 13734
f 13249 13256 13250
f 13697 13727 13736
f 13262 13221 13246
f 14093 13277 13433
f 12757 13356 14105
f 13529 13735 13507
f 13689 13291 13239
f 13243 13265 13305
f 13440 13305 13234
f 13204 13441 13252
f 13241 13268 13276
f 13268 13281 13263
f 13247 13264 13255
f 13223 13225 13265
f 13266 13225 13251
f 13706 13724 13701
f 13227 13226 13307
f 13648 13691 13703
f 13691 13710 13750
f 13697 13736 13710
f 13258 13241 13276
f 13242 13252 13267
f 13435 13242 13267
f 13268 13263 13276
f 13245 13274 13269
f 13260 13259 13379
f 13192 13270 13228
f 13188 13261 13254
f 13226 13231 13307
f 13205 13216 13301
f 13736 13730 13737
f 13730 13738 13737
f 13738 13731 13739
f 13710 13736 13740
f 13796 14070 13795
f 13305 13265 13279
f 12879 13507 13741
f 13233 13271 13214
f 13192 13260 13270
f 13228 13270 13272
f 13265 13225 13266
f 13258 13273 13274
f 13732 13733 13745
f 13433 13277 13326
f 13234 13286 13233
f 13449 13451 13742
f 13214 13271 13442
f 13438 13435 13288
f 13247 13239 13264
f 13719 13729 13748
f 13606 13667 13512
f 13728 13794 13724
f 13274 13273 13296
f 13274 13296 13269
f 13261 13195 13275
f 13701 13724 13743
f 13258 13276 13273
f 13738 13739 13737
f 13246 13299 13262
f 13262 13299 13277
f 13736 13737 13739
f 13728 13744 13794
f 13267 13252 13435
f 13441 13442 13278
f 13281 13236 13443
f 13252 13441 13278
f 13251 13186 13312
f 13195 13248 13275
f 13250 13295 13236
f 13263 13297 13276
f 13731 13745 13739
f 13606 13512 13735
f 13276 13297 13273
f 13726 13734 13746
f 13234 13305 12758
f 13246 13269 13280
f 13725 13701 13324
f 13725 13324 13751
f 13265 13266 13279
f 13794 13744 13747
f 13729 13703 13748
f 13236 13295 13443
f 13269 13296 13280
f 13745 13733 13739
f 13263 13281 13282
f 13239 13292 13264
f 13239 13291 13283
f 13260 13379 13270
f 13263 13282 13297
f 13442 13271 13284
f 13296 13273 13297
f 13736 13739 13749
f 13283 13292 13239
f 12758 13285 13234
f 13750 13710 12717
f 13256 13301 13290
f 13286 13234 13285
f 13286 13285 13271
f 13286 13271 13233
f 13305 13279 13287
f 13228 13272 13341
f 13186 13341 13338
f 13252 13288 13435
f 13301 13216 13302
f 13301 13289 13303
f 13256 13290 13250
f 13703 13691 13750
f 13281 13443 13282
f 13246 13280 13299
f 13725 13751 13291
f 13291 13751 13283
f 13739 13733 13749
f 13264 13292 13293
f 13219 13294 13253
f 13219 13254 13294
f 13266 13251 13298
f 13701 13743 13324
f 13301 13303 13290
f 13250 13290 13295
f 13733 13649 13586
f 13277 13299 13355
f 13280 13296 13297
f 13716 13405 13722
f 13280 13297 13299
f 13285 13444 13271
f 13255 13264 13364
f 13733 13586 13749
f 13671 12879 13651
f 13736 13749 13752
f 13736 13752 13740
f 13748 13703 13755
f 13264 13293 13364
f 13251 13312 13298
f 13586 13752 13749
f 13512 13753 13735
f 13297 13355 13299
f 13512 13796 13753
f 13748 13755 13719
f 13507 13735 13753
f 13259 13237 13360
f 13279 13266 13333
f 13248 13255 13300
f 13722 13400 13723
f 13722 13405 13400
f 13289 13301 13302
f 13289 13302 13303
f 13710 13740 12717
f 13324 13743 13756
f 13288 13252 13304
f 13355 13297 13282
f 13438 13288 13337
f 12758 13305 13306
f 13305 13287 13306
f 13216 13232 13307
f 13290 13303 13308
f 13295 13309 13443
f 13282 13354 13355
f 13507 13753 13795
f 13750 13754 13703
f 13279 13333 13287
f 13266 13298 13310
f 13271 13317 13284
f 13186 13311 13312
f 13755 13703 13754
f 13282 13443 13354
f 13284 13327 13442
f 13723 13400 13734
f 13270 13313 13272
f 13186 13338 13311
f 13248 13300 13320
f 13248 13320 13275
f 13724 13794 13770
f 13740 13752 12775
f 13753 13796 13795
f 13298 13312 13316
f 13255 13364 13300
f 13284 13317 13314
f 13284 13314 13315
f 13770 13794 13747
f 13755 13761 13719
f 13303 13302 13308
f 13443 13309 13411
f 13755 13763 13761
f 13756 13743 13757
f 13292 12755 13293
f 13283 13751 12726
f 13298 13316 13310
f 13755 13754 13763
f 13317 13319 13314
f 13266 13310 13333
f 13304 13252 13445
f 13292 13283 12755
f 13756 13757 13758
f 13756 13758 13324
f 13270 13379 13313
f 13314 13318 13315
f 13284 13315 13336
f 13360 13237 13253
f 13317 13271 13319
f 13261 13275 13320
f 13743 13724 13759
f 13744 13769 13747
f 13231 13230 13321
f 13443 13411 13354
f 13757 13743 13797
f 13757 13760 13758
f 13763 13762 13761
f 13259 13360 13339
f 13762 13763 13767
f 13750 12717 13754
f 13253 13294 13360
f 13278 13445 13252
f 13314 13319 13318
f 13438 13337 13322
f 13324 13758 13325
f 13295 13290 13323
f 13758 13760 13343
f 13325 13758 13349
f 13324 13325 13751
f 13316 13312 13310
f 13719 13761 13764
f 13308 13323 13290
f 13295 13323 13309
f 13277 13355 13326
f 13719 13765 13716
f 13284 13336 13327
f 13757 13797 13760
f 13319 13328 13318
f 13261 13320 13254
f 13310 13312 13311
f 13293 12755 13364
f 12726 13751 13390
f 13343 13760 13352
f 13318 13329 13330
f 13318 13330 13315
f 13315 13330 13331
f 13797 13743 13766
f 13278 13442 13445
f 13763 13754 13767
f 13586 13742 13798
f 13356 12757 13332
f 13231 13321 13307
f 13767 13754 13768
f 13310 13311 13333
f 13320 13335 13254
f 13743 13759 13766
f 13341 13272 13359
f 13287 13333 13334
f 13300 13335 13320
f 13315 13331 13336
f 13759 13724 13770
f 13762 13767 13772
f 13288 13304 13337
f 13338 13333 13311
f 13741 13507 13795
f 13744 13402 13769
f 13740 12775 12717
f 13271 13444 13344
f 13379 13259 13339
f 13283 12726 13446
f 13751 13325 13390
f 13319 13351 13328
f 13300 13347 13335
f 13318 13328 13329
f 13760 13797 13368
f 13327 13382 13442
f 13308 13302 13340
f 13762 13772 13761
f 13230 13438 13321
f 13333 13338 13334
f 13336 13331 13327
f 13341 13334 13338
f 13287 13334 13306
f 13758 13343 13342
f 13328 13363 13329
f 13343 13352 13342
f 13340 12788 13308
f 13254 13335 13294
f 13325 13349 13390
f 13271 13344 13319
f 13327 13331 13382
f 13300 13364 13347
f 13349 13361 13390
f 13797 13776 13368
f 13438 13345 13321
f 13302 13346 13340
f 13308 12788 13323
f 13335 13347 13294
f 13285 12758 13444
f 13272 13313 13359
f 13306 13334 13348
f 13319 13366 13351
f 13349 13758 13350
f 13328 13351 13363
f 13352 13368 13342
f 13352 13760 13368
f 13776 13797 13766
f 13770 13747 13779
f 13307 13353 13421
f 13354 13411 13355
f 13356 13332 13795
f 13334 13357 13348
f 13651 12879 13771
f 13347 13364 13294
f 13334 13341 13357
f 13349 13350 13361
f 13330 13358 13331
f 13445 13442 13378
f 13747 13769 13779
f 13340 13373 12788
f 13776 13774 13368
f 13341 13359 13357
f 13294 13364 13360
f 13348 13357 13306
f 13758 13342 13350
f 13307 13417 13216
f 13307 13421 13417
f 13361 13350 13390
f 13358 13330 13362
f 13330 13329 13362
f 13438 13322 13345
f 13331 13358 13382
f 13767 13768 13772
f 13754 13773 13768
f 13759 13372 13766
f 13351 13366 13363
f 13363 13374 13329
f 13329 13374 13387
f 13774 13776 13775
f 13776 13766 13372
f 13759 12730 13372
f 13719 13764 13765
f 13359 13313 13357
f 13382 13358 13383
f 13716 13765 13405
f 13364 12755 13365
f 13360 13364 13365
f 13329 13387 13362
f 12758 13306 12767
f 13319 13344 13366
f 13366 13367 13363
f 13342 13368 13369
f 13342 13369 13350
f 13362 13370 13358
f 13302 13216 13371
f 13350 13376 13390
f 13368 13774 13369
f 13358 13370 13383
f 13382 13377 13442
f 13380 13372 12730
f 13413 13373 13340
f 13374 13363 13367
f 13362 13387 13370
f 13360 13365 13339
f 13761 13772 13786
f 12788 13381 13323
f 13776 13369 13775
f 13357 13375 13306
f 13350 13369 13376
f 13774 13775 13369
f 13442 13377 13378
f 13445 13378 13304
f 13307 13321 13353
f 13776 13372 13369
f 13313 13375 13357
f 13339 13392 13379
f 13374 13367 13388
f 13339 13365 13392
f 13390 13376 13389
f 13375 12716 13306
f 13369 13372 13380
f 13378 13386 13304
f 13323 13381 13309
f 13382 13383 13384
f 13379 13375 13313
f 13392 13375 13379
f 13370 13384 13383
f 13367 13366 13385
f 13369 13391 13376
f 13304 13386 13337
f 13761 13786 13764
f 13382 13384 13377
f 13374 13388 13387
f 13283 13446 12755
f 13370 13387 13384
f 13376 13393 13389
f 13367 13385 13388
f 13389 13393 13390
f 13759 13770 12730
f 13340 13346 13413
f 13786 13772 13777
f 13777 13772 13768
f 13387 13388 13384
f 13376 13391 13393
f 13369 13380 13391
f 13380 13393 13391
f 13384 13388 13377
f 13365 12755 13392
f 12726 13390 13071
f 13388 13385 13377
f 13366 13344 13385
f 13390 13393 13071
f 13321 13345 13394
f 13353 13321 13395
f 13373 13413 13396
f 13216 13417 13371
f 13345 13397 13394
f 13734 13778 13746
f 13754 12717 13773
f 13353 13395 13421
f 13386 13378 12725
f 13322 13397 13345
f 13400 13778 13734
f 13768 13785 13777
f 13392 13398 13375
f 13411 13309 13381
f 13375 13398 12716
f 13392 12755 13070
f 13444 12758 12803
f 12730 13770 13779
f 13402 13746 12731
f 13395 13321 13399
f 13321 13394 13399
f 13400 13401 13778
f 13752 10471 12775
f 13444 12721 13344
f 13344 12732 13385
f 13377 13385 12741
f 13393 13380 13071
f 13337 13386 13406
f 13402 13403 13769
f 13302 13371 13346
f 13373 13404 12788
f 13451 13651 13771
f 13746 13778 12731
f 13070 13398 13392
f 13337 13406 13322
f 13400 13405 13418
f 13785 13768 13780
f 13377 12741 13378
f 13385 12732 12741
f 13322 13406 13397
f 13355 13407 13326
f 13386 12725 13406
f 13394 13397 13408
f 13778 13401 13409
f 13399 13394 13408
f 13398 13070 12716
f 13071 13380 12730
f 13403 13402 13447
f 13402 12731 13447
f 13773 12717 12718
f 13344 12719 12732
f 13344 12720 12719
f 13778 13409 13410
f 13395 13399 13408
f 13769 13403 12737
f 13395 13408 13429
f 12725 13378 12738
f 13344 12721 12720
f 13444 12803 12721
f 13769 12728 13779
f 13400 13418 13401
f 13373 13396 13404
f 13780 13768 13773
f 13778 13410 12731
f 12726 12722 13072
f 12726 12723 12722
f 13401 13419 13409
f 12726 13071 12723
f 12755 13077 13070
f 12720 12724 12719
f 13769 12737 12728
f 13421 13395 13425
f 13401 13418 13419
f 13396 13413 13404
f 13411 12821 13355
f 13403 13447 12737
f 13395 13429 13425
f 12725 12738 13406
f 13446 12726 13072
f 12720 12727 12724
f 13409 13419 13427
f 13421 13420 13417
f 13765 13764 13405
f 13346 13412 13413
f 13780 13773 13788
f 13397 13414 13408
f 12728 12729 13779
f 13409 13427 13422
f 13779 12729 12730
f 13777 13785 13786
f 13781 13405 13782
f 13415 12742 13416
f 13404 13431 12788
f 12731 13410 13426
f 13781 13783 12750
f 12732 12739 12741
f 13371 13417 13346
f 13782 13783 13781
f 13416 13417 13415
f 13418 13405 13781
f 13429 13408 13414
f 13418 13427 13419
f 13782 13405 13764
f 13413 13431 13404
f 13417 13420 13415
f 13346 13417 13412
f 13418 13781 13427
f 13424 12742 13415
f 13781 12750 13423
f 13782 13764 13784
f 13781 13423 13427
f 13421 13425 13420
f 12728 12748 12729
f 13784 13764 13785
f 13071 12730 12754
f 13409 13422 13423
f 13429 13424 13425
f 13786 13785 13764
f 12731 13426 13447
f 12717 12775 12776
f 13412 13416 13431
f 13416 13412 13417
f 13422 13427 13423
f 13413 13412 13431
f 13415 13420 13424
f 13397 13406 13414
f 13416 12742 13428
f 13429 12745 13424
f 13782 13787 13783
f 13409 13423 13410
f 13425 13424 13420
f 13416 13430 13431
f 13424 13432 12742
f 13785 13780 13784
f 13782 13784 13787
f 13424 12745 13432
f 13783 12746 12750
f 13430 12788 13431
f 13429 12753 12745
f 13429 13414 12753
f 13780 13788 13784
f 12724 12733 12719
f 13406 12734 13414
f 13432 12743 12742
f 13447 13426 12737
f 12741 12739 12735
f 13432 12745 12736
f 12737 13426 12728
f 13783 13787 12746
f 13416 13428 13430
f 13406 12738 12734
f 12732 12719 12739
f 12745 12740 12736
f 13378 12741 12738
f 13411 13381 12821
f 13355 12821 13407
f 13752 13586 13798
f 12771 12757 13433
f 12749 12728 13426
f 13428 12742 12744
f 12742 12743 12744
f 12745 12753 12740
f 13432 12736 12743
f 13430 13428 12762
f 12728 12749 12748
f 13414 12734 12751
f 13414 12751 12753
f 12746 13787 12747
f 12750 12746 12747
f 13787 13784 13789
f 13784 13788 13789
f 12739 12719 12733
f 13426 12748 12749
f 13428 12744 12762
f 13423 12750 13410
f 12751 12752 12753
f 12734 12738 12751
f 13071 12754 12723
f 12755 12756 12812
f 12735 12765 12741
f 12757 12834 13332
f 12758 12759 12803
f 12738 12741 12766
f 12720 12721 12727
f 12739 12733 12735
f 12751 12738 12764
f 12730 12729 12754
f 12751 12760 12752
f 12744 12761 12762
f 12723 12754 12763
f 12764 12760 12751
f 12735 12733 12765
f 12741 12765 12766
f 12716 13070 12798
f 12738 12766 12764
f 12748 12770 12729
f 13306 12716 12767
f 13446 13072 12768
f 12764 12781 12760
f 12748 13426 12806
f 12766 12781 12764
f 13789 12769 13787
f 12723 12763 12722
f 12770 12748 12785
f 13433 13326 12771
f 12743 12772 12744
f 13072 12773 12768
f 12748 12806 12785
f 12760 12781 12774
f 12775 10471 12776
f 12766 12765 12733
f 12750 12747 12777
f 12754 13073 12763
f 12758 12767 12759
f 12752 12782 12753
f 12722 12778 13072
f 12729 12770 12779
f 12754 12729 13073
f 12752 12760 12782
f 13407 12780 13326
f 12788 12792 13381
f 13073 12729 12779
f 12774 12781 12782
f 12781 12766 12782
f 12783 13426 12784
f 13426 13410 12784
f 12770 12785 12779
f 12834 12757 12771
f 12766 12733 12786
f 12779 12785 12806
f 13077 12755 12812
f 12733 12724 12787
f 12763 13074 12722
f 12760 12774 12782
f 12788 13430 12793
f 12766 12786 12789
f 13451 13790 13742
f 12784 13410 12790
f 12788 12793 12792
f 13410 12750 12790
f 12724 13081 12787
f 13072 12778 12773
f 12763 13073 13074
f 12733 12787 12786
f 12722 13074 12778
f 12740 12791 12736
f 12766 12789 12782
f 13073 12779 12874
f 12743 12736 12791
f 12755 13446 12756
f 12779 12806 12873
f 12727 12721 12803
f 12792 12793 12825
f 10471 13752 13798
f 12779 12873 12874
f 13073 12874 13074
f 12782 12789 12915
f 13742 13790 13798
f 13430 12762 12794
f 13430 12794 12793
f 12717 12776 12718
f 12724 12795 13081
f 12786 12914 12789
f 12806 13426 12796
f 12789 12914 12915
f 12727 12795 12724
f 12786 12787 12914
f 12753 12782 12797
f 12740 12753 12791
f 12767 12716 12798
f 13787 12829 12747
f 12795 12727 12799
f 12727 12803 12799
f 12773 12800 12768
f 12773 12778 12800
f 13788 13773 12819
f 13741 13795 12946
f 12756 13075 12812
f 13446 12801 13075
f 13446 13075 12756
f 13446 12768 12801
f 12768 12800 12801
f 12778 13074 13056
f 12777 12747 12829
f 12782 12915 12863
f 12776 10471 12718
f 12791 12753 12802
f 12799 12803 12759
f 12799 12759 12804
f 12753 12797 12802
f 13787 12769 12829
f 12782 12863 12797
f 13426 12783 12796
f 12812 13075 12815
f 12819 13773 12718
f 12790 12750 12805
f 12873 12806 12796
f 12873 12796 12807
f 13789 13788 12828
f 13381 12792 12808
f 12873 12807 10536
f 12762 12761 12794
f 13075 12801 12822
f 12809 12854 12810
f 12815 12810 12811
f 12815 12811 12812
f 12795 12799 12813
f 12767 12814 12759
f 12795 12813 13081
f 12767 12892 12814
f 12792 12825 12808
f 12815 13075 12822
f 12810 12815 12822
f 12810 12854 12811
f 13795 13332 12946
f 12799 12804 12813
f 12800 13056 12801
f 12810 12823 12809
f 12778 13056 12800
f 12743 12882 12772
f 12750 12777 12805
f 12821 13381 12816
f 13407 12817 12780
f 13790 10471 13798
f 12804 12759 12813
f 12809 12823 12854
f 13789 12818 12769
f 13788 12819 12828
f 12759 12814 12856
f 12761 12744 12820
f 12784 12790 12851
f 12790 12805 12824
f 12743 12791 12882
f 12744 12772 12820
f 13407 12821 12817
f 12759 12856 12813
f 12856 12814 12892
f 12810 12822 12823
f 12783 12784 12851
f 12790 12824 12851
f 12818 13789 12828
f 12825 12793 12826
f 12825 12826 12808
f 12821 12816 12817
f 12801 13055 12822
f 12801 13056 13055
f 13326 12780 12836
f 12783 12851 12796
f 12812 12811 12854
f 12791 12802 12882
f 12772 12882 12827
f 12777 13076 12805
f 12777 12829 13076
f 12761 12793 12794
f 12828 12831 12818
f 12808 12826 12846
f 12829 12830 13076
f 12805 13076 12824
f 12819 12718 12831
f 12827 12820 12772
f 12793 12846 12826
f 12828 12819 12831
f 12761 12832 12793
f 12769 12818 12829
f 12829 12818 12830
f 12761 12820 12833
f 12946 13332 12834
f 12882 12835 12827
f 12827 12835 12833
f 12823 12822 12854
f 12780 12817 12836
f 12761 12833 12832
f 12793 12832 12846
f 12831 12837 12818
f 12824 13076 12875
f 12818 12837 12830
f 12859 12855 12838
f 12859 12875 12855
f 12835 12852 12833
f 12839 12840 12883
f 12839 12883 12841
f 12839 12831 12840
f 12827 12833 12820
f 12839 12841 12831
f 12835 12842 12852
f 12847 12846 12843
f 12832 12833 12844
f 12837 12831 12841
f 13076 12830 12855
f 13076 12855 12875
f 12855 12830 12841
f 12915 12845 12863
f 12846 12847 12848
f 12832 12844 12846
f 12841 12830 12837
f 12842 12835 12849
f 12846 12844 12843
f 12833 12850 12844
f 12852 12850 12833
f 12767 12798 13079
f 12851 12824 12875
f 12849 12852 12842
f 12843 12853 12847
f 12848 12847 12853
f 12861 12849 12905
f 12812 12854 10467
f 12852 12890 12850
f 12855 12841 12869
f 12856 12892 12813
f 13077 12812 12857
f 12838 12858 12859
f 12796 12851 13068
f 12860 12838 12858
f 12849 12861 12852
f 12843 12844 12862
f 12863 12864 12797
f 12838 12855 12888
f 12849 12835 12905
f 12869 12841 12887
f 12853 12843 12865
f 12883 12840 12866
f 13070 13077 12867
f 12861 12868 12852
f 12888 12855 12869
f 12853 12865 12878
f 12846 12848 12878
f 12817 12816 12836
f 12838 12888 12858
f 13451 12870 13790
f 12859 12858 12889
f 12831 12871 12840
f 12852 12868 12890
f 12843 12862 12865
f 12883 12866 12885
f 12853 12878 12848
f 12808 12872 13381
f 12866 12897 12885
f 12873 10536 12874
f 12840 12871 12866
f 12859 12889 12875
f 12850 12876 12877
f 12850 12877 12844
f 12846 12878 12808
f 13771 12879 13078
f 12874 10536 13074
f 12868 12861 12880
f 12889 12881 12875
f 12835 12882 12905
f 12868 12880 12890
f 12844 12877 12862
f 12841 12883 12884
f 12863 12845 12864
f 12807 12796 13068
f 12861 12905 12880
f 12890 12876 12850
f 12887 12841 12884
f 12884 12883 12885
f 13451 13771 12870
f 12802 12797 12864
f 12798 13070 12867
f 12884 12886 12887
f 12888 12889 12858
f 12890 12891 12876
f 12808 12878 12907
f 12808 12907 12872
f 12802 12864 12916
f 12885 12897 12884
f 12890 12880 12891
f 12862 12877 12865
f 12802 12916 12882
f 12880 12905 12891
f 12866 12871 12897
f 12892 12767 12893
f 12889 12888 12881
f 12869 12913 12888
f 12865 12907 12878
f 12886 12921 12887
f 12888 12894 12881
f 12812 10467 12895
f 12876 12891 12903
f 12897 12896 12884
f 12871 12896 12897
f 12891 12905 12903
f 12884 12896 12886
f 12887 12898 12911
f 12865 12877 12899
f 12870 13771 13078
f 12886 12896 12921
f 12887 12921 12898
f 12876 12900 12877
f 12869 12887 12911
f 12865 12899 12907
f 12888 12913 12894
f 12876 12903 12900
f 12877 12900 12899
f 12871 12922 12896
f 12879 13741 13078
f 12881 12894 12910
f 12913 12869 12911
f 12907 12899 12919
f 12894 12913 12901
f 12872 12902 13381
f 12900 12903 12904
f 12903 12905 12904
f 12896 12922 12921
f 12875 12881 12910
f 12899 12900 12906
f 12907 12919 12872
f 12718 12908 12831
f 12898 12921 12909
f 12894 12901 12910
f 12911 12912 12913
f 12914 12787 12915
f 12851 12875 13068
f 12875 12910 13068
f 12882 12916 12905
f 12911 12898 12912
f 12905 12917 12904
f 12898 12918 12912
f 12898 12909 12918
f 12919 12899 12920
f 12921 12922 12871
f 12904 12917 12923
f 12904 12923 12900
f 12909 12921 12924
f 12901 12913 12925
f 12909 12924 12918
f 12905 12916 12917
f 12901 12925 12910
f 12913 12912 12926
f 12813 12892 10644
f 12906 12900 12927
f 12919 12928 12872
f 12836 12929 13326
f 12831 12908 12871
f 13055 12854 12822
f 12807 13068 12959
f 12917 12916 12930
f 12917 12930 12923
f 12925 12913 12926
f 12912 12918 12926
f 12920 12928 12919
f 12899 12906 12920
f 12921 12871 12924
f 12900 12923 12927
f 12906 12927 12920
f 12910 12925 12933
f 12925 12926 12931
f 12925 12931 12933
f 12910 12932 13068
f 12910 12933 12932
f 12872 12934 12902
f 12908 13018 12871
f 12767 13079 12893
f 12872 12928 12934
f 12926 12918 12935
f 12920 12936 12928
f 12946 12991 13741
f 12807 12959 12937
f 12927 12923 12938
f 12918 12924 12939
f 12924 12871 12941
f 13078 13741 12940
f 12920 12927 12936
f 12942 12941 12871
f 12871 13018 12942
f 12937 12959 12943
f 12927 12938 12936
f 12918 12944 12935
f 12918 12939 12944
f 12834 12771 10604
f 12834 12945 12946
f 12926 12935 12947
f 12933 12931 12947
f 12940 13741 12948
f 12916 12864 12954
f 12931 12926 12947
f 12923 12930 12938
f 12924 12941 12939
f 12928 12936 12949
f 12942 12950 12941
f 12947 12932 12933
f 13741 12991 12948
f 12930 12951 12938
f 12941 12952 12939
f 12935 13049 12947
f 12936 12938 12951
f 12930 13002 12951
f 12798 12867 12957
f 12934 12928 12953
f 12936 12951 12949
f 12867 13077 12957
f 12864 12845 12954
f 12946 12955 12974
f 12946 12974 12991
f 12946 12945 12955
f 12930 12956 13002
f 12798 12957 12986
f 12928 12949 12953
f 12953 12960 12934
f 12952 12944 12939
f 12950 13017 12941
f 12950 12942 13017
f 13077 12857 12958
f 12959 13068 12943
f 13049 12932 12947
f 12960 12965 12934
f 12935 12944 13049
f 12941 13017 12952
f 12956 12930 12961
f 12956 12961 12963
f 13077 12958 12957
f 13017 12942 13018
f 13326 12929 12966
f 12870 13078 12962
f 13054 12932 13049
f 12956 12963 13002
f 12948 12991 12964
f 12974 12955 12988
f 12960 12953 12965
f 13326 12966 12771
f 12955 12989 12988
f 12940 12948 12967
f 12932 13054 12976
f 12807 12937 10536
f 12971 12969 12968
f 12978 12969 12971
f 12969 12978 12970
f 12993 12970 12971
f 12970 12993 12972
f 12948 12964 13009
f 12973 13026 12977
f 12974 12975 12991
f 12993 12976 12972
f 12977 13006 12973
f 13078 12940 12967
f 12948 13009 12967
f 12986 13080 12798
f 12971 12970 12978
f 12893 12979 12892
f 12951 12980 12949
f 12836 12816 12929
f 12929 12981 12966
f 12974 12988 12982
f 12945 13053 12955
f 12974 12982 12983
f 13081 12813 10473
f 12955 12984 12989
f 12945 12834 13053
f 12957 12985 12986
f 12812 12895 12857
f 12977 13026 12987
f 12976 12994 12972
f 12929 12816 12981
f 12974 12983 10544
f 12955 13053 12984
f 13078 12967 12962
f 12988 12989 13004
f 12974 12990 12975
f 12986 12985 13080
f 12954 12845 13007
f 12970 12972 12994
f 12991 12975 12992
f 12974 10544 12990
f 12962 12967 13010
f 12798 13080 13079
f 12976 12993 12994
f 13009 12964 12995
f 12963 12961 13032
f 12990 13011 12975
f 12967 13009 13010
f 12996 12968 13057
f 12981 12816 12997
f 12984 12998 12989
f 12964 12992 12995
f 12982 12988 12999
f 12964 12991 12992
f 12957 12958 12985
f 12990 10544 13058
f 12985 10493 13080
f 13074 10663 13056
f 13000 13001 13026
f 13026 13001 12987
f 13002 13003 12951
f 12989 12998 13004
f 12982 12999 12983
f 12988 13004 12999
f 13006 13005 12973
f 12977 13005 13006
f 13032 13006 13005
f 10493 10518 13080
f 12954 13007 12916
f 13080 10518 13008
f 13079 13080 13008
f 13009 10474 13010
f 13011 13012 12975
f 12985 13039 10493
f 12985 13013 13039
f 12934 13014 12902
f 13008 13015 13079
f 12893 13079 13015
f 12958 12857 13016
f 12857 12895 13016
f 12952 13017 13018
f 12990 13019 13011
f 12984 13053 12998
f 10474 13009 12995
f 12958 13016 12985
f 12915 12787 13022
f 13011 13019 13012
f 12995 12992 13020
f 13008 10518 13021
f 12787 13081 13022
f 12961 12930 13023
f 13013 13031 13039
f 12893 13015 13024
f 12893 13024 12979
f 12965 13014 12934
f 12981 12997 12966
f 12930 12916 13023
f 13008 13021 13015
f 13013 12985 13031
f 12968 12969 13057
f 12983 12999 10544
f 12992 12975 13020
f 12816 13381 10477
f 12985 13016 13031
f 13003 10508 12951
f 13016 12895 13037
f 13024 13015 13025
f 13057 12969 10480
f 13026 12973 13027
f 12977 12987 13005
f 13015 13021 10494
f 12965 12953 10469
f 12962 13010 12870
f 12895 10467 13038
f 12816 10477 12997
f 13025 13015 10494
f 13005 10486 13032
f 13016 13028 13031
f 13081 10473 13022
f 13001 13026 13027
f 12943 13068 13029
f 13016 13037 13030
f 13031 13028 13046
f 13016 13030 13028
f 12895 13038 13037
f 13032 12961 10486
f 12963 13032 13002
f 12951 10508 12980
f 12932 13033 13068
f 12854 13055 13034
f 12813 10644 10473
f 13024 13025 12979
f 12990 13058 13019
f 12969 12970 10480
f 12971 12968 13035
f 12975 13036 13020
f 12971 13035 12993
f 13037 13038 13030
f 12854 13034 10467
f 13033 12932 12976
f 13021 10518 10494
f 13039 13031 10472
f 13001 13057 12987
f 12970 12994 13047
f 12902 13014 13381
f 12965 13040 13014
f 12937 12943 13029
f 13025 10494 10643
f 12916 13007 13041
f 12979 13025 13051
f 13038 10467 13030
f 13028 13030 13043
f 13025 10643 13051
f 13028 13043 13046
f 10471 13790 13060
f 12980 13042 12949
f 12892 12979 10644
f 12965 10469 13040
f 13030 10467 13043
f 13019 13058 13044
f 10467 13045 13043
f 10467 13034 13048
f 13031 13046 10472
f 12994 12993 13047
f 10467 13048 13045
f 10536 10663 13074
f 12975 13012 13036
f 13045 13048 13043
f 12916 13041 13023
f 13046 13043 10472
f 13054 13049 10516
f 13057 13050 12987
f 12979 13051 10643
f 12973 13005 13027
f 12979 10643 10644
f 12944 12952 13052
f 13053 12834 10475
f 13032 13066 13002
f 12915 10468 12845
f 12976 13054 10516
f 12976 10516 10505
f 12970 13047 10904
f 13055 13056 11505
f 12953 12949 10469
f 13007 12845 10468
f 13057 13001 10504
f 13057 10480 13050
f 13014 10497 13381
f 13007 10468 13041
f 13058 10544 13044
f 13052 12952 10511
f 13040 10469 13061
f 10504 13001 13027
f 13027 13005 13059
f 12999 10546 10544
f 12976 10505 13033
f 12952 13018 10511
f 10486 12961 10485
f 13005 12987 13059
f 10470 10471 10639
f 13002 10514 13003
f 12980 10508 13042
f 12949 13082 10469
f 13059 12987 10476
f 13790 12870 13060
f 13014 13040 13061
f 13039 10472 10492
f 12970 10481 10480
f 12944 13052 13062
f 10536 12937 13029
f 13032 10486 13066
f 12970 10904 10481
f 10904 13047 13065
f 13040 13063 13061
f 10497 13014 13061
f 13047 13064 13065
f 13022 10473 10651
f 12944 13062 13049
f 13010 10474 9343
f 13018 12908 10511
f 13049 13062 10501
f 13068 13069 10664
f 10485 12961 13066
f 13057 10504 12968
f 12949 13042 13082
f 10476 12987 13050
f 9343 10474 12995
f 12993 10478 13047
f 12961 13023 13066
f 10475 12834 9459
f 13035 10478 12993
f 10476 13050 10503
f 12771 12966 10604
f 12968 10504 10489
f 12998 10475 13004
f 12995 13020 10482
f 13381 10794 10477
f 13050 10480 10489
f 13047 10478 13065
f 13002 13066 10514
f 13061 10469 10487
f 13004 10475 10479
f 13043 13048 13067
f 12968 10478 13035
f 12997 10477 12966
f 10471 13060 10639
f 12968 10489 10478
f 10480 10481 10489
f 12718 10471 12908
f 13027 13059 10476
f 13065 10478 10904
f 10476 10503 10483
f 12999 13004 10546
f 13004 10479 10546
f 12915 13022 10690
f 12995 10482 9343
f 10481 10904 10902
f 13027 10476 10483
f 10511 12908 10484
f 13029 13068 10664
f 12998 13053 10475
f 10485 13066 10486
f 13061 10487 10488
f 10478 10489 10490
f 10904 10478 10902
f 13050 10489 10503
f 13060 10491 10639
f 13039 10492 10493
f 13049 10501 10516
f 13068 10506 13069
f 10643 10494 10495
f 13066 13023 10514
f 13027 10483 10499
f 10478 10903 10902
f 13068 13033 10506
f 13012 13019 10496
f 10794 13381 10497
f 10487 10469 10500
f 10504 13027 10512
f 10489 10481 10498
f 10483 10503 10499
f 10487 10500 10513
f 10478 10481 10903
f 10489 10498 10490
f 13027 10499 10512
f 10481 10490 10498
f 10487 10513 10488
f 10478 10490 10481
f 13061 10488 10497
f 10501 13062 10502
f 10503 10504 10512
f 10505 10506 13033
f 10469 10513 10500
f 10501 10502 10507
f 13062 13052 10502
f 13003 10514 10508
f 13042 10508 10509
f 10508 10514 10510
f 10511 10484 13052
f 10488 10532 10497
f 10512 10499 10503
f 10469 10488 10513
f 10489 10504 10503
f 10514 13023 10515
f 13042 10509 13082
f 10501 10507 10516
f 10516 10517 10505
f 10506 10505 10517
f 13082 10488 10469
f 10508 10510 10907
f 13082 10509 10526
f 10514 10515 10510
f 10508 10907 10509
f 10518 10683 10494
f 10509 10907 10519
f 13082 10526 10488
f 10502 10520 10507
f 10502 13052 10521
f 10507 10520 10522
f 10516 10507 10517
f 10502 10521 10520
f 10509 10519 10535
f 10506 10517 13069
f 13036 13012 13020
f 13048 13034 10523
f 10509 10535 10526
f 13052 10484 10521
f 10510 10515 10524
f 10907 10510 10524
f 10488 10526 10905
f 10507 10522 10525
f 10507 10525 10517
f 10488 10905 10906
f 13067 13048 10523
f 10521 10484 10537
f 10526 10527 10905
f 10906 10905 10527
f 10906 10527 10532
f 10515 13023 10524
f 10517 10525 13069
f 10484 10528 10537
f 10520 10521 10529
f 10520 10529 10522
f 10524 10530 10907
f 10907 10530 10519
f 10525 10522 10531
f 10906 10532 10488
f 12908 10533 10484
f 10528 10484 10533
f 12908 10471 10470
f 10524 13023 10530
f 10525 10543 13069
f 10519 10534 10535
f 10529 10521 10559
f 10536 13029 10663
f 10525 10531 10543
f 10521 10537 10559
f 10526 10535 10538
f 10526 10538 10539
f 10526 10539 10527
f 11919 11920 11921
f 11920 11919 11922
f 11920 11927 11921
f 12196 12197 12198
f 12198 12197 12214
f 11919 11924 11922
f 13056 10663 11505
f 12197 12199 12214
f 12198 12201 12196
f 12196 12200 12197
f 11919 11930 11924
f 11922 11923 11920
f 12198 12214 12672
f 13023 13041 10540
f 10531 10522 10541
f 10530 10542 10519
f 10537 10528 10908
f 11924 11925 11922
f 12214 12199 12213
f 11920 11926 11927
f 12196 12201 12202
f 12196 12202 12203
f 12198 12672 12201
f 11921 11928 11929
f 11928 11921 11931
f 11921 11927 11931
f 12197 12216 12199
f 11919 11935 11930
f 12197 12200 12204
f 11921 11929 11919
f 12197 12204 12205
f 12196 12206 12200
f 12197 12205 12216
f 11920 11923 11926
f 12201 12672 12202
f 10664 13069 10543
f 13023 10540 10530
f 11922 11925 11923
f 12196 12203 12206
f 11935 11919 11929
f 11924 11930 11925
f 12205 12204 12207
f 12204 12206 12207
f 12204 12200 12206
f 10529 10557 10522
f 11931 11947 11928
f 12672 12214 12226
f 11928 11942 11929
f 13029 10692 10663
f 12216 12217 12199
f 11927 11926 11932
f 12966 10477 10794
f 13044 10544 10545
f 12216 12205 12208
f 12199 12217 12213
f 12205 12207 12208
f 12206 12203 12242
f 11931 11927 11932
f 11953 11933 11934
f 10651 10473 11388
f 10544 10546 10545
f 11953 11934 11945
f 11930 11935 11936
f 11934 11937 11938
f 11938 11945 11934
f 12220 12219 12673
f 11933 11939 11950
f 11953 11939 11933
f 12673 12209 12220
f 11938 11944 11945
f 12673 12227 12231
f 12673 12231 12209
f 12209 12231 12210
f 12673 12211 12227
f 11938 11937 11940
f 11925 11930 11936
f 11925 11936 11943
f 11934 11950 11937
f 11933 11950 11934
f 11929 12052 11935
f 12219 12212 12673
f 12673 12212 12211
f 11953 11941 11939
f 12213 12225 12214
f 12207 12215 12208
f 12207 12242 12215
f 12207 12206 12242
f 11942 11946 11929
f 11929 11946 12052
f 12216 12208 12217
f 11925 11943 11923
f 12213 12217 12225
f 12202 12672 12218
f 10530 10547 10542
f 10527 10539 10532
f 10528 10533 10908
f 11928 11987 11942
f 11928 11947 11987
f 11938 11940 11944
f 12219 12220 12221
f 12219 12221 12212
f 11926 11923 11951
f 11945 11944 11952
f 12211 12212 12262
f 10537 10908 10559
f 11953 11945 11952
f 10522 10557 10541
f 12052 11946 11949
f 11931 11932 11947
f 10543 10531 10541
f 10519 10542 10534
f 10535 10534 10538
f 12210 12222 12209
f 12222 12220 12209
f 11926 11951 11948
f 12218 12672 12226
f 12220 12215 12242
f 11952 11949 11946
f 11952 11946 11953
f 12222 12215 12220
f 12220 12242 12223
f 11950 11939 11955
f 12262 12224 12211
f 11953 11946 11956
f 12214 12225 12226
f 11946 11942 11968
f 12220 12223 12221
f 12227 12211 12224
f 11926 11948 11932
f 11923 11943 11951
f 10530 10540 10547
f 10663 10658 11505
f 11952 12053 11949
f 11953 11956 11941
f 11946 11968 11956
f 11950 11954 11958
f 11937 11950 11958
f 11956 11968 11957
f 11950 11955 11954
f 11941 11956 11957
f 11937 11958 11940
f 10664 10543 10548
f 10529 10559 10557
f 10542 10549 10534
f 10532 10563 10497
f 10543 10541 10548
f 11949 12053 12052
f 11951 11959 11948
f 10472 13043 13067
f 10540 10550 10547
f 10557 10559 10558
f 10534 10549 10538
f 10538 10551 10539
f 10559 10908 10552
f 10908 10553 10552
f 10908 10533 10553
f 10533 10554 10553
f 10539 10563 10532
f 10542 10547 10555
f 12262 12674 12224
f 11941 11960 11939
f 10540 13041 10556
f 10540 10556 10550
f 10557 10558 10541
f 10538 10549 10551
f 11940 11958 12176
f 10542 10555 10549
f 10559 10560 10558
f 10552 10560 10559
f 10541 10558 10561
f 10558 10560 10561
f 10541 10561 10562
f 10550 10556 10566
f 12674 12228 12224
f 12226 12229 12218
f 10497 10563 10577
f 12217 12248 12225
f 10551 10635 10539
f 10548 10541 10562
f 10563 10564 10577
f 12202 12283 12203
f 10539 10635 10563
f 10555 10547 10565
f 10547 10550 10566
f 10547 10566 10565
f 10555 10567 10549
f 10551 10549 10909
f 10553 10554 10630
f 11958 11954 12177
f 10553 10630 10552
f 10551 10909 10635
f 10552 10645 10560
f 10548 10562 10572
f 10492 10683 10493
f 10518 10493 10683
f 11958 12177 12195
f 12215 12222 12230
f 12218 12236 12202
f 11948 11959 11961
f 10552 10630 10645
f 10635 10564 10563
f 10561 10568 10562
f 10561 10560 10568
f 10554 10571 10569
f 10630 10554 10569
f 10555 10565 10567
f 10533 12908 10554
f 10562 10568 10572
f 10570 10554 10571
f 12222 12210 12230
f 12231 12232 12210
f 12225 12244 12226
f 12218 12229 12233
f 12218 12233 12234
f 10548 10572 10573
f 10548 10573 10664
f 10549 10567 10909
f 10566 10556 10574
f 10574 10556 10628
f 10565 10566 10588
f 10911 10575 10633
f 10910 10575 10911
f 10566 10574 10588
f 10565 10588 10567
f 10560 10576 10568
f 10572 10568 10597
f 10564 10635 10577
f 11955 11939 11962
f 12674 12235 12240
f 12674 12240 12228
f 11954 11955 12177
f 12218 12234 12236
f 12229 12239 12233
f 10585 10578 10579
f 10580 10594 10593
f 10578 10585 10587
f 10595 10575 10910
f 10575 10595 10581
f 10591 10582 10580
f 10592 10579 10578
f 10911 10633 10583
f 10633 10912 10583
f 10584 10581 10595
f 10585 10586 10587
f 10588 10589 10567
f 10560 10645 10576
f 10591 10590 10582
f 10591 10580 10590
f 12228 12240 12675
f 12208 12215 12237
f 11958 11963 12176
f 12674 12262 12238
f 12225 12248 12244
f 10592 10578 10600
f 10580 10582 10594
f 10608 10587 10593
f 10571 10554 10611
f 10571 10611 10569
f 10909 10567 10589
f 10608 10593 10594
f 12233 12264 12234
f 12217 12208 12415
f 10794 10497 10654
f 12233 12239 12264
f 10586 10585 10579
f 11964 11951 11943
f 12240 12241 12669
f 12242 12243 12223
f 12212 12221 12405
f 12227 12224 12379
f 12224 12228 12675
f 12226 12244 12229
f 10584 10595 10596
f 10581 10584 10603
f 10597 10573 10572
f 10598 10592 10577
f 10592 10613 10579
f 10590 10599 10582
f 12240 12669 12675
f 12240 12235 12241
f 12229 12244 12239
f 11951 11964 11959
f 10598 10600 10592
f 10590 10601 10599
f 10590 10580 10601
f 10582 10602 10594
f 12264 12239 12245
f 11959 11964 11965
f 12231 12227 12232
f 10611 10612 10569
f 12235 12670 12241
f 10597 10603 10573
f 11955 11966 12177
f 12221 12400 12405
f 12246 12247 12252
f 11952 11944 12053
f 11967 12178 12179
f 11959 11994 11961
f 11968 12116 11957
f 12221 12223 12400
f 12217 12415 12248
f 11940 12176 12192
f 12674 12249 12235
f 12674 12238 12249
f 11961 11969 11948
f 12236 12234 12265
f 10595 10910 10596
f 10599 10602 10582
f 10604 10605 12834
f 13010 10606 12870
f 12247 12250 12252
f 12252 12250 12253
f 12234 12264 12265
f 12178 11967 11970
f 12246 12251 12247
f 12252 12253 12297
f 11959 11995 11994
f 12239 12244 12245
f 12246 12252 12254
f 11970 11994 11971
f 12178 11972 12179
f 11961 11973 11969
f 11942 12117 11968
f 12224 12675 12255
f 10603 10584 10607
f 10601 10580 10593
f 12264 12245 12256
f 12251 12246 12257
f 12246 12254 12257
f 11967 12179 11976
f 12253 12250 12258
f 11970 11974 12178
f 12297 12253 12259
f 10683 10495 10494
f 13029 10664 10692
f 12257 12260 12251
f 11970 11967 11994
f 11959 11965 11995
f 12179 11975 11976
f 10608 10609 10610
f 11942 11987 11986
f 12212 12405 12332
f 11963 12195 12176
f 10608 10610 10587
f 13019 13044 10496
f 12253 12258 12259
f 12178 11993 11991
f 11973 11961 11977
f 11961 11978 11977
f 12179 11972 11975
f 12251 12267 12247
f 12260 12257 12261
f 11967 11980 11994
f 12235 12249 12670
f 12244 12290 12245
f 11974 11979 12178
f 10910 10911 10724
f 11976 11975 11989
f 12252 12272 12254
f 11977 11969 11973
f 11967 11978 11980
f 12262 12332 12238
f 10611 10554 10612
f 10592 10600 10613
f 11961 11994 11980
f 11971 11981 11970
f 11978 11961 11980
f 11971 11982 11985
f 11970 11981 11974
f 12247 12267 12245
f 12257 12254 12276
f 12212 12332 12262
f 12178 11979 11993
f 11971 11983 11981
f 11976 11984 11967
f 12251 12260 12263
f 12264 12256 12265
f 11939 11960 11962
f 11971 11985 11983
f 11967 11984 11978
f 12252 12291 12272
f 11986 11987 11947
f 11932 11948 12184
f 10603 10607 10573
f 10588 10755 10589
f 10599 10614 10602
f 11971 11994 11988
f 11971 11988 11982
f 11976 11989 11984
f 12247 12245 12250
f 11989 11975 11990
f 11991 11993 12003
f 12260 12261 12266
f 11985 12180 11983
f 11979 11992 11993
f 12178 11991 11972
f 12251 12263 12267
f 12257 12276 12279
f 12252 12297 12291
f 11994 11995 11988
f 12267 12256 12245
f 10608 10594 10609
f 11975 11972 11996
f 12272 12291 12676
f 11978 11984 11977
f 12256 12280 12265
f 11948 11969 12184
f 12254 12272 12268
f 10599 10601 10614
f 13010 9343 10606
f 12254 12269 12276
f 11960 11941 11997
f 11985 11982 12180
f 11972 11991 11998
f 10468 10791 13041
f 10579 10613 10615
f 11977 12021 11969
f 11991 12182 11998
f 12250 12245 12290
f 12257 12677 12261
f 11979 11974 11999
f 12258 12250 12290
f 12266 12270 12271
f 12266 12271 12260
f 12268 12269 12254
f 11983 12180 11981
f 12263 12260 12271
f 12272 12676 12268
f 10594 10602 10609
f 12224 12255 12379
f 11969 12021 12000
f 11995 11965 12001
f 12261 12677 12266
f 11979 11999 11992
f 12203 12283 12273
f 10587 10586 10593
f 10587 10616 10578
f 11984 11989 12084
f 12676 12291 12274
f 12256 12267 12280
f 11993 11992 12002
f 11993 12002 12003
f 11991 12003 12004
f 11944 11940 12192
f 12244 12248 12275
f 11975 11996 11990
f 10472 10617 10492
f 10628 10618 10626
f 11991 12004 12182
f 10664 10573 10752
f 11972 11998 12005
f 10579 10615 10586
f 12297 12293 12291
f 11972 12005 11996
f 11999 11974 12006
f 12276 12269 12277
f 12676 12278 12268
f 12276 12277 12279
f 12257 12279 12677
f 12267 12263 12280
f 12676 12274 12278
f 12268 12278 12269
f 12004 12007 12182
f 12182 12183 11998
f 12259 12258 12325
f 12255 12281 12379
f 12202 12282 12283
f 12258 12290 12284
f 12084 11989 11990
f 12263 12271 12285
f 12180 11982 12185
f 10472 13067 10619
f 10578 10616 10600
f 11995 12001 11988
f 11974 12011 12006
f 10577 10620 10497
f 12278 12277 12269
f 12286 12291 12274
f 12274 12291 12679
f 10597 10621 10603
f 12274 12679 12287
f 12277 12278 12288
f 11992 12006 12002
f 11974 11981 12008
f 11974 12008 12009
f 12004 12003 12002
f 12279 12678 12677
f 11999 12006 11992
f 12279 12277 12678
f 12008 11981 12010
f 12679 12291 12289
f 11974 12009 12011
f 11988 12012 11982
f 10584 10596 10607
f 11998 12183 12181
f 12001 12012 11988
f 12005 11998 12181
f 12182 12009 12013
f 12182 12014 12009
f 12053 11944 12015
f 12176 12016 12017
f 12202 12236 12282
f 12265 12350 12236
f 12290 12275 12294
f 12001 11965 12012
f 12180 12185 12186
f 12203 12273 12242
f 12021 12026 12000
f 12679 12678 12287
f 10468 12915 10622
f 12274 12288 12278
f 12004 12002 12007
f 12274 12287 12288
f 12678 12288 12287
f 12678 12277 12288
f 12290 12244 12275
f 12013 12018 12183
f 12013 12183 12182
f 12002 12014 12007
f 12007 12014 12182
f 12011 12014 12006
f 12009 12014 12011
f 12263 12285 12280
f 12284 12325 12258
f 12291 12292 12289
f 12293 12292 12291
f 12184 11969 12019
f 11969 12000 12019
f 12284 12290 12294
f 11982 12020 12185
f 10612 10623 10636
f 13012 10496 13020
f 12678 12679 12677
f 12009 12008 12013
f 11981 12180 12010
f 12677 12295 12266
f 12006 12014 12002
f 12679 12289 12296
f 12293 12297 12298
f 12271 12299 12313
f 10482 13020 10624
f 12117 11942 11986
f 11984 12084 11977
f 11977 12084 12021
f 12270 12299 12271
f 10583 10912 10625
f 10626 10627 10628
f 10600 10616 10629
f 12266 12295 12270
f 10472 10619 10617
f 12013 12008 12018
f 12012 12020 11982
f 12292 12293 12300
f 12679 12296 12677
f 12299 12270 12301
f 12292 12311 12289
f 10569 10733 10630
f 12008 12010 12022
f 12242 12273 12243
f 12223 12243 12395
f 12232 12230 12210
f 11941 11957 11997
f 12232 12227 12385
f 12227 12379 12385
f 11964 12038 11965
f 12084 12023 12021
f 12180 12028 12010
f 12297 12302 12298
f 12183 12018 12024
f 10597 10568 10621
f 10612 10636 10569
f 12677 12296 12303
f 12677 12303 12295
f 10683 10492 10678
f 12008 12022 12018
f 12296 12289 12311
f 12243 12273 12420
f 12183 12024 12033
f 12295 12303 12270
f 10614 10601 10631
f 10616 10587 10610
f 12180 12186 12028
f 10910 10724 10596
f 12183 12033 12181
f 12296 12304 12303
f 10575 10632 10633
f 10909 10634 10635
f 12010 12028 12035
f 11990 11996 12025
f 12296 12311 12305
f 11505 13034 13055
f 12271 12313 12285
f 12400 12223 12395
f 12236 12350 12306
f 12026 12021 12023
f 12265 12280 12307
f 11965 12027 12012
f 12012 12027 12020
f 12186 12036 12028
f 12010 12029 12022
f 10612 10554 10636
f 10602 10614 10631
f 10602 10631 10609
f 12296 12305 12308
f 12280 12285 12307
f 12308 12304 12296
f 12181 12033 12030
f 12018 12031 12024
f 11944 12192 12015
f 12282 12236 12306
f 12285 12313 12680
f 12300 12293 12298
f 12270 12303 12309
f 12018 12022 12032
f 10912 10627 10626
f 10609 10631 10637
f 11932 12184 12104
f 12005 12181 12030
f 12301 12310 12299
f 12311 12329 12312
f 12311 12292 12329
f 12024 12040 12033
f 12028 12034 12035
f 12301 12270 12324
f 12036 12034 12028
f 12299 12317 12313
f 11947 12037 11986
f 11964 11943 12038
f 12019 12000 12026
f 11965 12048 12027
f 12324 12270 12309
f 10912 10626 10625
f 10638 10613 10615
f 10470 10639 10640
f 12035 12034 12045
f 12313 12317 12315
f 12299 12310 12317
f 12313 12315 12314
f 13060 12870 10641
f 11955 11962 11966
f 12305 12311 12312
f 12024 12039 12040
f 12038 11943 12041
f 11935 12052 12042
f 11935 12042 11936
f 12192 12176 12043
f 12265 12307 12350
f 11996 12005 12059
f 12030 12033 12065
f 12035 12047 12010
f 12018 12032 12031
f 12303 12304 12681
f 10791 10468 10622
f 10628 10627 10574
f 10600 10629 10613
f 10628 10556 10618
f 12186 12034 12036
f 12024 12031 12039
f 12313 12314 12680
f 12305 12312 12308
f 12034 12186 12055
f 12314 12315 12316
f 12032 12022 12044
f 12215 12384 12237
f 12215 12230 12384
f 12176 12017 12043
f 12307 12285 12685
f 12045 12034 12046
f 12005 12030 12059
f 12298 12302 12300
f 12301 12324 12310
f 12010 12047 12029
f 10581 10603 10642
f 12040 12039 12072
f 12035 12045 12049
f 12031 12051 12039
f 12317 12310 12318
f 12317 12318 12315
f 12284 12294 12682
f 12035 12049 12047
f 12680 12314 12319
f 12671 12249 12336
f 12275 12248 12320
f 11965 12038 12048
f 12294 12683 12321
f 12308 12322 12304
f 12304 12322 12681
f 12184 12019 12054
f 12297 12323 12302
f 12259 12323 12297
f 12045 12046 12049
f 11947 11932 12037
f 12324 12318 12310
f 10643 10662 10644
f 10568 10732 10621
f 10645 10630 10646
f 12294 12321 12682
f 12031 12050 12051
f 10581 10725 10575
f 12040 12072 12033
f 11968 12117 12116
f 12915 10690 10622
f 12259 12325 12327
f 12275 12346 12683
f 12275 12683 12294
f 12052 12053 12118
f 12208 12237 12415
f 12273 12283 12326
f 12019 12064 12054
f 12284 12682 12325
f 12325 12682 12327
f 12307 12342 12350
f 12034 12055 12056
f 12034 12056 12046
f 12315 12328 12316
f 12292 12686 12329
f 12031 12057 12058
f 12031 12032 12057
f 12032 12044 12057
f 12022 12029 12044
f 10574 10738 10588
f 10613 10629 10615
f 12027 12048 12061
f 12243 12420 12330
f 12243 12330 12395
f 10482 10624 10718
f 10568 10647 10732
f 13020 10496 10624
f 12312 12329 12338
f 12031 12058 12050
f 12680 12319 12331
f 10586 10615 10648
f 12249 12238 12332
f 12275 12320 12346
f 12350 12333 12306
f 12049 12046 12074
f 12300 12686 12292
f 12309 12303 12334
f 12681 12322 12335
f 12308 12356 12322
f 12336 12249 12332
f 12336 12332 12337
f 10664 10737 10692
f 12319 12314 12316
f 12303 12681 12334
f 12308 12312 12338
f 12321 12683 12682
f 10607 10596 10573
f 10639 10649 10640
f 12350 12339 12333
f 11990 12120 12084
f 12259 12327 12340
f 12059 12030 12065
f 12029 12060 12044
f 10583 10625 10650
f 10574 10627 10738
f 12061 12048 12078
f 12341 12337 12281
f 12062 12187 12016
f 12047 12049 12074
f 13022 10651 10690
f 10630 10733 10646
f 12342 12307 12685
f 12186 12063 12055
f 12039 12051 11658
f 12019 12026 12064
f 12033 12072 12065
f 12064 12066 12070
f 12308 12343 12356
f 12048 12038 12080
f 12683 12346 12344
f 12026 12023 12066
f 12285 12680 12331
f 12185 12020 12186
f 11996 12059 12025
f 12302 12345 12300
f 12300 12345 12686
f 12318 12324 12355
f 12058 12057 12050
f 12681 12335 12334
f 11658 12051 12077
f 12029 12047 12081
f 12064 12070 12054
f 12026 12066 12064
f 12336 12337 12341
f 12078 12048 12080
f 10586 10652 10593
f 10577 10653 10620
f 12039 11658 12072
f 12316 12328 12378
f 12273 12326 12420
f 12053 12015 12118
f 11966 11962 12188
f 12186 12020 12063
f 12046 12056 12067
f 12059 12065 12068
f 12046 12067 12074
f 12029 12081 12060
f 12044 12060 12057
f 12322 12357 12335
f 13067 10523 10619
f 10603 10621 10642
f 12027 12061 12020
f 12080 12079 12078
f 10583 10650 10911
f 12338 12343 12308
f 12344 12346 12347
f 12350 12351 12339
f 10909 10589 10634
f 12069 12188 12187
f 12054 12070 12184
f 12042 12052 12118
f 11936 12071 11943
f 12346 12320 12689
f 12339 12351 12333
f 12685 12285 12331
f 12259 12348 12323
f 12315 12318 12349
f 12065 12072 12073
f 12355 12324 12359
f 12074 12075 12047
f 12346 12351 12347
f 12062 12076 12187
f 12051 12050 12077
f 12683 12344 12347
f 12076 12069 12187
f 12350 12342 12363
f 12350 12363 12351
f 12061 12078 12088
f 12338 12329 12352
f 12338 12361 12343
f 12079 12080 12070
f 12081 12047 12085
f 12259 12340 12348
f 12342 12685 12353
f 12063 12020 12082
f 12063 12098 12055
f 12319 12316 12354
f 12319 12354 12331
f 12056 12055 12083
f 12328 12315 12349
f 12349 12318 12360
f 12318 12355 12360
f 12327 12682 12340
f 12016 12187 12017
f 12055 12098 12083
f 12079 12070 12078
f 12908 10470 10685
f 12066 12089 12070
f 12329 12686 12352
f 12023 12084 12090
f 12057 11660 12050
f 11957 12116 11997
f 12282 12306 12333
f 12047 12075 12085
f 12324 12309 12359
f 12322 12356 12357
f 10586 10648 10652
f 12351 12363 12347
f 10546 10479 10655
f 10654 10497 10620
f 12057 12060 12086
f 12078 12070 12089
f 12050 11660 12077
f 11936 12042 12071
f 10545 10546 10655
f 12337 12332 12379
f 12020 12132 12082
f 11943 12071 12041
f 12682 12683 12358
f 11990 12025 12120
f 12061 12189 12020
f 12328 12349 12378
f 10912 10913 10707
f 12347 12363 12683
f 12355 12359 12360
f 12361 12338 12352
f 12077 11659 11658
f 12078 12087 12088
f 10568 10576 10647
f 12078 12089 12087
f 12683 12362 12358
f 12683 12363 12362
f 12086 12060 12149
f 12074 12067 12075
f 11962 12093 12188
f 12337 12379 12281
f 12023 12090 12103
f 12023 12103 12066
f 12084 12120 12090
f 12132 12020 12091
f 12082 12098 12063
f 12354 12316 12364
f 12065 12073 12068
f 12359 12309 12687
f 10912 10633 10913
f 13044 10545 10496
f 12359 12687 12366
f 10618 10556 10656
f 12085 12075 12092
f 10912 10707 10627
f 11659 12095 11658
f 12088 12189 12061
f 12089 12103 12191
f 12384 12230 12383
f 12230 12232 12383
f 12187 12188 12093
f 12184 12070 12094
f 12682 12358 12340
f 12066 12103 12089
f 12088 12087 12191
f 12020 12189 12091
f 12025 12059 12190
f 12302 12365 12345
f 12075 12067 12092
f 12359 12366 12360
f 12085 12092 12081
f 10629 10616 10716
f 12316 12378 12364
f 11659 12077 11661
f 10589 10755 10634
f 12354 12364 12331
f 10495 10657 10643
f 12309 12334 12687
f 11658 12095 12072
f 12070 12080 12126
f 12351 12346 12684
f 12351 12684 12333
f 12080 12038 12126
f 12090 12120 12096
f 12363 12367 12362
f 12089 12191 12087
f 12088 12191 12097
f 12363 12342 12367
f 12088 12097 12189
f 12353 12685 12370
f 12083 12098 12099
f 12083 12099 12056
f 12302 12323 12365
f 12059 12068 12190
f 10609 10637 10610
f 12060 12081 12149
f 10575 10725 10632
f 12340 12358 12368
f 12360 12366 12369
f 12067 12100 12092
f 12358 12362 12368
f 10652 10648 10717
f 12342 12353 12367
f 12685 12404 12370
f 12378 12349 12371
f 10633 10632 10913
f 10581 10642 10725
f 12056 12099 12101
f 12077 11660 11669
f 12345 12365 12686
f 12072 12095 12073
f 12361 12352 12423
f 12334 12335 12460
f 12349 12360 12371
f 12343 12361 12688
f 12090 12096 12102
f 12090 12102 12103
f 10645 10646 10576
f 12098 12108 12099
f 10615 10667 10648
f 12379 12394 12385
f 12187 12109 12017
f 11932 12104 12037
f 12043 12017 12105
f 12332 12380 12379
f 12017 12109 12105
f 12283 12282 12372
f 12346 12689 12684
f 12191 12103 12102
f 12340 12374 12348
f 12367 12353 12403
f 12353 12370 12403
f 12685 12331 12404
f 12334 12460 12687
f 12357 12460 12335
f 12095 11678 12073
f 12357 12356 12373
f 12331 12364 12381
f 12025 12106 12120
f 12056 12107 12067
f 12340 12368 12374
f 12067 12107 12100
f 12360 12369 12371
f 12686 12365 12375
f 10556 13041 10656
f 11659 11662 12095
f 10601 10593 10652
f 12093 12109 12187
f 12056 12101 12107
f 12118 12015 12114
f 12320 12382 12689
f 12070 12126 12094
f 12282 12333 12372
f 12126 12038 12128
f 12191 12193 12097
f 12367 12403 12376
f 12366 12687 12369
f 12057 12086 12149
f 10658 10663 10659
f 12082 12108 12098
f 12343 12688 12377
f 12378 12381 12364
f 12101 12099 12108
f 12374 12368 12398
f 12395 12330 12389
f 12370 12404 12403
f 12379 12380 12386
f 12109 12111 12105
f 12100 12110 12092
f 12038 12041 12128
f 12332 12405 12380
f 12096 12120 12121
f 12378 12393 12381
f 12100 12107 12110
f 12689 12382 12684
f 12043 12111 12192
f 12383 12389 12384
f 12101 12108 12107
f 12343 12690 12356
f 11997 12112 11960
f 12232 12385 12386
f 11960 12112 11962
f 12184 12127 12104
f 12184 12094 12127
f 12382 12387 12684
f 12333 12684 12372
f 12189 12097 12113
f 12348 12374 12691
f 12404 12331 12388
f 11660 12057 11670
f 11660 11670 11669
f 10626 10618 10625
f 13041 10791 10656
f 10631 10660 10637
f 12389 12383 12390
f 12043 12105 12111
f 12097 12193 12113
f 12091 12189 12113
f 12114 12115 12116
f 12191 12102 12193
f 12371 12391 12378
f 12389 12330 12384
f 12116 12117 12114
f 12368 12392 12398
f 12093 11962 12130
f 12379 12386 12394
f 12114 12117 12118
f 12109 12093 12111
f 12367 12376 12362
f 12116 12115 12119
f 10733 10569 10636
f 12378 12391 12393
f 12393 12391 12381
f 12371 12369 12391
f 12096 12121 12102
f 12107 12108 12110
f 11997 12119 12112
f 12120 12106 12121
f 12385 12394 12386
f 12395 12389 12400
f 12374 12398 12432
f 12114 12015 12115
f 12381 12388 12331
f 12686 12375 12396
f 12073 12167 12068
f 12375 12365 12397
f 12384 12410 12237
f 12330 12410 12384
f 12118 12122 12042
f 12118 12117 12122
f 11986 12037 12151
f 12037 12104 12151
f 12320 12248 12382
f 10596 10642 10573
f 10470 10640 10661
f 12015 12192 12115
f 12383 12232 12390
f 12123 12141 12124
f 12192 12111 12115
f 12362 12392 12368
f 11997 12116 12119
f 12372 12684 12387
f 12232 12386 12390
f 12149 12081 12125
f 11661 12077 11669
f 12362 12376 12392
f 11659 11661 11662
f 12412 12398 12417
f 12041 12144 12128
f 12389 12399 12400
f 12111 12093 12115
f 12380 12405 12399
f 12380 12399 12386
f 12093 12130 12115
f 11661 11669 11680
f 11962 12112 12130
f 12343 12377 12401
f 12141 12140 12124
f 12094 12126 12127
f 12126 12128 12127
f 12102 12123 12193
f 12389 12390 12399
f 12372 12387 12402
f 12403 12404 12376
f 12386 12399 12390
f 12141 12123 12152
f 12400 12399 12405
f 12144 12129 12128
f 12352 12686 12406
f 12330 12420 12421
f 12112 12119 12130
f 12091 12131 12132
f 12391 12407 12381
f 12151 12133 11986
f 12071 12042 12134
f 12382 12248 12408
f 12025 12190 12162
f 12122 12117 12135
f 12330 12421 12410
f 12082 12132 12136
f 12082 12136 12108
f 12375 12397 12396
f 12057 12149 11670
f 10643 10657 10662
f 10659 10663 10674
f 10737 10664 10752
f 10636 10631 10665
f 10636 10670 10631
f 12401 12690 12343
f 12283 12372 12402
f 12104 12127 12151
f 12081 12137 12125
f 12119 12115 12130
f 12121 12152 12102
f 12409 12398 12412
f 12237 12410 12411
f 12374 12432 12691
f 12123 12124 12138
f 12113 12193 12139
f 12042 12122 12134
f 12412 12417 12418
f 12091 12113 12131
f 12397 12365 12413
f 12193 12123 12138
f 12123 12102 12152
f 12398 12392 12417
f 12348 12691 12414
f 12688 12361 12423
f 12415 12237 12411
f 12193 12138 12139
f 12382 12408 12387
f 12092 12137 12081
f 12248 12415 12408
f 12113 12139 12131
f 12410 12421 12411
f 10496 10545 10666
f 12377 12688 12416
f 12140 12141 12153
f 12127 12128 12142
f 12417 12392 12418
f 12106 12025 12121
f 12128 12129 12142
f 12041 12071 12143
f 12041 12143 12144
f 12348 12414 12323
f 12388 12381 12407
f 12110 12136 12092
f 12356 12690 12373
f 10644 11388 10473
f 10573 10642 10671
f 10627 10625 10738
f 10615 10629 10667
f 12140 12145 12124
f 11986 12133 12146
f 12686 12396 12406
f 12418 12392 12430
f 12412 12434 12409
f 10620 10653 10750
f 12117 11986 12135
f 12138 12124 12147
f 12283 12419 12326
f 12415 12411 12408
f 12147 12148 12138
f 11662 11663 12095
f 12420 12326 12421
f 12138 12148 12139
f 12283 12402 12419
f 12149 12125 12150
f 12688 12423 12422
f 11986 12146 12135
f 12133 12151 12146
f 12408 12429 12387
f 12071 12134 12143
f 12122 12135 12134
f 12132 12131 12136
f 12151 12127 12146
f 12423 12352 12406
f 11661 11664 11662
f 12110 12108 12136
f 12365 12323 12413
f 12391 12369 12407
f 12369 12687 12407
f 12092 12136 12137
f 12687 12692 12407
f 12357 12373 12460
f 10631 10665 10660
f 12418 12430 12425
f 12397 12413 12424
f 12418 12425 12412
f 12397 12426 12396
f 10616 10610 10668
f 12141 12152 12153
f 12376 12404 12392
f 12326 12419 12421
f 12387 12427 12402
f 12144 12143 12129
f 12145 12140 12156
f 12134 12135 12154
f 12190 12158 12162
f 12691 12432 12448
f 12388 12428 12404
f 12139 12155 12131
f 12419 12402 12427
f 12408 12411 12429
f 10635 10634 10669
f 12392 12694 12430
f 12404 12428 12392
f 10610 10637 10668
f 12421 12419 12427
f 11664 11661 11665
f 12134 12154 12143
f 12190 12068 12158
f 12411 12421 12427
f 12412 12431 12434
f 12127 12142 12146
f 12129 12143 12142
f 12145 12156 12160
f 12412 12425 12431
f 12135 12146 12154
f 12140 12153 12156
f 12387 12429 12427
f 12121 12025 12162
f 12411 12427 12429
f 12425 12430 12694
f 12146 12142 12154
f 12154 12142 12143
f 12068 12167 12194
f 12398 12409 12432
f 12688 12422 12433
f 12323 12414 12413
f 12414 12691 12448
f 12409 12434 12444
f 12147 12124 12157
f 12147 12157 12148
f 11671 11663 11664
f 12416 12442 12435
f 12442 12416 12456
f 12388 12407 12428
f 12442 12453 12435
f 11665 11661 11680
f 11666 11667 11675
f 12416 12436 12377
f 12416 12688 12433
f 11664 11663 11662
f 10523 11601 10763
f 11666 11675 11668
f 12124 12145 12157
f 11670 12149 12150
f 11669 11670 12175
f 12377 12437 12401
f 12158 12068 12194
f 12460 12462 12438
f 12460 12438 12687
f 12425 12694 12439
f 12406 12396 12440
f 10733 10636 10670
f 10631 10670 10665
f 11663 11693 12095
f 12424 12413 12466
f 12690 12401 12441
f 12409 12444 12432
f 11671 11664 11672
f 12139 12148 12155
f 12442 12456 12453
f 12136 12131 12155
f 11666 11668 11671
f 12435 12453 12443
f 12423 12406 12515
f 11664 11665 11902
f 11664 11902 11672
f 11666 11671 11673
f 12156 12153 12152
f 11666 11674 11667
f 11666 11676 11674
f 11671 11668 11686
f 11665 11680 11679
f 11668 11675 11686
f 12425 12439 12431
f 12073 11678 11726
f 12432 12444 12448
f 12397 12424 12697
f 12456 12416 12433
f 12156 12152 12159
f 12435 12693 12416
f 11675 11667 11674
f 12692 12687 12438
f 12434 12445 12446
f 12434 12446 12444
f 11666 11673 11676
f 12156 12159 12160
f 12434 12431 12445
f 10596 10724 10730
f 10642 10596 10671
f 10631 10601 10652
f 12416 12693 12436
f 12396 12426 12440
f 12397 12697 12426
f 12157 12161 12148
f 12145 12160 12157
f 12392 12428 12694
f 12435 12443 12693
f 11676 11689 11674
f 12162 12194 12121
f 12433 12447 12456
f 10635 10669 10577
f 12158 12194 12162
f 12413 12414 12448
f 12443 12449 12693
f 11665 11679 11677
f 11676 11673 11903
f 10622 10689 10791
f 12121 12194 12152
f 12401 12437 12441
f 12413 12448 12466
f 11672 11673 11671
f 12377 12436 12450
f 12095 11725 11678
f 12433 12422 12695
f 12136 12163 12137
f 11679 11680 11681
f 10665 10670 10636
f 12431 12451 12445
f 12431 12439 12451
f 12456 12452 12453
f 10642 10621 10671
f 10616 10668 10716
f 11673 11672 11682
f 12095 11693 11710
f 12453 12452 12443
f 12160 12159 12157
f 12155 12148 12164
f 11679 11704 11677
f 12449 12443 12454
f 11665 11677 11683
f 12450 12484 12377
f 12377 12455 12437
f 12450 12436 12696
f 12456 12447 12457
f 12152 12194 12159
f 12458 12697 12459
f 12460 12461 12462
f 12433 12695 12447
f 12693 12696 12436
f 11682 11672 11902
f 11676 11684 11689
f 11677 11704 11685
f 12444 12446 12448
f 12377 12484 12455
f 12165 12166 12167
f 10523 13034 11601
f 12424 12466 12697
f 12426 12463 12440
f 11677 11685 11683
f 11663 11671 11686
f 11665 11683 11902
f 12407 12464 12428
f 12194 12167 12172
f 12073 11726 12167
f 12448 12465 12466
f 11686 11687 11717
f 11675 11674 11686
f 10573 10671 10684
f 12439 12694 12467
f 12439 12467 12451
f 10577 10669 10653
f 10640 10649 10661
f 12157 12159 12168
f 12136 12155 12163
f 12407 12692 12464
f 12148 12161 12164
f 11903 11673 11682
f 12465 12448 12446
f 11689 11684 11699
f 12166 12169 12167
f 12165 12170 12166
f 11679 11681 11704
f 12697 12466 12465
f 12462 12458 12488
f 12137 12163 12125
f 12694 12428 12468
f 12455 12484 12482
f 12161 12157 12164
f 11676 11903 11684
f 11686 11674 11687
f 12692 12438 12469
f 12458 12459 12488
f 12450 12470 12484
f 12462 12461 12458
f 12159 12194 12171
f 12159 12171 12168
f 11685 11688 11683
f 12157 12168 12164
f 12459 12697 12465
f 12443 12471 12454
f 12428 12464 12468
f 12163 12155 12164
f 12449 12472 12693
f 12150 12125 12170
f 11669 11761 11680
f 12451 12467 12445
f 12166 12170 12169
f 12422 12700 12695
f 11689 11690 11691
f 12452 12698 12443
f 10632 10725 10913
f 10636 10554 10670
f 10667 10629 10672
f 10637 10673 10668
f 12692 12469 12464
f 12194 12172 12171
f 12455 12482 12479
f 12449 12454 12473
f 12167 11726 12165
f 12165 11726 12174
f 11902 11692 11682
f 12125 12163 12173
f 12470 12474 12484
f 12438 12462 12488
f 12167 12169 12172
f 12437 12455 12441
f 12170 12165 12174
f 12445 12467 12446
f 12150 12174 11670
f 12470 12450 12475
f 12449 12473 12472
f 11663 11686 11693
f 11902 11683 11694
f 12696 12693 12472
f 12447 12695 12476
f 12459 12465 12488
f 12694 12468 12467
f 11903 11695 11684
f 11902 11694 11696
f 11686 11717 11693
f 12170 12174 12150
f 12470 12477 12474
f 12423 12515 12422
f 12450 12696 12478
f 12170 12125 12173
f 12455 12479 12480
f 12461 12697 12458
f 11670 12174 12175
f 12690 12441 12481
f 11674 11691 11687
f 12456 12497 12452
f 11674 11689 11691
f 12482 12484 12483
f 10724 10911 10742
f 12467 12465 12446
f 12484 12485 12483
f 10639 10491 10649
f 12455 12480 12441
f 12477 12470 12475
f 12170 12173 12169
f 10495 10686 10657
f 12484 12474 12485
f 12172 12169 12171
f 12460 12373 12461
f 11683 11688 11707
f 12468 12464 12469
f 12467 12468 12469
f 11902 11696 11692
f 12438 12488 12469
f 11684 11695 11699
f 12171 12169 12168
f 12426 12697 12463
f 12696 12472 12486
f 12163 12164 12173
f 12467 12469 12465
f 12475 12450 12478
f 11903 11697 11695
f 12168 12169 12164
f 12169 12173 12164
f 12454 12699 12473
f 12447 12487 12457
f 12441 12480 12479
f 12447 12476 12487
f 11717 11687 11698
f 12479 12482 12483
f 12698 12495 12443
f 12443 12495 12471
f 11690 11689 11712
f 11699 11712 11689
f 10642 10671 10709
f 10475 10917 10479
f 11681 11680 11761
f 10588 10738 10755
f 12465 12469 12488
f 11693 11717 11700
f 11683 11707 11701
f 11694 11683 11701
f 12473 12699 12507
f 11691 11690 11702
f 11691 11702 11703
f 12698 12452 12489
f 12454 12471 12699
f 10692 10674 10663
f 12440 12463 12704
f 12406 12440 12704
f 12476 12490 12487
f 11704 11688 11685
f 12495 12491 12471
f 10629 10716 10672
f 12476 12695 12490
f 12475 12478 12477
f 11694 11701 11705
f 12697 12461 12492
f 11682 11692 11706
f 11903 11682 11697
f 11707 11688 11701
f 12493 12485 12474
f 12472 12507 12486
f 12477 12478 12494
f 12474 12477 12493
f 12472 12473 12507
f 12690 12481 12518
f 11692 11696 11708
f 12698 12489 12495
f 10733 10670 10675
f 11690 11709 11702
f 10701 10617 10619
f 12700 12422 12515
f 11669 12175 11761
f 11693 11700 11710
f 12702 12483 12485
f 12457 12496 12456
f 11704 11711 11688
f 10596 10730 10671
f 10627 10707 10625
f 12477 12494 12493
f 10670 10554 10715
f 11691 11703 11687
f 11694 11705 11708
f 12452 12497 12498
f 10604 12966 10795
f 11696 11694 11708
f 11699 11695 11712
f 10644 11389 11388
f 10752 10573 10748
f 12479 12483 12569
f 12452 12498 12489
f 11705 11701 11713
f 12373 12499 12461
f 11688 11714 11701
f 11702 11715 11703
f 12498 12520 12489
f 11682 11706 11697
f 12457 12487 12496
f 11681 11761 11732
f 10642 10709 10725
f 12697 12492 12463
f 12441 12479 12481
f 11681 11732 11704
f 12489 12500 12495
f 12494 12545 12493
f 11709 11715 11702
f 11692 11708 11706
f 10671 10621 10732
f 11705 11716 11708
f 12699 12471 12501
f 11700 11717 11698
f 12095 11710 11725
f 12690 12518 12373
f 11700 11698 11718
f 12497 12456 12519
f 12489 12502 12500
f 11690 11719 11709
f 12471 12491 12501
f 11701 11714 11734
f 12702 12485 12512
f 12478 12696 12503
f 10911 10735 10742
f 10911 10650 10735
f 10576 10646 10647
f 10670 10715 10665
f 10637 10660 10673
f 11710 11700 11718
f 12520 12502 12489
f 11687 11703 11720
f 11703 11715 11721
f 11703 11721 11720
f 10653 10729 10750
f 12696 12486 12503
f 12461 12499 12492
f 11706 11722 11697
f 11697 11729 11695
f 10683 10676 10677
f 11705 11723 11716
f 12481 12504 12518
f 12695 12700 12505
f 12695 12505 12490
f 11697 11722 11729
f 12494 12478 12506
f 11690 11712 11719
f 10678 10676 10683
f 10657 10686 10662
f 12966 10794 10795
f 11687 11724 11698
f 11678 11725 11726
f 10617 10701 10492
f 10725 10709 10708
f 11695 11727 11712
f 12497 12519 12498
f 12495 12500 12491
f 11705 11728 11723
f 11705 11713 11728
f 10678 10492 10679
f 11695 11729 11727
f 11714 11688 11742
f 10683 10677 10681
f 12479 12504 12481
f 10492 10680 10679
f 10683 10681 10688
f 10676 10678 10679
f 11709 11719 11730
f 12486 12703 12503
f 12519 12456 12496
f 10682 10676 10679
f 11722 11731 11729
f 12486 12507 12703
f 12699 12508 12507
f 11709 11730 11715
f 12515 12509 12700
f 11732 11711 11704
f 12502 12510 12500
f 11713 11701 11728
f 10631 10652 10665
f 11687 11720 11724
f 10683 10688 10495
f 11714 11733 11734
f 12700 12509 12505
f 10677 10676 10682
f 12702 12511 12701
f 12478 12503 12506
f 12702 12512 12511
f 12507 12513 12703
f 12483 12701 12532
f 12483 12702 12701
f 10677 10682 11198
f 12503 12703 12514
f 11725 11735 11726
f 12515 12406 12704
f 10665 10715 10660
f 10665 10714 10670
f 11726 11735 12174
f 12513 12507 12508
f 11714 11736 11737
f 11706 11708 11744
f 11712 11738 11739
f 11737 11733 11714
f 11731 11722 11783
f 12505 12554 12490
f 12504 12479 12705
f 11721 11715 11740
f 11715 11730 11741
f 10674 10692 10691
f 10671 10684 10709
f 10669 10700 10653
f 12908 10685 10554
f 12463 12492 12516
f 11714 11742 11736
f 11716 11743 11708
f 11708 11743 11744
f 11722 11706 11744
f 10677 11198 11202
f 12373 12516 12499
f 10677 11202 10681
f 10495 10688 10686
f 12515 12704 12540
f 10682 10679 11197
f 11716 11723 11743
f 12513 12539 12703
f 11712 11727 11738
f 11720 11786 11724
f 12703 12539 12517
f 12500 12510 12491
f 12505 12509 12554
f 11732 11761 11760
f 12504 12705 12518
f 11732 11760 11711
f 12498 12519 12520
f 11720 11721 11786
f 12502 12520 12521
f 11719 11712 11739
f 11727 11729 11745
f 12512 12485 12522
f 10622 10690 10687
f 11737 11904 11746
f 11198 10682 11197
f 11710 11718 11747
f 12483 12532 12569
f 12514 12523 12524
f 12514 12703 12517
f 12494 12506 12545
f 11731 11759 11729
f 10688 10681 11202
f 12503 12514 12506
f 10701 10697 10492
f 10679 10680 11199
f 12514 12517 12523
f 10679 11199 11197
f 12699 12706 12508
f 10492 10697 10680
f 11744 11748 11722
f 12512 12525 12511
f 12512 12522 12525
f 12513 12526 12539
f 11733 11737 11746
f 12514 12524 12506
f 12487 12490 12496
f 12502 12521 12510
f 12511 12527 12701
f 11738 11727 11745
f 11701 11734 11728
f 12485 12493 12528
f 12493 12545 12528
f 10622 10687 10689
f 10671 10732 10684
f 12520 12519 12529
f 12699 12501 12706
f 11202 11198 11200
f 12513 12508 12526
f 10690 10651 10779
f 11734 11733 11749
f 11733 11746 11749
f 10691 10692 10698
f 12499 12516 12492
f 11748 11744 11743
f 12524 12545 12506
f 11722 11748 11783
f 11759 11731 11750
f 11731 11783 11773
f 11201 11198 11197
f 10688 11214 10693
f 11731 11773 11750
f 12518 12530 12373
f 10688 10694 11214
f 10688 11202 10694
f 10687 10695 10689
f 12701 12531 12532
f 11710 11747 11725
f 11718 11698 11747
f 12705 12537 12518
f 11760 11751 11711
f 11715 11741 11740
f 12569 12532 12533
f 11736 11904 11737
f 11730 11719 11752
f 11746 11904 11753
f 12701 12527 12534
f 11746 11754 11749
f 11746 11755 11754
f 10680 10696 11209
f 10680 10697 10696
f 10658 10659 11097
f 10692 10737 10698
f 10671 10708 10709
f 10573 10684 10748
f 10670 10714 10675
f 10653 10699 10700
f 12485 12528 12522
f 12517 12539 12535
f 10688 10693 10686
f 10680 11209 11199
f 12508 12706 12526
f 11759 11750 11756
f 12701 12534 12531
f 12524 12536 12545
f 12704 12463 12516
f 12524 12523 12536
f 12373 12530 12516
f 11759 11756 11757
f 11746 11753 11755
f 11742 11758 11736
f 11729 11759 11745
f 12705 12479 12537
f 11721 11740 11786
f 12520 12538 12521
f 11739 11738 11745
f 12511 12525 12527
f 10658 11097 11505
f 10671 10730 10708
f 10554 10746 10715
f 10665 10652 10714
f 11760 11761 11751
f 12518 12537 12530
f 11736 11758 11904
f 11748 11743 11764
f 12539 12526 12535
f 11761 12175 11762
f 10701 10619 11249
f 12516 12540 12704
f 10659 10674 11097
f 10554 10685 10746
f 11198 11203 11200
f 10697 10701 10696
f 12515 12540 12509
f 11743 11763 11764
f 11199 11208 11197
f 11750 11765 11756
f 11724 11786 11698
f 11688 11711 11742
f 12520 12529 12538
f 12532 12531 12541
f 12510 12542 12491
f 11728 11766 11723
f 10686 11231 10662
f 10625 10618 10727
f 10668 10673 10702
f 11759 11757 11745
f 10696 10701 11233
f 11757 11756 11767
f 11743 11723 11763
f 10691 10698 10720
f 11755 11753 11801
f 11756 11765 11805
f 11748 11764 11783
f 10686 10693 11231
f 10644 10662 10703
f 11739 11752 11719
f 12521 12538 12543
f 10693 11214 11221
f 11747 11778 11725
f 11768 11761 11762
f 11753 11769 11801
f 12536 12544 12545
f 11200 10694 11202
f 12519 12546 12529
f 12537 12479 12569
f 11742 11711 11770
f 11742 11770 11758
f 12510 12521 12547
f 11904 11758 11771
f 12491 12542 12548
f 12491 12548 12501
f 11739 11745 11772
f 12501 12570 12706
f 12535 12549 12517
f 11750 11773 11765
f 11201 11197 11204
f 10689 10695 10704
f 10650 10625 10734
f 10791 10689 10704
f 10618 10656 10791
f 10618 10791 10727
f 10684 10732 10705
f 10729 10653 10700
f 11198 11201 11203
f 10693 11221 11231
f 12174 11735 11768
f 12509 12540 12550
f 12523 12517 12551
f 12523 12551 12552
f 11215 12559 12553
f 11761 11768 11751
f 11783 11774 11789
f 12509 12550 12554
f 10724 10742 10743
f 10701 11249 11233
f 12553 12559 12581
f 11205 11207 11775
f 11753 11776 11769
f 11205 11206 11207
f 11200 11203 10694
f 11739 11777 11752
f 11739 11772 11777
f 11783 11764 11774
f 12545 12555 12528
f 11208 11199 11209
f 12536 12523 12563
f 11725 11784 11735
f 11747 11698 11778
f 12519 12496 12546
f 12569 12533 12556
f 11758 11770 11771
f 11755 11779 11754
f 11755 11801 11779
f 11772 11745 11780
f 12525 12522 12557
f 11734 11749 11781
f 11728 11734 11781
f 12526 12712 12535
f 12535 12712 12549
f 12549 12558 12517
f 12517 12558 12551
f 10724 10725 10730
f 10625 10707 10734
f 10625 10706 10707
f 10708 10709 10710
f 10620 10750 10711
f 10715 10714 10660
f 10660 10714 10731
f 10660 10731 10673
f 11768 11782 11751
f 10687 10758 10695
f 11773 11783 11788
f 11698 11907 11821
f 11783 11789 11788
f 11773 11788 11765
f 10691 10720 10712
f 11215 11212 12559
f 10690 10779 10713
f 11762 12175 11768
f 12175 12174 11768
f 11197 11210 11204
f 11215 12553 12560
f 11205 11775 11608
f 11197 11208 11210
f 12530 12561 12516
f 11735 11784 11768
f 11608 11775 11797
f 12549 12564 12558
f 11775 11791 11797
f 11763 11723 11905
f 11698 11821 11810
f 11751 11785 11711
f 11751 11782 11785
f 11698 11786 11907
f 11741 11787 11740
f 12533 12532 12541
f 11741 11730 11787
f 12527 12707 12534
f 12527 12525 12557
f 12706 12571 12562
f 12562 12526 12706
f 11723 11766 11905
f 11767 11756 11804
f 11756 11805 11804
f 12536 12563 12544
f 11789 11790 11788
f 10675 10714 10715
f 10716 10717 10672
f 10482 10718 9343
f 11789 11774 11790
f 10691 10712 10719
f 11753 11904 11776
f 11205 11608 11206
f 10698 10737 10720
f 12559 11212 11217
f 10606 10641 12870
f 10691 10719 10674
f 12549 12712 12564
f 11754 11779 11906
f 10644 10703 11389
f 11805 11765 11797
f 12516 12550 12540
f 11805 11797 11791
f 11608 11797 11211
f 12551 12558 12552
f 10684 10705 10748
f 11782 11768 11792
f 11212 11227 11213
f 10721 10685 10722
f 11749 11754 11906
f 11749 11906 11781
f 11778 11806 11725
f 11725 11806 11784
f 12496 12490 12565
f 11786 11793 11907
f 12529 12566 12538
f 12510 12547 12542
f 12527 12557 12707
f 11780 11745 11795
f 11745 11794 11795
f 11781 11913 11728
f 11728 11913 11766
f 11757 11767 11796
f 11201 11611 11203
f 11203 11611 10694
f 11214 10694 11245
f 10696 11233 10723
f 10724 10743 10725
f 10735 10650 10913
f 10725 10735 10913
f 10730 10726 10708
f 10708 10726 10725
f 10737 10752 10770
f 10625 10727 10738
f 10669 10634 10728
f 10669 10729 10700
f 10667 10717 10648
f 10717 10716 10652
f 10652 10716 10740
f 10716 10668 10740
f 12559 11217 12567
f 12556 12533 12568
f 12558 12564 12552
f 12559 12567 12581
f 11215 12560 11216
f 11211 11797 11798
f 10746 10685 10721
f 11730 11752 11787
f 12529 12546 12566
f 11765 11799 11797
f 11788 11799 11765
f 11775 11800 11791
f 11217 11212 11213
f 10667 10672 10717
f 11767 11804 11796
f 10725 10726 10730
f 11769 11779 11801
f 11608 11211 11218
f 12521 12543 12547
f 12564 12712 12587
f 10714 10652 10731
f 10673 10731 10702
f 12564 12587 12567
f 12560 11219 11216
f 10705 10732 10749
f 10705 10749 10748
f 10675 10715 10733
f 11207 11800 11775
f 10650 10734 10707
f 10650 10707 10913
f 11211 11798 11823
f 11201 11220 11611
f 12552 12564 11217
f 12553 11219 12560
f 10731 10652 10702
f 12569 12556 12585
f 12564 12567 11217
f 11221 11214 11245
f 11698 11810 11778
f 12569 12585 12537
f 11904 11771 11802
f 11904 11802 11776
f 12522 12528 12584
f 12545 12544 12555
f 12567 12587 12581
f 12552 12607 12523
f 11614 11207 11224
f 11210 11208 11222
f 11208 11209 11223
f 11209 10723 11223
f 11209 10696 10723
f 10725 10743 10735
f 10712 10720 10736
f 10737 10770 10720
f 10738 10739 10755
f 10740 10702 10652
f 11786 11740 11787
f 12561 12530 12537
f 12501 12548 12608
f 11206 11224 11207
f 11608 11218 11225
f 10719 10883 10674
f 11766 11913 11905
f 11097 10674 10883
f 12533 12541 12568
f 10668 10702 10740
f 11211 11823 11218
f 12706 12570 12571
f 11608 11225 11226
f 11797 11799 11798
f 12552 11217 12572
f 11799 11788 11823
f 12548 12542 12573
f 11213 12572 11217
f 11798 11799 11823
f 11212 11273 11227
f 11225 11228 11226
f 11782 11792 11785
f 12552 12572 11230
f 10732 10741 10749
f 10742 10735 10743
f 10620 10711 10744
f 11608 11226 11610
f 11225 11218 11228
f 10733 10745 10646
f 10715 10746 10733
f 11791 11800 11803
f 11212 11229 11273
f 10727 10739 10738
f 10791 10760 10727
f 10732 10647 10741
f 11786 11787 11793
f 10733 10746 10747
f 10748 10749 10741
f 10750 10729 10728
f 11777 11772 11780
f 10669 10728 10729
f 11769 11776 11802
f 12552 11230 12607
f 11768 11784 11792
f 12554 12550 12574
f 10646 10745 10647
f 12557 12522 12575
f 10647 10745 10751
f 11227 11230 11213
f 10619 11621 11249
f 12554 12565 12490
f 12531 12576 12541
f 12576 12534 12707
f 11757 11796 11745
f 11804 11805 11828
f 11805 11803 11828
f 11805 11791 11803
f 11800 11207 11614
f 12563 12523 12601
f 12523 12607 12601
f 11204 11220 11201
f 10662 11231 11232
f 10752 10748 10741
f 10733 10747 10745
f 10728 10753 10750
f 10687 10690 10754
f 10755 10739 10634
f 10647 10751 10741
f 10745 10756 10751
f 10634 10739 10760
f 10634 10753 10728
f 10760 10757 10634
f 10695 10758 10803
f 11771 11770 11817
f 12572 11213 11230
f 10634 10757 10753
f 12550 12516 12577
f 11784 11806 11792
f 10727 10760 10739
f 12554 12574 12565
f 10750 10753 10788
f 11215 11216 11212
f 10745 10747 10914
f 10741 10751 10752
f 11769 11802 11779
f 10757 10759 10753
f 10753 10773 10788
f 10753 10759 10773
f 11227 11273 11230
f 10751 10770 10752
f 10760 10767 10757
f 11778 11810 11908
f 11231 10762 11232
f 10758 10687 10754
f 12546 12578 12566
f 10690 10713 10761
f 12496 12565 12579
f 12496 12579 12580
f 12566 12578 12538
f 12547 12573 12542
f 12573 12592 12548
f 12548 12592 12608
f 12531 12534 12576
f 11779 11802 11906
f 11774 11764 11834
f 11208 11223 11222
f 11221 11245 11244
f 11221 10762 11231
f 10523 10763 10619
f 10720 10770 10736
f 10661 10649 10764
f 11774 11834 11790
f 12553 12581 12582
f 10757 10765 10759
f 11787 11752 11807
f 10745 10914 10766
f 10713 10779 10761
f 10746 10780 10747
f 10760 10791 10767
f 10757 10767 10765
f 11788 11808 11823
f 10750 10788 10711
f 10756 10770 10751
f 10719 10712 10768
f 11745 11796 11880
f 11790 11808 11788
f 11785 11792 11809
f 11806 11809 11792
f 10746 10721 10780
f 10756 10769 10770
f 10794 10654 10798
f 12577 12516 12561
f 11778 11908 11806
f 10745 10771 10756
f 10759 10765 10772
f 12575 12583 12557
f 10759 10772 10773
f 11608 11610 11206
f 10736 10770 10774
f 10761 10779 10775
f 11821 11909 11810
f 11787 11807 11811
f 11745 11880 11794
f 11206 11299 11224
f 10780 10776 10747
f 12577 12574 12550
f 11763 11905 11812
f 10654 10620 10777
f 11609 11206 11610
f 12561 12537 12708
f 10745 10766 10771
f 11226 11228 11610
f 12528 12555 12584
f 12556 12568 12585
f 12557 12583 12707
f 11233 11249 11612
f 11233 11612 10723
f 10690 10761 10754
f 10747 10778 10914
f 12541 12586 12568
f 12538 12578 12543
f 11780 11795 11813
f 12581 12587 12588
f 12581 12588 12582
f 11785 11809 11814
f 11609 11610 11234
f 11221 11244 10762
f 10779 10651 10775
f 11781 11822 11913
f 11219 11616 11216
f 10747 10776 10778
f 11771 11815 11802
f 11224 11299 11614
f 10798 10654 10777
f 11908 11810 11909
f 11802 11816 11906
f 11793 11787 11811
f 11793 11811 11911
f 11770 11711 11817
f 12543 12573 12547
f 11802 11815 11816
f 12501 12608 12570
f 11777 11780 11818
f 12544 12563 12630
f 11823 11808 11824
f 11230 11273 11235
f 11204 11260 11220
f 11204 11210 11236
f 11236 11210 11222
f 11611 11643 10694
f 10619 10763 11621
f 10712 10736 10768
f 10764 10649 10491
f 10620 10744 10777
f 11780 11813 11818
f 12587 12712 12588
f 11793 11911 11907
f 11220 11260 11263
f 11771 11817 11815
f 10756 10771 10769
f 12543 12578 12573
f 11809 11806 11819
f 10914 10778 10766
f 10711 10820 10784
f 12568 12586 12585
f 12576 12586 12541
f 11609 11299 11206
f 11610 11228 11237
f 11821 11907 11820
f 11821 11820 11829
f 12537 12589 12708
f 12496 12580 12546
f 11711 11785 11850
f 11781 11906 11822
f 12526 12590 12712
f 12582 12588 12597
f 11823 11824 11825
f 11222 11223 11238
f 11223 10723 11238
f 10780 10781 10828
f 10685 10782 10722
f 10685 10470 10782
f 11906 11816 11826
f 11908 11827 11806
f 11803 11800 11828
f 12570 12608 12571
f 10780 10721 10781
f 10754 10761 10783
f 11908 11909 11827
f 12583 12575 12591
f 11821 11829 11830
f 11821 11830 11909
f 12578 12592 12573
f 12577 12561 12574
f 10711 10784 10744
f 10770 10769 10785
f 11807 11752 11777
f 12707 12583 12591
f 12576 12707 12593
f 11204 11239 11260
f 12546 12580 12578
f 12571 12596 12562
f 11218 11240 11228
f 11228 11240 11241
f 12553 12665 11219
f 10695 10786 10704
f 10773 10787 10788
f 11906 11826 11822
f 12571 12608 12594
f 12561 12710 12574
f 11905 11913 11812
f 10651 11388 10775
f 11827 11909 11830
f 11823 11825 11218
f 11212 11216 11242
f 11299 11609 11247
f 11212 11243 11229
f 12585 12595 12537
f 11216 11616 11259
f 11806 11827 11819
f 11785 11814 11850
f 11276 11610 11237
f 11816 11815 11831
f 12522 12584 12575
f 11244 11245 10762
f 11609 11246 11247
f 12565 12574 12579
f 11204 11289 11239
f 11216 11259 11242
f 12707 12591 12593
f 12586 12576 12593
f 11811 11807 11832
f 11811 11832 11911
f 11829 11820 11833
f 11907 11912 11820
f 11813 11843 11818
f 11813 11795 11794
f 12571 12594 12596
f 12561 12708 12710
f 10883 10719 10789
f 11820 11912 11833
f 11817 11711 11850
f 11832 11807 11910
f 11807 11777 11910
f 12582 12597 12553
f 11230 11261 12607
f 11220 11263 11611
f 10694 11248 11245
f 10754 10783 10790
f 10791 10792 10767
f 10766 10778 10793
f 10776 10780 10828
f 10794 10830 10795
f 11814 11809 11819
f 12526 12562 12598
f 10794 10796 10830
f 11815 11817 11836
f 11790 11834 11808
f 11816 11831 11826
f 11245 11248 10762
f 10624 9341 10718
f 11827 11830 11819
f 11815 11836 11831
f 11609 11234 11246
f 10723 11612 11238
f 11828 11800 11835
f 10781 10797 10828
f 11614 11835 11800
f 12578 12580 12709
f 12580 12579 12599
f 12578 12709 12618
f 11907 11911 11912
f 12562 12596 12713
f 11763 11883 11764
f 12712 12600 12588
f 11218 11825 11240
f 11614 11299 11615
f 11612 11249 11621
f 10786 10695 10803
f 10704 10804 10791
f 10719 10768 10789
f 10796 10794 10798
f 10661 10799 10470
f 11243 11494 11229
f 12601 12607 12563
f 11253 11255 11250
f 11826 11842 11822
f 11253 11251 11252
f 12580 12599 12709
f 11246 11257 11247
f 11253 11252 11254
f 11253 11250 11251
f 10781 10810 10797
f 11829 11833 11830
f 11255 11256 11250
f 11246 11234 11272
f 11247 11257 11299
f 11212 11269 11243
f 12537 12595 12589
f 11256 11258 11250
f 12579 12574 12602
f 12579 12602 12599
f 11826 11831 11842
f 11256 11255 11258
f 11242 11259 11282
f 10798 10777 10800
f 11831 11836 11842
f 12710 12603 12574
f 11242 11269 11212
f 10781 10721 10810
f 11259 11616 11333
f 12596 12594 12604
f 10704 10786 10803
f 12597 12665 12553
f 11253 11260 11255
f 11255 11289 11258
f 10721 10722 10815
f 10803 10758 10801
f 11910 11777 11818
f 12586 12711 12585
f 12555 12605 12606
f 12555 12544 12605
f 11261 11230 11235
f 10662 11232 10802
f 10662 10802 10703
f 10704 10803 10804
f 10736 10774 10805
f 10774 10770 10806
f 10778 10776 10793
f 10776 10828 10827
f 10782 10470 10799
f 10655 10479 9391
f 11252 11264 11254
f 11273 11274 11235
f 11819 11830 11915
f 11259 11333 11282
f 11253 11254 11262
f 11253 11262 11260
f 12708 12589 12710
f 11262 11263 11260
f 11252 11251 11264
f 12593 12711 12586
f 12563 12607 12637
f 10604 10795 10605
f 11251 11265 11264
f 11250 11266 11251
f 12593 12591 12711
f 11250 11258 11613
f 10721 10815 10807
f 11255 11260 11239
f 11246 11267 11257
f 12592 12618 12608
f 12599 12602 12709
f 11262 11254 11322
f 11911 11832 11912
f 11817 11849 11836
f 12608 12618 12594
f 11913 11822 11837
f 12591 12575 12584
f 12590 12646 12712
f 12712 12646 12600
f 10791 10804 10792
f 10758 10754 10801
f 10773 10772 10808
f 10661 10764 10799
f 11255 11239 11289
f 10762 11337 11352
f 11832 11910 11912
f 11242 11268 11269
f 11818 11843 11846
f 11236 11327 11204
f 12578 12618 12592
f 11262 11270 11263
f 10797 10810 10828
f 11276 11237 11271
f 11234 11610 11276
f 11250 11613 11266
f 11246 11272 11267
f 11915 11830 11838
f 11273 11229 11274
f 12584 12555 12615
f 11251 11266 11265
f 10722 10782 10815
f 11833 11838 11830
f 11839 11828 11835
f 11912 11840 11833
f 10782 10799 10815
f 11262 11322 11270
f 11818 11846 11841
f 11843 11844 11845
f 12589 12595 12710
f 11817 11850 11849
f 12585 12711 12595
f 12618 12609 12594
f 11836 11849 11842
f 11843 11813 11844
f 12591 12584 12711
f 11813 11794 11844
f 11812 11883 11763
f 11268 11242 11343
f 11613 11258 11354
f 11248 10694 11275
f 11248 11275 10762
f 11275 11337 10762
f 10805 10774 10806
f 10736 10805 10814
f 10783 10761 10948
f 10773 10808 10787
f 10796 10798 10830
f 11910 11818 11841
f 11271 11237 11288
f 12594 12609 12604
f 10777 10744 10800
f 11808 11834 11824
f 12602 12574 12610
f 11276 11277 11234
f 11264 11265 11278
f 11243 11269 11279
f 10721 10807 10810
f 12574 12603 12611
f 12602 12610 12612
f 11833 11840 11838
f 11843 11845 11846
f 11915 11916 11819
f 12609 12613 12604
f 11264 11375 11254
f 11267 11272 11331
f 11912 11910 11914
f 12604 12614 12596
f 11842 11868 11822
f 12596 12614 12713
f 12526 12598 12590
f 11824 11881 11825
f 11835 11614 11615
f 11228 11241 11237
f 11289 11204 11290
f 11327 11236 11280
f 11612 11281 11303
f 10770 10785 10806
f 10783 10948 10790
f 10605 9459 12834
f 11234 11277 11272
f 11913 11837 11812
f 12555 12606 12615
f 10744 10784 10800
f 11343 11242 11282
f 12595 12631 12710
f 12618 12709 12616
f 12603 12617 12611
f 12611 12610 12574
f 13060 10641 10491
f 11265 11266 11283
f 12602 12612 12709
f 11846 11845 11847
f 11834 11764 11848
f 11845 11844 11857
f 11845 11857 11847
f 12618 12616 12609
f 11814 11849 11850
f 11270 11322 11263
f 11276 11284 11277
f 11278 11265 11283
f 11279 11619 11285
f 11822 11868 11837
f 11240 11825 11291
f 11268 11343 11269
f 11277 11286 11272
f 11254 11287 11322
f 11271 11288 11276
f 11243 11378 11494
f 11243 11285 11378
f 11276 11288 11284
f 11243 11279 11285
f 11289 11290 11258
f 10736 10789 10768
f 10754 10790 10801
f 10810 10809 10828
f 10810 10811 10809
f 10784 10812 10838
f 11819 11916 11814
f 12604 12613 12622
f 11279 11269 11619
f 11910 11841 11914
f 12609 12616 12613
f 10784 10838 10800
f 12616 12709 12612
f 12610 12611 12619
f 10624 10496 9341
f 11912 11914 11840
f 11915 11838 11851
f 11915 11851 11916
f 11266 11613 11283
f 12610 12619 12620
f 11916 11852 11814
f 11841 11917 11914
f 12615 12634 12584
f 11846 11917 11841
f 11846 11847 11853
f 10799 10816 10815
f 11914 11854 11840
f 11842 11849 11855
f 11842 11855 11868
f 12604 12628 12614
f 12562 12713 12598
f 11812 11864 11883
f 12544 12630 12605
f 11804 11828 11879
f 12588 12621 12597
f 12607 11261 11317
f 11240 11291 11241
f 11616 12665 11333
f 11254 11375 11287
f 11272 11286 11331
f 11354 11258 11326
f 11222 11238 11341
f 10762 11645 11232
f 10772 10765 10813
f 12584 12634 12635
f 11825 11881 11291
f 11846 11853 11917
f 10805 10806 10814
f 11857 11844 11856
f 11914 11917 11854
f 11840 11854 11838
f 11236 11222 11280
f 11337 11292 11352
f 12604 12622 12628
f 12616 12612 12613
f 12623 12624 12622
f 11814 11852 11849
f 11616 11219 12665
f 11293 11294 11295
f 11838 11854 11851
f 11283 11613 11628
f 10810 10807 10811
f 12623 12622 12613
f 11847 11857 11858
f 11296 11297 11617
f 12622 12624 12628
f 11296 11617 11298
f 12611 12617 12619
f 11267 11331 11332
f 11917 11853 11854
f 11849 11852 11855
f 12623 12613 12620
f 12711 12584 12625
f 11278 11375 11264
f 11283 11628 11278
f 10815 10816 10807
f 12595 12711 12625
f 12595 12625 12631
f 11812 11859 11864
f 11804 11879 11860
f 11299 11257 11302
f 11257 11267 11302
f 11282 11315 11343
f 11269 11343 11619
f 11277 11347 11286
f 11619 11329 11285
f 11378 11285 11329
f 11354 11326 11328
f 11258 11290 11326
f 11238 11303 11341
f 11238 11612 11303
f 11281 11612 11620
f 11612 11621 11620
f 10784 10820 10855
f 10784 10855 10817
f 10830 10798 10821
f 10816 10799 10764
f 11277 11284 11347
f 10798 10800 10821
f 11322 11287 11300
f 12612 12620 12613
f 11295 11294 11343
f 11267 11301 11302
f 11796 11804 11860
f 11295 11323 11293
f 11303 11281 11304
f 11298 11617 11305
f 11296 11618 11297
f 11847 11863 11853
f 11861 11862 11847
f 11847 11858 11861
f 12612 12610 12620
f 11293 11306 11307
f 11851 11863 11916
f 11812 11837 11859
f 11287 11319 11300
f 11293 11308 11294
f 12623 12626 12624
f 11617 11309 11305
f 11293 11323 11306
f 11851 11854 11863
f 11293 11307 11308
f 11854 11853 11863
f 11309 11617 11297
f 11352 11292 11351
f 10838 10812 10818
f 11847 11862 11863
f 12623 12620 12626
f 11354 11328 11310
f 12624 12627 12628
f 12628 12627 12639
f 10803 10801 10804
f 12634 12629 12635
f 11295 11311 11323
f 11861 11865 11862
f 11331 11312 11309
f 11331 11313 11332
f 11294 11314 11619
f 11229 11379 11274
f 11295 11343 11315
f 11613 11627 11628
f 11618 11296 11316
f 11864 11859 11865
f 11296 11298 11316
f 11309 11297 11331
f 11844 11869 11856
f 11844 11794 11869
f 11794 11876 11869
f 11794 11880 11876
f 12615 12642 12634
f 12615 12606 12642
f 12606 12605 12642
f 12588 12600 12621
f 11317 11261 11320
f 11261 11235 11320
f 11613 11354 11410
f 11280 11222 11341
f 11304 11281 11318
f 10762 11352 11645
f 10736 10814 10789
f 11287 11334 11319
f 12563 12637 12630
f 11235 11274 11320
f 10811 10807 10819
f 11294 11619 11343
f 12710 12631 12603
f 11295 11321 11311
f 11869 11857 11856
f 11865 11861 11858
f 11310 11328 11311
f 11862 11916 11863
f 11294 11308 11314
f 11300 11618 11322
f 11300 11319 11618
f 12617 12603 12632
f 11295 11315 11321
f 11309 11312 11305
f 12624 12626 12633
f 12624 12633 12634
f 11764 11883 11848
f 11314 11308 11357
f 12620 12619 12626
f 11311 11328 11323
f 12634 12633 12629
f 10811 10819 10824
f 11312 11331 11286
f 11297 11618 11622
f 11322 11618 11324
f 11310 11311 11354
f 12584 12635 12625
f 12603 12631 12632
f 11865 11866 11862
f 11855 11852 11867
f 11328 11325 11323
f 11852 11916 11867
f 11868 11855 11867
f 11326 11327 11328
f 11292 11392 11351
f 11314 11329 11619
f 11337 11275 11330
f 11331 11297 11332
f 11281 11620 11318
f 12713 12614 12636
f 11879 11828 11839
f 12607 11317 12637
f 11333 11368 11282
f 11287 11375 11334
f 11290 11204 11327
f 11611 11263 11322
f 10694 11643 11275
f 11621 11623 11620
f 11623 11621 10763
f 10820 10711 10855
f 10816 10819 10807
f 11267 11332 11301
f 11278 11628 11374
f 11303 11304 11382
f 11618 11316 11324
f 12631 12625 12632
f 11306 11323 11325
f 12629 12633 12635
f 11298 11625 11316
f 11837 11868 11859
f 11618 11319 11622
f 11335 11389 10703
f 12634 12638 12624
f 11859 11868 11867
f 11865 11859 11866
f 11858 11857 11869
f 12619 12617 12626
f 11328 11327 11325
f 12628 12639 12640
f 12628 12640 12614
f 12624 12638 12627
f 11312 11336 11305
f 11298 11305 11625
f 10800 10838 10821
f 11865 11858 11870
f 11292 11337 11392
f 10819 10837 10824
f 11306 11325 11307
f 11315 11338 11343
f 10824 10837 10822
f 11865 11884 11864
f 12590 12598 12646
f 11880 11796 11871
f 11796 11860 11871
f 12646 12641 12600
f 11278 11374 11375
f 11299 11302 11339
f 11627 11613 11410
f 11326 11290 11327
f 11611 11340 11643
f 11341 11303 11342
f 10788 10787 10711
f 11315 11343 11370
f 10814 10806 10789
f 11866 11916 11862
f 11303 11382 11342
f 11304 11344 11382
f 12617 12632 12626
f 12634 12642 12638
f 11297 11301 11332
f 11315 11370 11345
f 11859 11867 11866
f 11305 11336 11346
f 11304 11318 11344
f 11354 11311 11321
f 11284 11288 11347
f 10789 10947 10883
f 11305 11346 11625
f 11866 11867 11916
f 12627 12714 12639
f 12625 12635 12643
f 11307 11325 11348
f 12633 12626 12643
f 11301 11297 11339
f 12626 12632 12643
f 11622 11319 11334
f 12633 12643 12635
f 11314 11349 11329
f 11883 11872 11848
f 12597 12621 12665
f 11312 11286 11350
f 12713 12636 12598
f 11883 11864 11884
f 12641 12644 12600
f 12600 12644 12621
f 11824 11873 11881
f 11282 11368 11315
f 11232 11645 10802
f 10775 10948 10761
f 10711 10853 10855
f 10809 10811 10823
f 11291 11353 11241
f 11351 11360 11352
f 12632 12625 12643
f 11316 11625 11359
f 11291 11881 11353
f 11865 11870 11884
f 11312 11350 11336
f 11354 11355 11402
f 11354 11321 11355
f 11870 11858 11874
f 11343 11338 11370
f 11858 11869 11874
f 11339 11297 11622
f 12639 12714 12640
f 11302 11301 11358
f 12614 12645 12636
f 11308 11624 11357
f 11307 11624 11308
f 11321 11315 11355
f 11356 11374 11628
f 11314 11357 11349
f 12641 12646 12653
f 12641 12653 12651
f 11339 11358 11301
f 11316 11359 11324
f 12627 12638 12714
f 11834 11875 11824
f 11353 11881 11918
f 12665 11638 11333
f 11302 11358 11339
f 11351 11392 11360
f 10811 10824 10823
f 10802 11645 10703
f 10771 10766 10825
f 11869 11876 11877
f 11324 11359 11361
f 11869 11877 11874
f 11337 11330 11392
f 11378 11329 11424
f 10776 10827 10793
f 12614 12640 12645
f 12621 12662 12665
f 11237 11241 11288
f 11338 11315 11368
f 10763 11470 11623
f 11339 11622 11362
f 11286 11347 11350
f 11329 11349 11424
f 11357 11363 11364
f 11324 11361 11340
f 12644 12641 12651
f 12636 12645 12598
f 12646 12598 12653
f 12630 12637 12647
f 11333 11365 11368
f 11375 11635 11334
f 11325 11401 11348
f 11322 11340 11611
f 11382 11344 11366
f 10763 11601 11470
f 11505 11367 13034
f 10804 10801 10792
f 11368 11345 11338
f 10769 10826 10785
f 11322 11324 11340
f 10785 10832 10806
f 11835 11895 11839
f 11870 11874 11878
f 11834 11848 11875
f 11860 11879 11889
f 11288 11369 11347
f 12640 12715 12645
f 11839 11895 11879
f 11345 11370 11338
f 12637 12648 12647
f 12640 12714 12715
f 12638 12642 12714
f 11876 11880 11877
f 11622 11635 11362
f 11325 11327 11401
f 11349 11371 11424
f 12637 11317 12648
f 11307 11348 11372
f 11373 13034 10949
f 11835 11615 11901
f 12651 12653 12654
f 11349 11357 11364
f 12651 12650 12644
f 12642 12605 12649
f 12605 12630 12649
f 12644 12650 12662
f 11824 11875 11873
f 11881 11873 11882
f 11881 11882 11918
f 11374 11626 11375
f 11375 11626 11630
f 11627 11410 11434
f 11622 11334 11635
f 11340 11376 11643
f 11275 11643 11330
f 11344 11318 11366
f 11352 11360 11377
f 11620 11623 11414
f 11601 13034 11373
f 10767 10792 10924
f 10827 10828 10882
f 10828 10809 10829
f 10828 10829 10882
f 11315 11345 11355
f 11494 11378 11424
f 11307 11372 11624
f 11357 11624 11363
f 11359 11625 11629
f 11880 11871 11877
f 13034 11367 10949
f 11320 11274 11379
f 10711 10787 10853
f 11883 11884 11872
f 11870 11878 11884
f 11374 11356 11626
f 11345 11368 11355
f 11884 11878 11886
f 11877 11885 11874
f 11346 11336 11380
f 11340 11361 11413
f 11392 11393 11381
f 11382 11383 11342
f 11872 11884 11886
f 12644 12662 12621
f 11835 11901 11895
f 12648 11317 12661
f 11375 11630 11635
f 11410 11354 11402
f 11318 11384 11366
f 11318 11620 11384
f 11620 11414 11384
f 10830 10891 10795
f 10795 10891 10605
f 11627 11434 11385
f 11430 11388 11390
f 12650 12651 12652
f 12642 12649 12714
f 12651 12654 12655
f 12598 12645 12653
f 12651 12655 12652
f 11625 11346 11386
f 11878 11874 11885
f 11860 11885 11871
f 11878 11887 11886
f 11886 11887 11872
f 11625 11387 11629
f 11889 11879 11897
f 11889 11897 11888
f 11860 11889 11885
f 11871 11885 11877
f 11327 11280 11401
f 12653 12645 12654
f 11320 12661 11317
f 11320 11379 12661
f 10792 10801 10790
f 11388 11389 11390
f 11918 11882 11891
f 11918 11899 11353
f 11356 11628 11391
f 11299 11339 11615
f 11229 11494 11530
f 11330 11407 11392
f 11392 11407 11393
f 11382 11366 11383
f 11392 11381 11360
f 10769 10771 10831
f 10817 10812 10784
f 11349 11364 11371
f 11368 11365 11394
f 12665 12662 12664
f 11888 11885 11889
f 11878 11885 11887
f 12714 12649 12715
f 12654 12645 12655
f 12650 12652 12656
f 11339 11362 11395
f 12652 12655 12657
f 12657 12658 12652
f 11873 11875 11894
f 11888 11890 11893
f 11361 11359 11413
f 11348 11401 11404
f 11848 11872 11887
f 11350 11347 11412
f 11389 11335 11390
f 11366 11384 11396
f 11628 11627 11385
f 11628 11385 11391
f 11342 11397 11341
f 12647 12648 12659
f 11918 11891 11899
f 11350 11398 11336
f 10789 10806 10832
f 10769 10831 10826
f 11360 11381 11377
f 11888 11897 11890
f 12662 12650 12656
f 12657 12655 12658
f 12715 12655 12645
f 11888 11892 11885
f 11288 11241 11369
f 11888 11893 11892
f 12652 12658 12660
f 11350 11412 11398
f 11893 11890 11891
f 11882 11873 11891
f 11893 11887 11892
f 12630 12715 12649
f 11873 11894 11891
f 12652 12660 12656
f 12648 12660 12658
f 11894 11893 11891
f 11347 11369 11411
f 12658 12655 12715
f 12661 12660 12648
f 11386 11346 11399
f 12630 12647 12663
f 11893 11894 11887
f 10764 10833 10816
f 11348 11400 11372
f 11348 11404 11400
f 11280 11405 11401
f 11894 11875 11887
f 11356 11633 11626
f 11879 11895 11896
f 12662 12656 12667
f 11879 11896 11897
f 11901 11615 11462
f 11630 11626 11631
f 11355 11368 11402
f 11635 11395 11362
f 11380 11403 11346
f 11404 11401 11405
f 11280 11341 11405
f 11625 11386 11387
f 11342 11383 11397
f 11352 11377 11645
f 10785 10826 10832
f 11892 11887 11885
f 11848 11898 11875
f 10771 10825 10831
f 11384 11414 11396
f 11359 11629 11413
f 12648 12658 12659
f 11364 11363 11406
f 11848 11887 11898
f 12630 12663 12715
f 12658 12715 12659
f 11393 11408 11381
f 11346 11403 11399
f 11393 11407 11408
f 11875 11898 11887
f 10819 10816 10833
f 11377 11381 11408
f 12647 12659 12663
f 12662 12667 12664
f 11895 11901 11896
f 11402 11409 11410
f 11347 11411 11412
f 11340 11413 11376
f 11414 11623 11470
f 11363 11450 11406
f 12656 12660 12667
f 11386 11399 11387
f 12663 12659 12715
f 10703 11645 11415
f 12664 12667 12665
f 11416 11366 11396
f 11624 11372 11417
f 11890 11897 11896
f 11411 11466 11412
f 10703 11415 11335
f 11629 11387 11418
f 11419 12661 11379
f 12667 12660 11448
f 11890 11443 11891
f 12660 11419 11448
f 12660 12661 11419
f 11356 11391 11420
f 11391 11385 11420
f 11630 11631 11421
f 11368 11394 11402
f 11339 11422 11426
f 11339 11395 11422
f 11410 11409 11472
f 11494 11424 11425
f 11364 11475 11371
f 11336 11398 11640
f 11405 11341 11523
f 11363 11423 11450
f 11363 11624 11423
f 10823 10824 10822
f 10924 10792 10921
f 11424 11637 11425
f 11424 11371 11637
f 11896 11901 11900
f 11339 11426 11615
f 11380 11639 11403
f 11366 11416 11383
f 11404 11405 11431
f 11891 11443 11899
f 11353 11899 11427
f 11379 11229 11463
f 11333 11638 11644
f 11333 11644 11365
f 11412 11466 11428
f 11412 11428 11398
f 11364 11406 11475
f 11400 11404 11429
f 11403 11634 11399
f 11400 11429 11372
f 11629 11418 11632
f 11341 11397 11523
f 11390 10926 11430
f 10789 10832 10946
f 10822 10834 10823
f 11413 11629 11632
f 11890 11896 11443
f 11404 11431 11429
f 11395 11635 11432
f 10772 10813 10835
f 12665 12666 12667
f 10891 10830 10821
f 11402 11394 11409
f 11356 11420 11633
f 11383 11416 11397
f 11390 11129 10926
f 11899 11443 11427
f 11379 11433 11419
f 11353 11427 11241
f 11410 11472 11434
f 11369 11435 11411
f 11380 11336 11640
f 11380 11640 11639
f 11399 11634 11436
f 11372 11429 11417
f 11423 11624 11417
f 11388 11430 11437
f 10767 10924 10765
f 10808 10772 10835
f 10833 10764 10843
f 11635 11630 11432
f 11376 11413 11438
f 11896 11900 11443
f 11505 11097 10923
f 12665 12667 11439
f 11437 11430 10926
f 11379 11463 11433
f 11626 11633 11631
f 11395 11432 11422
f 11411 11435 11464
f 11411 11464 11466
f 11637 11371 11457
f 11399 11440 11387
f 10792 10790 10922
f 10827 10882 10793
f 10834 10822 10836
f 10822 10837 10836
f 10818 10839 10838
f 10838 10839 10840
f 11376 11483 11459
f 11460 11441 11442
f 11900 11901 11443
f 10813 10765 10924
f 11443 11444 11445
f 11427 11445 11241
f 11431 11405 11446
f 10838 10840 10821
f 11427 11443 11445
f 11431 11447 11536
f 11413 11632 11636
f 11433 11448 11419
f 11229 11530 11463
f 11630 11421 11432
f 11425 11449 11494
f 11457 11371 11475
f 11441 11460 11446
f 11406 11450 11475
f 11403 11639 11634
f 11446 11405 11523
f 11423 11451 11450
f 11632 11418 11636
f 11399 11436 11440
f 11407 11330 11643
f 11523 11397 11642
f 11408 11407 11512
f 11394 11365 11644
f 12667 11448 11439
f 11369 11241 11452
f 11423 11417 11451
f 11376 11518 11483
f 11397 11416 11642
f 11418 11453 11636
f 11426 11454 11455
f 11426 11422 11454
f 11472 11409 11456
f 11425 11637 11457
f 11428 11466 11458
f 11428 11458 11398
f 11398 11458 11640
f 11483 11548 11459
f 11459 11548 11376
f 11418 11387 11440
f 11407 11513 11512
f 11408 10957 11377
f 11388 11437 11184
f 10766 10793 10825
f 11460 11442 11471
f 11367 11461 10949
f 11901 11462 11443
f 11448 11433 11641
f 11463 11641 11433
f 10718 9341 9344
f 11443 11462 11444
f 11390 11335 11129
f 11420 11500 11633
f 11437 10926 11184
f 11464 11465 11466
f 11631 11633 11467
f 11452 11241 11445
f 11420 11385 11468
f 11385 11434 11468
f 11446 11523 11469
f 11440 11453 11418
f 11416 11396 11642
f 11408 11512 11485
f 11408 11485 10957
f 11396 11414 11470
f 11396 11470 11649
f 11367 10923 11461
f 11388 11184 10775
f 10809 10823 10885
f 10666 10545 9352
f 11450 11451 11646
f 11446 11460 11471
f 11438 11518 11376
f 11422 11432 11498
f 11446 11447 11431
f 10789 10946 10947
f 12665 11439 11638
f 11472 11544 11473
f 11472 11473 11434
f 11446 11471 11447
f 11634 11639 11474
f 11634 11474 11436
f 11475 11450 11646
f 11494 11576 11530
f 11426 11455 11615
f 11409 11394 11476
f 11413 11636 11477
f 11431 11536 11478
f 11431 11478 11429
f 10790 10948 10922
f 10818 10812 10839
f 11394 11496 11476
f 11472 11456 11544
f 10812 10817 10973
f 11633 11500 11467
f 11439 11448 11559
f 11413 11477 11438
f 11483 11518 11479
f 10921 10792 10922
f 11480 11417 11478
f 11456 11409 11476
f 11631 11467 11421
f 11394 11644 11496
f 11434 11473 11481
f 11369 11482 11435
f 11483 11479 11548
f 11441 11446 11594
f 11376 11548 11581
f 11417 11429 11478
f 11453 11522 11636
f 11642 11396 11484
f 11396 11528 11484
f 11485 11486 10957
f 10921 10841 10924
f 10496 10666 9352
f 11425 11457 11487
f 11436 11488 11440
f 10819 10833 10837
f 11432 11489 11498
f 11492 11490 11491
f 11492 11501 11490
f 11490 11501 11493
f 11449 11425 11487
f 11494 11449 11495
f 11639 11640 11474
f 11455 11454 11510
f 11559 11448 11641
f 11493 11496 11490
f 11494 11495 11576
f 11496 11644 11497
f 11498 11454 11422
f 11525 11514 11491
f 10921 10922 10841
f 11478 11499 11480
f 11493 11501 11502
f 11638 11439 11535
f 11420 11468 11500
f 11501 11492 11502
f 11449 11525 11491
f 11434 11481 11468
f 11464 11435 11465
f 11471 11442 11503
f 11442 11441 11503
f 11441 11594 11561
f 11523 11642 11504
f 11367 11505 10923
f 10835 10813 10842
f 10843 10764 10491
f 11407 11643 11513
f 11458 11466 11506
f 11449 11487 11524
f 11512 11566 11485
f 11493 11476 11496
f 11493 11502 11476
f 11097 11189 10923
f 11485 11566 11507
f 11451 11417 11480
f 11498 11489 11508
f 11447 11471 11515
f 11473 11544 11509
f 11440 11488 11453
f 11455 11510 11511
f 11445 11444 11452
f 11512 11513 11566
f 11485 11507 11486
f 11492 11514 11502
f 10606 9343 10641
f 11471 11503 11515
f 11615 11455 11516
f 11479 11517 11548
f 11482 11369 11452
f 11518 11477 11519
f 11644 11638 11535
f 11490 11496 11491
f 11514 11492 11491
f 11458 11542 11520
f 11458 11520 11640
f 11457 11475 11521
f 11518 11438 11477
f 11477 11636 11522
f 11469 11523 11504
f 11396 11649 11528
f 11470 11601 11006
f 10832 10826 10946
f 10808 10844 10787
f 11466 11547 11506
f 11449 11524 11525
f 11466 11465 11547
f 10813 10924 10845
f 11451 11480 11646
f 11566 11565 11507
f 11514 11525 11526
f 11642 11484 11527
f 11487 11457 11521
f 10835 10842 10846
f 11484 11528 11527
f 11447 11515 11529
f 11508 11563 11498
f 11509 11515 11473
f 11489 11517 11508
f 11544 11554 11509
f 10793 10915 10825
f 11530 11531 11463
f 11436 11474 11488
f 11465 11435 11573
f 11496 11497 11558
f 10924 10841 10845
f 10825 10916 10831
f 11518 11519 11479
f 11465 11534 11532
f 11447 11529 11533
f 10946 10826 10874
f 11508 11517 11479
f 10882 10847 10793
f 11534 11575 11510
f 11640 11520 11474
f 11509 11554 11515
f 11535 11497 11644
f 11615 11516 11462
f 11432 11421 11489
f 11473 11515 11481
f 11536 11564 11478
f 11446 11469 11594
f 11453 11488 11522
f 11642 11527 11504
f 11507 11655 11486
f 10813 10845 10842
f 10808 10835 10844
f 10823 10834 10848
f 11455 11511 11516
f 11465 11573 11534
f 11474 11537 11488
f 11377 10957 11645
f 11487 11521 11524
f 11496 11558 11491
f 11514 11526 11502
f 11641 11538 11559
f 11508 11479 11563
f 11454 11539 11510
f 11465 11532 11540
f 11439 11559 11535
f 11444 11462 11541
f 11534 11510 11532
f 11529 11515 11554
f 11478 11564 11499
f 11463 11531 11641
f 11507 11565 11655
f 11479 11519 11563
f 11510 11575 11511
f 11497 11535 11559
f 11552 11476 11502
f 11516 11541 11462
f 11475 11646 11521
f 11525 11524 11526
f 10847 10849 10793
f 11646 11480 11647
f 11458 11506 11542
f 10831 10916 10850
f 10922 10948 10925
f 11513 11543 11566
f 11516 11511 11541
f 10825 10915 10916
f 11544 11456 11545
f 11500 11468 11551
f 10787 10844 10851
f 10926 11607 11184
f 10787 10852 10853
f 11521 11650 11524
f 11467 11546 11421
f 11465 11540 11547
f 11548 11517 11549
f 11447 11533 11536
f 11548 11549 11581
f 11441 11561 11503
f 10853 10854 10856
f 10853 10856 10855
f 10855 10856 10857
f 10855 10857 10817
f 10817 10857 10973
f 10885 10823 10848
f 11454 11498 11595
f 10849 10915 10793
f 10787 10851 10852
f 11456 11476 11545
f 11522 11488 11550
f 11500 11551 11467
f 11467 11551 11546
f 10957 11415 11645
f 10915 10849 10878
f 11476 11552 11545
f 11534 11573 11575
f 11558 11497 11559
f 11528 11553 11527
f 10831 10850 10826
f 11454 11595 11539
f 11452 11444 11482
f 11532 11587 11540
f 11489 11421 11580
f 11544 11545 11554
f 11529 11554 11533
f 11515 11503 11555
f 11503 11561 11555
f 11643 11556 11513
f 11513 11556 11543
f 11527 11557 11504
f 10835 10846 10844
f 10853 10852 10854
f 11646 11647 11521
f 11435 11482 11573
f 10826 10850 10874
f 10915 10878 10916
f 11542 11506 11520
f 10842 10845 10846
f 11538 11641 11531
f 11449 11491 11495
f 11510 11539 11532
f 11552 11502 11648
f 11547 11540 11587
f 10841 10927 10845
f 10847 10858 10849
f 11558 11559 11491
f 10852 10862 10854
f 10847 10876 10858
f 10847 10882 10859
f 11546 11551 11560
f 10847 10859 10876
f 11561 11562 11555
f 11444 11574 11482
f 10854 10862 10860
f 10854 10860 10856
f 11477 11522 11577
f 11595 11498 11563
f 10841 10922 10927
f 11524 11650 11526
f 11502 11526 11648
f 11533 11564 11536
f 11565 11566 11651
f 10849 10858 10878
f 11480 11499 11567
f 11489 11580 11517
f 10844 10846 10851
f 11468 11481 11551
f 11511 11575 11541
f 11655 11565 11651
f 11563 11519 11568
f 11563 11568 11569
f 10889 10861 10862
f 11530 11538 11531
f 11444 11541 11575
f 11546 11560 11572
f 11519 11477 11568
f 10863 10875 10919
f 10875 10864 10919
f 10861 10860 10862
f 10875 10861 10864
f 10864 10861 10889
f 10876 10859 10865
f 11549 11570 11581
f 10889 10866 10864
f 11649 11470 11571
f 10916 10867 10850
f 10864 10866 10919
f 10865 10859 10868
f 11421 11546 11572
f 10852 10869 10862
f 11559 11538 11491
f 11574 11444 11575
f 11506 11652 11520
f 10868 10918 10865
f 10852 10851 10869
f 10928 10874 10929
f 11522 11550 11577
f 11474 11520 11537
f 10928 10929 10930
f 10846 10931 10870
f 11499 11564 11567
f 11573 11574 11575
f 11488 11537 11550
f 11004 10869 10870
f 10845 10931 10846
f 10916 10878 10871
f 10863 10872 10875
f 10845 10927 10931
f 10868 10879 10872
f 10889 10862 10873
f 10929 10874 10867
f 10870 10869 10851
f 10874 10850 10867
f 10988 10932 10959
f 10868 10859 10879
f 10870 10851 10846
f 10933 10934 10940
f 10875 9342 10861
f 11506 11547 11652
f 10918 10868 10872
f 10928 10930 10935
f 10877 10871 10878
f 10988 10959 10927
f 10858 10876 10878
f 11561 11594 11562
f 10876 10865 10877
f 10878 10876 10877
f 11576 11538 11530
f 10916 10871 10867
f 11595 11563 11569
f 10927 10959 10931
f 11549 11517 11580
f 11477 11577 11568
f 10933 10940 10936
f 10871 10929 10867
f 10872 10863 10918
f 11647 11578 11521
f 11554 11545 11533
f 10934 10937 10938
f 11491 11538 11495
f 10931 10959 11183
f 10875 10872 9342
f 11562 11579 11555
f 10939 10940 10988
f 10935 10930 10938
f 10935 10938 10941
f 10873 10862 11004
f 10862 10869 11004
f 10870 10931 11183
f 10937 10941 10938
f 11647 11480 11567
f 11421 11572 11580
f 11532 11539 11587
f 11552 11648 11545
f 11576 11495 11538
f 11586 11606 11581
f 11581 11582 11586
f 11482 11574 11573
f 11521 11578 11583
f 10937 10942 10941
f 11647 11567 11578
f 11515 11555 11481
f 11533 11584 11564
f 11527 11553 11656
f 11655 10957 11486
f 11553 11528 11649
f 10933 10936 10943
f 10934 10933 10937
f 10934 10944 10940
f 10941 10942 10935
f 10879 10880 10872
f 10836 10837 10833
f 11551 11585 11572
f 11606 11586 11594
f 11526 11650 11648
f 11567 11564 11584
f 11581 11570 11582
f 11587 11539 11654
f 11569 11568 11596
f 11560 11551 11572
f 11562 11594 11579
f 11547 11587 11652
f 11580 11570 11549
f 11577 11550 11588
f 11569 11596 11595
f 11650 11521 11583
f 11580 11572 11589
f 11481 11598 11551
f 11648 11590 11545
f 10935 10942 10928
f 11584 11578 11567
f 11504 11591 11469
f 11543 11556 11592
f 11543 11592 11566
f 11566 11592 11651
f 11655 11657 10957
f 10936 10940 10943
f 10934 10938 10944
f 10939 10988 10945
f 10946 10874 10947
f 10872 10880 9342
f 10892 10839 10812
f 10475 9459 10917
f 11580 11589 11570
f 11586 11593 11594
f 10927 10922 10988
f 11550 11537 11588
f 11577 11588 11568
f 11545 11590 11584
f 11545 11584 11533
f 11555 11579 11599
f 11555 11599 11481
f 11586 11582 11593
f 11539 11595 11596
f 11648 11650 11597
f 11590 11648 11597
f 10840 10891 10821
f 11539 11596 11654
f 11587 11653 11652
f 11520 11652 11653
f 11520 11653 11537
f 11594 11593 11579
f 11537 11653 11588
f 11568 11588 11596
f 11587 11654 11653
f 11551 11598 11585
f 11584 11590 11578
f 11481 11599 11598
f 11527 11603 11557
f 11527 11656 11603
f 11553 11649 11656
f 11373 10949 10951
f 10940 10939 10943
f 10860 10861 10881
f 10839 10892 10840
f 9343 10718 9344
f 11599 11579 11593
f 11570 11589 11582
f 11590 11597 11578
f 11650 11583 11597
f 11588 11653 11596
f 11585 11589 11572
f 11651 11600 11655
f 11582 11589 11593
f 11599 11593 11598
f 11583 11578 11597
f 11593 11589 11585
f 11504 11557 11591
f 11651 11592 11600
f 11470 11006 11571
f 10882 10879 10859
f 10866 10889 10919
f 10479 10917 9391
f 11654 11596 11653
f 11598 11593 11585
f 11655 11600 11657
f 10988 10960 10959
f 10812 10973 10892
f 11373 10951 11601
f 11097 10883 10947
f 11643 10970 11556
f 11600 11592 11657
f 10948 10775 10925
f 10848 10834 10884
f 10949 11461 10950
f 11592 11556 11602
f 11656 11649 11603
f 10957 11657 10955
f 11557 10962 11591
f 11557 11603 10962
f 10829 10809 10885
f 10885 10848 10894
f 10949 10950 10951
f 10942 10937 10952
f 11592 11604 11657
f 11657 11604 10955
f 10834 10836 10886
f 11556 10970 11602
f 10861 9342 10887
f 10861 10887 10881
f 11603 11649 11605
f 11649 11571 11605
f 10944 10938 10953
f 11603 11605 10962
f 11592 11602 11604
f 10943 10939 10945
f 10938 10930 10953
f 10834 10886 10884
f 11604 11602 10955
f 11594 10991 11606
f 10940 10944 10954
f 10882 10829 10888
f 10856 10860 10975
f 10836 10833 10886
f 11469 11591 10984
f 10955 10956 10957
f 10833 10895 10886
f 10919 10889 10971
f 11461 10923 10950
f 10829 10885 10888
f 10894 10848 10884
f 10843 9346 10833
f 10496 9352 9341
f 9342 10958 10887
f 10890 10886 10895
f 10976 10856 10975
f 10884 10886 10890
f 10891 10897 10605
f 10896 10891 10840
f 10959 10960 11046
f 10843 10491 9346
f 11581 10994 11376
f 10856 10976 10857
f 10882 10920 10879
f 10655 9440 10545
f 11605 10961 10962
f 9342 10880 9626
f 10891 10896 10897
f 10890 10895 10894
f 10840 10892 10896
f 11184 11607 9650
f 10933 11052 10937
f 10937 11052 10952
f 10879 10920 10893
f 10884 10890 10894
f 10895 10833 9346
f 10994 11581 10963
f 10888 10885 10898
f 10879 10893 10880
f 10919 10918 10863
f 10942 10952 10928
f 10962 10961 11591
f 10882 10888 10920
f 10885 10894 10979
f 10933 10943 10964
f 11591 10985 10984
f 10895 9346 10977
f 10896 10892 10897
f 10955 11602 10956
f 10933 10964 11052
f 10965 10928 10952
f 10929 11059 10930
f 11376 10994 11643
f 10880 10893 10968
f 10895 10977 10894
f 10940 10954 10989
f 10894 10977 10980
f 10991 11594 11469
f 11605 11571 10966
f 10953 10930 10967
f 10865 10918 9356
f 10880 10968 9626
f 10897 10892 10973
f 10928 10965 10874
f 10957 10956 11415
f 10897 10974 10605
f 10888 10898 10978
f 10860 10899 10975
f 10857 10976 10973
f 10898 10885 10979
f 10898 10979 10978
f 10860 10881 10900
f 9342 9626 10958
f 10923 10969 10950
f 11602 10970 10956
f 11605 10966 10961
f 10926 11129 11607
f 10988 10940 10989
f 10870 11183 11061
f 10971 10972 10919
f 10918 10919 9359
f 10881 10887 10900
f 11581 11606 10991
f 10980 10979 10894
f 11643 10994 10970
f 10920 10888 10978
f 10899 10860 10900
f 10959 11046 11061
f 10897 10973 10974
f 11469 11000 10991
f 10874 11067 10947
f 10975 10899 10976
f 10980 10977 10993
f 11591 10961 10985
f 10775 11184 9651
f 11469 10984 11000
f 10545 9440 9352
f 10978 10980 10920
f 10899 10900 10887
f 10978 10979 10980
f 10605 10974 11031
f 11571 11006 10966
f 10865 10901 10877
f 10920 9348 10893
f 9343 9344 9345
f 10899 10887 10981
f 10918 10982 9356
f 10899 10981 10976
f 10943 10945 11056
f 10918 9359 10982
f 10977 9346 10993
f 10920 10980 10983
f 11000 10984 10985
f 9348 10920 10983
f 10954 10986 10989
f 10976 10981 10987
f 10988 10989 10960
f 10973 10976 10987
f 10951 9648 11601
f 10973 10990 10974
f 11189 10969 10923
f 10959 11061 11183
f 11581 10991 10963
f 10873 9362 10889
f 9348 10968 10893
f 10993 10983 10980
f 10974 10992 11031
f 10993 9346 9350
f 10991 11000 10963
f 10994 10963 10970
f 10993 9350 10983
f 10974 10990 10992
f 11000 10995 10996
f 10970 10963 10997
f 11000 10985 10995
f 10985 10961 10998
f 10970 10999 10956
f 10961 10966 11012
f 10874 10965 11067
f 9346 10491 8671
f 10973 10987 10990
f 10922 9644 10988
f 11000 11001 10963
f 10998 10961 11002
f 10956 11003 11415
f 11012 11002 10961
f 10970 10997 10999
f 10873 11004 11005
f 10987 10981 10887
f 10985 11017 10995
f 10985 10998 11017
f 11000 10996 11001
f 10999 10997 11009
f 10963 11001 10997
f 10996 11016 11001
f 10999 11014 10956
f 10997 11001 11007
f 10997 11007 11009
f 10996 11017 11016
f 10998 11002 11021
f 10775 9651 10925
f 10901 10865 9356
f 10999 11009 11010
f 11001 11016 11007
f 11006 11601 11124
f 11017 10996 10995
f 10956 11014 11003
f 11009 11007 11008
f 10998 11021 11017
f 10999 11010 11014
f 11009 11023 11010
f 11031 10992 11011
f 11009 11008 11023
f 11002 11012 11021
f 11415 11003 11013
f 10966 11006 11186
f 10992 10990 11011
f 10877 9355 10871
f 10889 9362 10971
f 11014 11010 11015
f 11012 10966 11186
f 11016 11017 11018
f 11017 11185 11018
f 10945 10988 11019
f 11014 11015 11020
f 11014 11020 11003
f 11008 11007 11025
f 11021 11185 11017
f 11021 11012 11022
f 10922 10925 9644
f 11056 10945 11057
f 11023 11024 11010
f 11023 11008 11024
f 11010 11024 11015
f 11008 11025 11024
f 11012 11026 11022
f 11021 11022 11185
f 11003 11020 11013
f 11012 11186 11027
f 10945 11019 11057
f 10983 9347 9348
f 11056 10964 10943
f 11059 10929 11060
f 11022 11026 11185
f 11012 11027 11026
f 11013 11020 11028
f 10944 10953 11035
f 9459 10605 10348
f 11007 11016 11029
f 11016 11018 11029
f 11011 10990 11030
f 11011 11030 11031
f 10968 9348 9349
f 11020 11015 11028
f 10929 10871 9368
f 9346 8671 9350
f 11018 11185 11032
f 11186 11006 11124
f 11007 11029 11033
f 11007 11033 11025
f 11029 11018 11032
f 10953 10967 11035
f 10954 10944 10986
f 10988 9644 11034
f 11130 11607 11129
f 11185 11049 11032
f 11052 11035 10952
f 10919 10972 9359
f 11026 11027 11036
f 11004 10870 11005
f 11015 11024 11037
f 11027 11186 11042
f 10952 11038 10965
f 11060 10929 9368
f 11184 9650 9651
f 10877 10901 9355
f 10988 11034 11019
f 11335 11415 11129
f 9362 10873 11005
f 11029 11068 11039
f 11029 11039 11033
f 11068 11029 11032
f 11025 11033 11040
f 11015 11037 11028
f 11415 11013 11062
f 10971 9369 10972
f 9350 9505 10983
f 11607 11130 11041
f 10972 9369 9359
f 10952 11035 11038
f 11036 11027 11042
f 11025 11043 11024
f 11028 11062 11013
f 11186 11124 11042
f 11033 11039 11040
f 10930 11059 10967
f 11025 11040 11043
f 10960 10989 11046
f 10987 10887 9351
f 9351 10887 9373
f 9341 9352 9382
f 10968 9349 9626
f 10870 11061 11044
f 11062 11028 11037
f 10944 11035 11053
f 10989 11045 11046
f 10986 10944 11053
f 10987 9353 10990
f 11185 11026 11036
f 11185 11036 11047
f 9368 10871 9355
f 10887 10958 9373
f 9354 9355 10901
f 10990 9353 9380
f 11044 9365 10870
f 11032 11048 11068
f 11415 11062 11064
f 10870 9365 11005
f 10901 9356 9357
f 9353 9351 9370
f 10987 9351 9353
f 10947 11067 9899
f 11030 10990 9358
f 10983 9361 9347
f 9348 9347 9349
f 10971 9372 9369
f 9359 9369 9366
f 11024 11093 11037
f 10950 11142 10951
f 11185 11047 11049
f 11129 11415 11064
f 11032 11050 11048
f 11032 11049 11050
f 11124 11601 11094
f 10983 9360 9361
f 9356 10982 9357
f 10958 9626 9373
f 11043 11040 11051
f 11024 11043 11093
f 10964 11056 11052
f 11052 11053 11035
f 9361 9371 9347
f 9362 9372 10971
f 11068 11054 11039
f 11040 11039 11051
f 11036 11042 11055
f 10986 11053 11052
f 11056 11057 10986
f 11057 11019 10989
f 9353 9363 9380
f 9363 9353 9372
f 9373 9364 9351
f 11045 10989 11019
f 11047 11036 11055
f 10983 9505 9360
f 8671 10491 10641
f 11046 11045 11058
f 9365 9379 11005
f 9347 9371 9349
f 10967 11038 11035
f 9366 9369 9364
f 11059 11060 11067
f 9362 11005 9379
f 9367 9368 9355
f 11046 11058 11061
f 9351 9369 9370
f 9368 11067 11060
f 11059 11067 10967
f 10989 10986 11057
f 11052 11056 10986
f 9371 9355 9354
f 11044 11061 9377
f 11044 9377 9379
f 11058 11045 11019
f 9353 9370 9372
f 9373 9366 9364
f 11067 9368 11066
f 10965 11038 10967
f 9355 9371 9361
f 11061 9374 9377
f 9369 9372 9370
f 9355 9361 9367
f 11066 9368 9367
f 9626 9357 10982
f 9351 9364 9369
f 9371 9354 10901
f 11034 9644 11058
f 9379 9365 11044
f 9626 9349 10901
f 11034 11058 11019
f 9366 9373 9359
f 10965 10967 11067
f 9644 11065 11058
f 9626 10901 9357
f 10982 9359 9626
f 9362 9379 9363
f 9372 9362 9363
f 9349 9371 10901
f 11061 11058 9374
f 9373 9626 9359
f 11058 11065 9374
f 11050 11049 11047
f 11062 11063 11064
f 11048 11188 11068
f 9367 9361 9375
f 9367 9375 9376
f 11065 9644 9374
f 9377 9374 9646
f 9374 9644 9646
f 9367 9387 11066
f 11066 9387 9386
f 11031 9358 10605
f 9379 9380 9363
f 9377 9378 9379
f 9367 9376 9387
f 11066 9383 11067
f 9379 9378 9380
f 9646 9388 9377
f 9377 9381 9378
f 11068 11090 11069
f 11048 11050 11188
f 11043 11051 11093
f 11042 11070 11055
f 9341 9382 9344
f 11066 9386 9383
f 11187 11086 11071
f 11187 11071 11081
f 11068 11069 11054
f 11030 9358 11031
f 11187 11085 11086
f 11072 11084 11073
f 11039 11054 11074
f 11072 11075 11122
f 11072 11073 11075
f 11075 11078 11122
f 11072 11122 11084
f 11081 11071 11076
f 9377 9388 9381
f 11076 11077 11081
f 11187 11054 11085
f 11078 11075 11079
f 9375 9384 9376
f 11077 11080 11081
f 9376 9384 9385
f 11073 11084 11082
f 11051 11039 11074
f 11037 11093 11083
f 11084 11122 11082
f 11085 11054 11086
f 11068 11188 11090
f 11042 11124 11070
f 9375 9361 9360
f 9375 9360 9384
f 9386 9387 9385
f 9387 9376 9385
f 11081 11080 11095
f 11079 11075 11087
f 11081 11088 11187
f 11079 11089 11078
f 11075 11073 11087
f 11124 11123 11070
f 11047 11055 11111
f 11607 11041 9650
f 9388 9389 9381
f 11187 11088 11054
f 11073 11090 11087
f 11076 11091 11077
f 11122 11078 11118
f 11073 11069 11090
f 11073 11082 11069
f 11071 11086 11102
f 11081 11095 11088
f 11055 11070 11092
f 11051 11074 11093
f 11037 11100 11062
f 11047 11111 11050
f 11093 11074 11098
f 11601 9648 11094
f 9384 9390 9385
f 11037 11083 11100
f 11093 11098 11112
f 11080 11195 11095
f 11064 11063 11138
f 11079 11107 11190
f 11067 9383 9397
f 11071 11102 11076
f 10951 11142 9648
f 11089 11079 11190
f 11050 11111 11188
f 11055 11092 11111
f 11088 11095 11054
f 11093 11112 11083
f 11054 11095 11074
f 11188 11111 11096
f 11054 11069 11117
f 11090 11188 11087
f 11077 11091 11192
f 11077 11192 11080
f 11122 11118 11135
f 11097 10947 11189
f 11079 11087 11188
f 11079 11188 11108
f 11074 11095 11098
f 11190 11099 11089
f 11063 11062 11100
f 11070 11101 11092
f 11102 11086 11103
f 11098 11105 11112
f 9378 9381 9389
f 11070 11123 11101
f 11079 11108 11107
f 10655 9391 9440
f 11095 11104 11098
f 11069 11116 11117
f 11063 11100 11138
f 11098 11104 11105
f 11188 11096 11108
f 11095 11195 11126
f 11078 11089 11106
f 11107 11108 11128
f 11080 11192 11191
f 11080 11191 11195
f 11083 11112 11100
f 9386 9385 9392
f 9644 9652 9645
f 11092 11101 11111
f 11076 11109 11091
f 11108 11111 11128
f 11095 11126 11104
f 11101 11123 11110
f 11096 11111 11108
f 11112 11105 11104
f 11089 11099 11113
f 11082 11116 11069
f 11091 11114 11192
f 11086 11054 11103
f 9378 9393 9380
f 9644 10925 9652
f 11101 11110 11111
f 11104 11126 11112
f 11100 11112 11138
f 11112 11126 11138
f 11129 11064 9654
f 11122 11136 11082
f 9644 9645 9646
f 9378 9389 9393
f 11067 9397 9899
f 9384 9360 9390
f 11111 11110 11128
f 10990 9380 9396
f 11054 11117 11115
f 11116 11082 11140
f 11116 11131 11117
f 11106 11089 11113
f 11078 11106 11118
f 11076 11102 11119
f 11107 11141 11190
f 11117 11131 11115
f 11110 11123 11128
f 11124 11094 11120
f 11116 11140 11131
f 11133 11102 11121
f 11076 11119 11109
f 10348 10605 9358
f 11122 11135 11136
f 11119 11102 11133
f 11114 11091 11194
f 11190 9799 11099
f 11123 11124 11125
f 11124 11120 11125
f 11102 11134 11121
f 11102 11103 11134
f 11136 10221 11082
f 11091 11109 11194
f 11126 11195 11127
f 11128 11153 11107
f 11129 9654 11130
f 11128 11123 11153
f 11189 10947 9899
f 11115 11131 11132
f 11118 11106 10072
f 11121 11134 11133
f 11082 10221 11140
f 11119 10310 11109
f 11134 11103 10076
f 10076 11054 11115
f 11054 10076 11103
f 11118 10072 11135
f 9646 9645 9652
f 11109 10310 11194
f 11119 11133 11134
f 11135 10072 11136
f 11126 11137 11138
f 9360 9400 9390
f 11119 11134 10310
f 11137 11139 11138
f 9385 9390 9392
f 11131 11140 11132
f 11140 10221 11132
f 11115 11132 10076
f 11107 11153 11141
f 11127 11195 11180
f 9386 9394 9383
f 11123 11125 11153
f 9646 9395 9388
f 9646 9652 9395
f 10950 10969 11142
f 11190 11141 9799
f 11126 11127 11137
f 9650 11041 11143
f 9380 9393 9396
f 9383 9394 9397
f 10072 11106 11196
f 10969 9647 11142
f 9386 9402 9394
f 9343 9345 10641
f 11138 11139 11064
f 9386 9392 9402
f 11041 11130 11143
f 11142 9647 9648
f 11132 10221 10076
f 11153 11125 11144
f 11125 11120 11193
f 11125 11193 11144
f 9652 10925 9649
f 9388 9395 9389
f 9360 9505 9400
f 11191 11192 9772
f 11099 9799 11145
f 11192 11114 9772
f 9650 11143 9651
f 11139 11146 11064
f 9652 9655 9395
f 9389 9395 9398
f 9393 9389 9399
f 9400 9401 9407
f 9400 9407 9390
f 9389 9398 9399
f 9394 9653 9397
f 11153 11144 11154
f 11139 11137 11147
f 9393 9399 9396
f 9657 9702 11148
f 9702 9657 9658
f 9394 9402 9653
f 9345 9344 9403
f 11158 9657 11148
f 9702 11149 11152
f 9702 11155 11149
f 9396 9399 9429
f 9702 11159 11148
f 11152 11159 9702
f 11139 11152 11157
f 9657 11151 11150
f 11148 11159 11158
f 9395 9655 9404
f 11144 11158 11154
f 11158 11151 9657
f 9397 9653 9664
f 9399 9398 9429
f 11149 11160 11152
f 11137 11127 11147
f 11139 11157 11146
f 11094 9648 10254
f 11153 11154 11162
f 11130 9654 11143
f 9648 9647 10254
f 11139 11147 11159
f 9655 9414 9404
f 11139 11159 11152
f 9402 9392 9424
f 11151 11158 11167
f 11113 11099 11145
f 11151 11164 11150
f 11149 11155 11160
f 9407 9405 9390
f 11158 11156 11154
f 11152 11160 11157
f 9655 9652 9649
f 9400 9505 9401
f 9395 9404 9398
f 9390 9405 9392
f 11158 11144 11193
f 11158 11193 11167
f 11154 11156 11162
f 11158 11159 11156
f 11159 11147 11165
f 9655 9661 9414
f 9651 11143 9656
f 11147 11127 11165
f 9778 11141 11153
f 11160 11155 11161
f 9657 11150 9690
f 9657 9690 9658
f 9664 9659 9397
f 9392 9405 9424
f 9406 9407 9401
f 9664 9653 9668
f 11156 11168 11162
f 11165 11127 11170
f 9423 9408 9411
f 9412 9409 9410
f 9660 9665 9661
f 11157 11163 11146
f 9661 9665 9414
f 9402 9424 9653
f 9662 9677 9683
f 9662 9683 9665
f 9653 9424 9668
f 11153 11162 11168
f 11156 11159 11168
f 9663 9666 9659
f 9663 9659 9664
f 9429 9398 9426
f 9418 9396 9427
f 9660 9662 9665
f 9687 9666 9681
f 9411 9417 9406
f 9663 9667 9666
f 9664 9668 9667
f 9664 9667 9663
f 9396 9429 9427
f 9677 9669 9670
f 11157 11160 11163
f 9409 9629 9627
f 11160 11161 9693
f 11150 11164 9679
f 9669 9675 9670
f 9412 9418 9427
f 9671 9672 9673
f 9671 9673 9687
f 9669 9672 9675
f 9666 9667 9681
f 9687 9674 9671
f 9398 9404 9426
f 9409 9413 9629
f 9412 9427 9413
f 9412 9413 9409
f 9414 9665 9683
f 9404 9414 9415
f 9408 9627 9416
f 9672 9671 9675
f 9408 9416 9417
f 9675 9684 9670
f 9687 9681 9674
f 9660 9676 9662
f 9396 9418 9419
f 9406 9420 9411
f 9627 9408 9421
f 9627 9421 9409
f 9406 9417 9435
f 9408 9417 9411
f 9416 9422 9417
f 9671 9674 9675
f 9670 9684 9683
f 9629 9416 9627
f 9677 9670 9683
f 9406 9435 9407
f 11168 11159 9726
f 9675 9674 9684
f 9660 9661 9676
f 11151 11167 11164
f 11165 11178 11159
f 9416 9629 9422
f 11163 11160 11166
f 9423 9411 9631
f 9414 9683 9415
f 9672 9678 9673
f 11160 9693 11166
f 9396 9441 10990
f 11193 9776 11167
f 9672 9669 9738
f 11153 11168 11169
f 11127 9713 11170
f 11164 9712 9679
f 9680 11193 11120
f 11150 9679 9690
f 9681 9682 9674
f 9424 9425 9668
f 9404 9632 9426
f 9427 9628 9413
f 9412 9410 9418
f 11165 11170 11171
f 9681 9667 9682
f 11146 11172 11064
f 9405 9407 9428
f 9757 11113 11145
f 11127 11180 11176
f 11165 11173 11178
f 11165 11171 11173
f 11170 9713 11171
f 11193 9680 9776
f 11161 11155 9706
f 9661 9655 9676
f 9668 9431 9667
f 9424 9405 9428
f 9429 9430 9427
f 11163 11166 11174
f 9899 9397 9718
f 11064 11172 9705
f 9683 9684 9685
f 11164 11167 11175
f 11153 11169 9776
f 11164 11175 9712
f 11163 11172 11146
f 9706 11155 9702
f 9677 9662 9743
f 9666 9686 9659
f 9415 9632 9404
f 9629 9630 9422
f 9684 9674 9714
f 11167 9776 11169
f 9666 9687 9723
f 9666 9723 9688
f 9677 9743 9669
f 11167 11169 11175
f 11168 11175 11169
f 11174 11166 9713
f 11174 11172 11163
f 11174 9713 11172
f 11166 9693 9703
f 11120 9689 9680
f 9659 9686 9397
f 9668 9425 9431
f 9426 9430 9429
f 9628 9432 9629
f 9423 9433 9408
f 9713 11166 11171
f 9775 11114 11194
f 9630 9629 9434
f 11171 11166 11173
f 9680 9689 9729
f 9706 9710 11161
f 9679 9694 9690
f 11064 9705 9691
f 9678 9672 9738
f 9723 9687 9730
f 9397 9686 9718
f 9424 9428 9425
f 9407 9435 9436
f 9413 9628 9629
f 9417 9437 9435
f 9422 9630 9417
f 9411 9420 9631
f 11168 11177 11175
f 9899 9718 9692
f 9662 9676 9743
f 9772 11114 9775
f 11173 11166 9703
f 10969 11189 9647
f 9632 9438 9426
f 9684 9714 9685
f 11141 9778 9799
f 11127 11176 9713
f 11159 11178 9726
f 9693 9698 9703
f 9776 9680 9729
f 9693 11161 9698
f 9679 9711 9694
f 9415 9695 9632
f 9629 9432 9434
f 11168 9726 11177
f 9435 9437 9436
f 9689 9696 9701
f 9689 9700 9696
f 9676 9655 9697
f 11161 9710 9698
f 9695 9415 9699
f 11153 9776 9778
f 11177 9712 11175
f 9689 11120 9700
f 9674 9682 9714
f 9683 9699 9415
f 9439 9407 9436
f 9408 9433 9421
f 9407 9439 9428
f 9694 9701 9696
f 9658 9690 9702
f 9687 9673 9730
f 10917 9440 9391
f 9701 9694 9735
f 9667 9722 9682
f 11106 11113 9757
f 9703 9698 9897
f 9679 9712 9711
f 9678 9738 9704
f 9743 9676 9697
f 9685 9699 9683
f 9667 9431 9722
f 9426 9438 9430
f 9628 9427 9444
f 9423 9631 9433
f 9705 11172 9727
f 9708 9705 9706
f 9689 9701 9707
f 9689 9707 9729
f 9705 9708 9709
f 9705 9709 9691
f 9706 9705 9710
f 10348 9358 9441
f 9701 9735 9707
f 9694 9711 9735
f 9711 9712 9735
f 9697 9655 9649
f 9673 9678 9730
f 11178 11173 11179
f 9713 9719 11172
f 11173 9703 11179
f 9743 9738 9669
f 9714 9715 9685
f 9651 9716 10925
f 9430 9444 9427
f 9417 9630 9437
f 9410 9409 9442
f 9406 9401 9420
f 9421 9433 9443
f 9686 9717 9718
f 11172 9719 9727
f 9696 9721 9694
f 9720 11179 9897
f 9409 9421 9442
f 11195 9772 11180
f 11178 11182 9726
f 9713 11176 9719
f 9696 9700 9721
f 9682 9722 9723
f 9666 9717 9686
f 10925 9716 9649
f 9695 9446 9632
f 9697 9649 9724
f 9712 9725 9735
f 9720 9897 9728
f 9712 9726 9728
f 9728 9726 9720
f 9712 9728 9725
f 11179 9720 11182
f 9712 11177 9726
f 9710 9705 9727
f 9722 9742 9723
f 9444 9430 9445
f 9728 9735 9725
f 9632 9446 9447
f 9444 9448 9628
f 9776 9729 9707
f 9728 9897 9698
f 9678 9704 9730
f 9704 9738 9715
f 9730 9731 9723
f 9714 9730 9704
f 9714 9704 9715
f 9666 9740 9717
f 9722 9431 9732
f 9437 9630 9443
f 9421 9443 9449
f 11195 11191 9772
f 9685 9715 9738
f 11189 9899 9733
f 9666 9688 9740
f 9695 9699 9734
f 9695 9734 9446
f 9728 9698 9735
f 9720 9726 11182
f 9685 9738 9699
f 9697 9724 9743
f 9682 9730 9714
f 9432 9628 9450
f 9727 9719 9710
f 9682 9731 9730
f 9710 9719 9736
f 9710 9736 9698
f 9436 9437 9451
f 9444 9474 9448
f 9776 9707 9746
f 9694 9721 9690
f 9700 11120 9737
f 9738 9743 9739
f 9418 9410 9452
f 9722 9740 9742
f 9899 9692 9733
f 9682 9723 9731
f 9439 9453 9428
f 9707 9735 9748
f 9430 9438 9445
f 9425 9428 9454
f 9724 9649 9741
f 9431 9425 9467
f 9455 9467 9425
f 9723 9742 9688
f 9735 9698 9748
f 9434 9633 9630
f 9722 9732 9740
f 9630 9633 9443
f 9739 9699 9738
f 9434 9432 9456
f 9739 9743 9699
f 10072 11196 10073
f 9691 9744 9761
f 9691 9761 11064
f 9421 9449 9442
f 9734 9699 9745
f 9742 9740 9688
f 9438 9457 9445
f 9431 9458 9732
f 9428 9453 9454
f 9632 9447 9438
f 9707 9748 9746
f 9698 9736 9748
f 9718 9747 9692
f 9440 8662 9352
f 9431 9467 9458
f 9444 9445 9474
f 10917 9459 9460
f 9743 9745 9699
f 9438 9447 9461
f 9438 9461 9457
f 9718 9717 9747
f 9709 9758 9691
f 9746 9748 9776
f 9706 9702 9779
f 9706 9779 9708
f 9690 9721 9766
f 9631 9420 9465
f 9449 9443 9633
f 9442 9449 9633
f 9451 9420 9436
f 9724 9741 9743
f 9455 9425 9454
f 9439 9420 9453
f 9457 9462 9445
f 9749 9865 9692
f 9692 9747 9749
f 9439 9436 9420
f 9692 9865 9733
f 9467 9471 9458
f 9745 9743 9734
f 9446 9900 9447
f 9434 9456 9633
f 9628 9448 9450
f 9437 9443 9451
f 9432 9450 9456
f 9709 9708 9758
f 9691 9758 9744
f 9702 10128 9779
f 11143 9654 10227
f 9651 9656 9716
f 9732 9458 9750
f 9446 9734 9900
f 9457 9461 9462
f 9452 9410 9442
f 9631 9465 9512
f 11094 9737 11120
f 11094 9751 9737
f 9741 9649 9755
f 10128 9702 9805
f 9451 9443 9463
f 9758 9708 9779
f 9740 9732 9750
f 9734 9743 9900
f 9450 9448 9464
f 9649 9716 9755
f 9451 9465 9420
f 9690 9805 9702
f 9744 9758 9773
f 9744 9773 9761
f 9717 9740 9747
f 9647 11189 10137
f 9458 9478 9750
f 9455 9466 9467
f 9461 9468 9462
f 9455 9454 9466
f 9454 9453 9466
f 9450 9469 9456
f 9451 9463 9465
f 9443 9433 9463
f 9748 9736 9784
f 11134 10083 10310
f 11094 10255 9751
f 9775 11194 10074
f 9458 9471 9478
f 9447 9900 9470
f 9447 9470 9461
f 9471 9467 9472
f 9462 9473 9445
f 9448 9474 9464
f 11189 9733 9752
f 11134 10076 9906
f 9656 11143 10227
f 9462 9468 9473
f 9721 9700 9737
f 9721 9737 9763
f 9743 9754 9753
f 9453 9420 9475
f 9450 9464 9469
f 9743 9741 9754
f 9716 9656 9755
f 10990 9441 9358
f 9721 9764 9766
f 9740 9750 9756
f 11145 9799 9757
f 9758 9759 9773
f 9758 9779 9759
f 10137 11189 9752
f 9743 9753 9760
f 9750 9478 9756
f 9474 9476 9464
f 9442 9633 9477
f 9461 9470 9468
f 11064 9761 9654
f 9766 9762 9690
f 11106 9757 11181
f 9757 9799 10084
f 9721 9763 9764
f 9456 9469 9633
f 9633 9469 9477
f 9776 9748 9822
f 9748 9800 9822
f 9736 9769 9784
f 9740 9765 9749
f 9471 9472 9478
f 9473 9474 9445
f 9465 9463 9479
f 9433 9631 9463
f 9740 9749 9747
f 9762 9766 9767
f 9465 9480 9420
f 9736 9719 9769
f 9766 9764 9768
f 9764 9763 9768
f 9752 9733 9865
f 11194 10310 10075
f 9773 9769 9761
f 9754 9789 9753
f 9743 9760 9770
f 9900 9771 9470
f 9474 9481 9476
f 9479 9463 9482
f 9631 9483 9463
f 9743 9770 9900
f 9772 9775 9803
f 9766 9768 9767
f 11136 10072 10073
f 9773 9759 9901
f 9754 9741 9782
f 9759 9779 9902
f 9773 9798 9769
f 9759 9902 9901
f 9900 9770 9771
f 9719 11176 9769
f 9740 9756 9765
f 9760 9753 9789
f 9760 9789 9774
f 9760 9774 9770
f 9467 9466 9472
f 9466 9453 9475
f 9474 9473 9481
f 9475 9420 9480
f 9465 9479 9480
f 9464 9476 9469
f 9469 9498 9477
f 9775 10074 9803
f 9773 9901 9798
f 9776 9777 9778
f 9741 9755 9782
f 9902 9779 9780
f 9771 9488 9470
f 9769 9838 9761
f 9765 9756 9749
f 9768 9763 9822
f 9767 9793 9811
f 9767 9811 9786
f 9901 9902 9791
f 9749 9756 9781
f 9469 9476 9484
f 9754 9782 9834
f 9782 9783 9834
f 9482 9463 9485
f 9784 9769 9785
f 9767 9786 9762
f 9779 10128 9780
f 9752 9865 10137
f 9472 9466 9486
f 9473 9468 9487
f 9631 9512 9483
f 9344 9382 9403
f 9470 9858 9468
f 9774 9789 9787
f 9774 9787 9770
f 9473 9487 9481
f 9803 10074 10077
f 9463 9477 9485
f 9749 9781 9788
f 9469 9484 9498
f 9768 9822 9767
f 9865 9749 9788
f 9419 9441 9396
f 9767 9822 9793
f 9754 9834 9789
f 9755 9790 9782
f 9470 9488 9858
f 9782 9790 9783
f 11181 9757 10084
f 9478 9472 9501
f 9748 9784 9800
f 9784 9785 9904
f 9763 9737 9813
f 9791 9792 9793
f 9791 9902 9792
f 9793 9792 9811
f 9793 9901 9791
f 9822 9794 9793
f 9798 9901 9904
f 9793 9794 9795
f 9901 9796 9904
f 9793 9797 9901
f 9785 9769 9798
f 9482 9485 9479
f 9466 9489 9486
f 9785 9798 9904
f 9472 9486 9501
f 9476 9481 9490
f 9476 9499 9484
f 9476 9490 9491
f 9475 9480 9634
f 9475 9634 9466
f 10074 11194 10075
f 10084 9799 10081
f 9800 9794 9822
f 9901 9797 9796
f 9786 9809 9762
f 9418 9531 9419
f 9442 9477 9492
f 9793 9795 9843
f 9480 9479 9493
f 9478 9801 9756
f 10221 9906 10076
f 9476 9491 9499
f 9468 9858 9494
f 9770 9787 9802
f 9487 9490 9481
f 11196 11106 11181
f 9803 10077 10079
f 9803 10079 9772
f 9792 9902 9804
f 9690 9762 9805
f 9756 9806 9807
f 9793 9843 9808
f 9786 9811 9809
f 9477 9498 9485
f 9484 9499 9498
f 9756 9801 9806
f 10641 8670 8671
f 9808 9810 9793
f 9794 9800 9795
f 9802 9787 9846
f 9480 9493 9495
f 9783 9829 9834
f 9478 9501 9801
f 10081 10078 10084
f 9792 9823 9811
f 9784 9812 9800
f 9822 9763 9813
f 9795 9814 9843
f 9762 9809 9815
f 9902 9780 9839
f 9902 9839 9820
f 9813 9737 9836
f 9780 10128 9818
f 9816 9781 9817
f 9770 9802 9771
f 9771 9802 9488
f 9531 9418 9452
f 9485 9493 9479
f 9477 9463 9492
f 9780 9818 9839
f 9830 9819 9846
f 9795 9800 9814
f 9797 9793 9810
f 9772 10079 10080
f 9792 9804 9823
f 9480 9495 9634
f 9902 9820 9804
f 9487 9468 9494
f 10081 10086 10078
f 9830 9846 9787
f 9806 9801 9807
f 9810 9808 9821
f 10079 10077 10082
f 9776 9822 9777
f 9812 9784 10089
f 9843 9821 9808
f 9811 9823 9809
f 9815 9809 9824
f 9838 9825 9761
f 9865 9788 9826
f 9788 9781 9816
f 9781 9756 9817
f 9420 9401 9496
f 9512 9465 9536
f 9452 9442 9522
f 9463 9483 9492
f 10077 10074 10082
f 9466 9634 9489
f 10081 9799 10086
f 9813 9836 9832
f 9823 9804 9827
f 9797 9810 9841
f 10083 11134 9979
f 10084 10078 10085
f 10084 10087 11181
f 9809 9823 9824
f 9790 9828 9783
f 9783 9828 9829
f 9819 9830 9835
f 9634 9495 9493
f 9497 9498 9499
f 9465 9420 9536
f 9814 9800 9855
f 9804 9820 9831
f 9821 9843 9827
f 9827 9843 9823
f 8670 10641 9345
f 9810 9821 9827
f 9810 9827 9841
f 9824 9842 9815
f 9818 9825 9839
f 9898 9841 9848
f 9898 9848 10089
f 9824 9832 9842
f 10078 10086 10085
f 9812 10089 9800
f 9829 9828 9833
f 9829 9853 9834
f 9846 9835 9802
f 9802 9873 9488
f 9517 9500 9487
f 9499 9491 9497
f 9493 9485 9507
f 9836 9842 9832
f 9858 9874 9494
f 9824 9823 9837
f 9827 9804 9841
f 9825 9838 9839
f 9804 9831 9841
f 9824 9837 9832
f 9839 9838 9840
f 9831 9820 9848
f 9831 9848 9841
f 9647 10137 10148
f 9842 10103 9815
f 9842 9836 10103
f 9843 9814 9855
f 9843 9855 9823
f 9788 9816 9844
f 10084 10085 10087
f 9822 9813 9832
f 9838 9769 10093
f 9838 10093 9840
f 9818 10121 9825
f 9836 9737 9850
f 9656 10227 9845
f 9819 9835 9846
f 9834 9847 9789
f 9802 9869 9873
f 9486 9537 9527
f 9486 9489 9537
f 9634 9537 9489
f 9848 9820 9856
f 9820 9839 9856
f 9830 9870 9835
f 9837 10094 9832
f 9837 9823 10094
f 9486 9527 9501
f 9817 9756 9849
f 10086 9799 10088
f 11176 11180 9769
f 9737 9751 9850
f 9865 9826 9851
f 9829 9833 9852
f 9829 9852 9853
f 9834 9853 9847
f 9487 9494 9517
f 9401 9505 9496
f 9420 9496 9536
f 9858 9857 9874
f 9832 10094 9854
f 9840 10093 9839
f 9823 9855 10094
f 9832 9854 9822
f 9839 10093 9856
f 9498 9524 9485
f 9818 10128 10121
f 9848 9856 10089
f 9825 10121 10115
f 9762 9815 9805
f 9790 9860 9828
f 9801 9501 9872
f 9488 9857 9858
f 9491 9502 9497
f 9505 9503 9496
f 9498 9497 9524
f 9522 9442 9492
f 9830 9787 9870
f 9800 10089 9859
f 10089 9856 10090
f 10103 9836 9866
f 9825 10098 9761
f 9790 9876 9860
f 9788 9844 9826
f 9807 9861 9862
f 9488 9873 9857
f 9491 9490 9500
f 9634 9493 9509
f 9441 9419 9635
f 9816 9817 9877
f 9801 9863 9807
f 9854 10094 9822
f 9833 9860 9852
f 11181 10111 11196
f 10093 10091 9856
f 9825 10115 10098
f 9828 9860 9833
f 9835 9846 9867
f 9789 9847 9787
f 9807 9863 9862
f 9801 9872 9863
f 9634 9509 9537
f 9491 9504 9502
f 9419 9531 9635
f 9493 9507 9509
f 9505 9350 8671
f 9790 9755 9876
f 9503 9506 9496
f 9807 9862 9756
f 9769 10092 10093
f 9756 9862 9863
f 9816 9877 9844
f 9835 9869 9802
f 9501 9527 9872
f 9800 9859 9855
f 9635 9531 9529
f 9859 10089 10090
f 9507 9508 9509
f 10093 10109 10091
f 9822 10094 10095
f 9835 9864 9869
f 9756 9863 9849
f 9817 9849 9877
f 9494 9874 9517
f 9487 9500 9490
f 9500 9504 9491
f 9496 9506 9536
f 9505 8671 9510
f 9485 9524 9507
f 9503 9505 9542
f 9441 9635 9511
f 10079 10082 10105
f 9769 11180 10092
f 10093 10092 10109
f 9815 10103 9805
f 9865 9885 10137
f 9852 9860 9853
f 9787 9847 9870
f 9506 9503 9542
f 9522 9538 9452
f 9492 9483 9522
f 9761 10457 9654
f 9856 10091 10090
f 10096 9855 9859
f 9822 10095 10099
f 9859 10090 10097
f 9855 10096 10094
f 10094 10096 10095
f 10115 9886 10098
f 10098 9886 9761
f 9836 9850 9866
f 9867 9835 9864
f 9835 9870 9864
f 9863 9872 9868
f 9872 9527 9903
f 9538 9522 9521
f 9483 9523 9522
f 9772 10080 10191
f 9847 9869 9870
f 9483 9512 9513
f 9777 9822 10099
f 9512 9536 9513
f 10091 10100 10090
f 9826 9844 9851
f 9869 9864 9870
f 8671 9514 9510
f 9511 9635 9515
f 9516 9517 9853
f 9849 9868 9877
f 9516 9880 9517
f 9635 9529 9515
f 9880 9518 9517
f 9483 9513 9523
f 9853 9871 9516
f 9877 9903 9526
f 9877 9868 9903
f 9526 9519 9520
f 9522 9524 9521
f 9522 9523 9524
f 9518 9880 9525
f 9526 9903 9527
f 9452 9538 9528
f 9872 9903 9868
f 9868 9849 9863
f 9529 9530 9515
f 9847 9873 9869
f 9452 9528 9531
f 9853 9517 9874
f 9523 9507 9524
f 9847 9853 9873
f 9857 9853 9874
f 9524 9497 9521
f 9441 9511 9532
f 9530 9529 9500
f 9509 9508 9523
f 9542 9533 9506
f 9507 9523 9508
f 9853 9875 9871
f 9504 9500 9534
f 9497 9502 9528
f 9518 9535 9530
f 9860 9875 9853
f 9506 9533 9536
f 9873 9853 9857
f 9519 9527 9537
f 9526 9527 9519
f 9530 9500 9518
f 9517 9518 9500
f 9513 9536 9523
f 9533 9519 9536
f 9500 9529 9534
f 9528 9538 9497
f 9529 9531 9534
f 9509 9523 9536
f 9533 9539 9519
f 9538 9521 9497
f 9536 9537 9509
f 9531 9502 9534
f 9537 9536 9519
f 9860 9876 9875
f 10074 10075 10127
f 10082 10074 10101
f 10082 10101 10105
f 11180 10102 10092
f 9859 10097 10096
f 10091 10109 10100
f 10096 10104 10095
f 9441 9532 10348
f 9535 9515 9530
f 9504 9534 9502
f 9502 9531 9528
f 9518 9540 9535
f 9519 9539 9541
f 9533 9542 9543
f 9544 9519 9541
f 9535 9545 9515
f 9877 9526 9878
f 9875 9879 9871
f 9516 9871 9880
f 9505 9546 9542
f 9519 9544 9520
f 9542 9546 9543
f 10103 10112 9805
f 9844 9877 9878
f 9533 9547 9539
f 9505 9510 9514
f 10095 10104 10099
f 9844 9881 9851
f 9518 9525 9540
f 9539 9548 9541
f 10079 10105 10080
f 9772 10191 11180
f 9875 9876 9879
f 9880 9883 9549
f 9533 9543 9547
f 9520 9550 9526
f 9539 9547 9548
f 9535 9540 9545
f 9511 9515 9641
f 9871 9879 9882
f 9880 9871 9883
f 9844 9878 9881
f 9880 9549 9525
f 9526 9550 9636
f 9526 9636 9878
f 10104 10106 10099
f 10096 10097 10107
f 9546 9505 9551
f 9525 9552 9540
f 9656 9845 9755
f 9525 9549 9552
f 9544 9541 9553
f 9543 9546 9547
f 9515 9554 9555
f 10100 10117 10090
f 10103 9866 10112
f 11181 10087 10108
f 10113 10147 9805
f 9850 9751 10124
f 9520 9544 9553
f 10100 10109 10117
f 10097 10090 10116
f 9871 9882 9883
f 10104 10096 10106
f 10096 10107 10123
f 9515 9555 9641
f 10096 10123 10106
f 10097 10110 10107
f 10123 10107 10116
f 9515 9545 9554
f 11181 10108 10111
f 10112 10113 9805
f 9881 9878 9636
f 9549 9883 9884
f 10116 10107 10110
f 10116 10110 10097
f 9532 9511 9556
f 10109 10092 10117
f 10090 10114 10116
f 10099 10106 10112
f 10090 10117 10114
f 10116 10114 10125
f 10121 10128 10122
f 10114 10117 10115
f 10116 10125 10123
f 10117 10092 9887
f 9550 9520 9557
f 10121 10119 10115
f 10106 10123 10118
f 10119 10114 10115
f 10117 10120 10115
f 10106 10118 10112
f 10113 10112 10118
f 10113 10118 10147
f 10119 10121 10122
f 10117 9887 10120
f 9511 9641 9556
f 10115 10120 9887
f 9647 10148 10254
f 10115 9887 9886
f 9885 9865 9851
f 10118 10123 10145
f 10147 10118 10145
f 10114 10119 10125
f 9777 10099 10156
f 10092 10154 9887
f 9850 10124 9866
f 9882 9884 9883
f 9636 9550 9558
f 10123 10125 10132
f 10119 10140 10125
f 10099 10112 10156
f 10112 9866 10124
f 9886 9887 9761
f 9881 9636 9888
f 9548 9547 9637
f 9553 9541 9581
f 9876 9755 10213
f 9520 9553 9557
f 9514 9559 9505
f 9514 8671 9559
f 10132 10125 10126
f 9556 9641 9560
f 10074 10127 10101
f 10085 10086 10160
f 10154 10136 9887
f 10128 10165 10122
f 9882 9879 10186
f 9547 9546 9590
f 9505 9583 9551
f 9505 9559 9583
f 9552 9549 9561
f 9777 10156 10129
f 10125 10140 10126
f 10112 10124 10156
f 11094 10254 10255
f 9882 10186 9889
f 9881 9888 9890
f 9554 9562 9555
f 10133 10135 10130
f 9805 10274 10128
f 9549 9563 9561
f 10131 10134 10133
f 10132 10126 10130
f 10123 10132 10150
f 10123 10150 10145
f 9887 10136 9761
f 9884 9585 9549
f 9540 9564 9545
f 9641 9565 9560
f 9440 10917 9566
f 10133 10134 10135
f 9546 9551 9617
f 10130 10126 10131
f 9558 9888 9636
f 10131 10133 10130
f 10134 10131 10141
f 9551 9582 9617
f 10131 10126 10141
f 10348 9532 9569
f 9777 10129 10163
f 10154 10151 10136
f 10145 10150 10146
f 10140 10119 10159
f 10119 10122 10159
f 9761 10136 10457
f 10148 10137 9885
f 9876 10186 9879
f 9851 9881 10170
f 9641 9555 10332
f 9382 8665 9403
f 9881 9890 10170
f 10129 10156 10138
f 10129 10138 10139
f 9882 9889 9884
f 9560 9624 9556
f 10141 10152 10134
f 10126 10140 10141
f 10130 10135 10142
f 10142 10135 10138
f 10130 10142 10132
f 9556 9624 9532
f 10075 10310 10143
f 9799 9778 10144
f 10145 10146 10147
f 10147 10146 10171
f 10147 10171 9805
f 10148 9885 10149
f 9540 9552 9561
f 9541 9548 9581
f 9545 9564 9554
f 9562 10332 9555
f 9560 9565 9567
f 10150 10132 10142
f 10150 10142 10146
f 9583 9582 9551
f 10139 10138 10135
f 10141 10157 10151
f 10134 10152 10153
f 9559 8671 9583
f 10141 10154 10152
f 10141 10151 10154
f 10138 10156 10142
f 9532 9568 9569
f 10155 10142 10156
f 10140 10157 10141
f 9624 9568 9532
f 10140 10159 10157
f 10154 10092 10456
f 10156 10124 10158
f 9557 9553 9581
f 9564 9540 9577
f 9548 9637 9581
f 9547 9590 9637
f 9546 9570 9590
f 9546 9617 9570
f 10136 10151 10161
f 10156 10158 10155
f 9549 9585 9563
f 10152 10154 10153
f 9799 10144 10088
f 10122 10165 10159
f 9550 9557 9558
f 9637 9590 9571
f 9560 9567 9624
f 10086 10088 10160
f 10157 10161 10151
f 9352 10410 9382
f 10155 10146 10142
f 10157 10159 10162
f 10161 10157 10162
f 9569 9568 9624
f 9876 10213 10186
f 10177 9889 10186
f 9540 9561 9577
f 9637 9572 9581
f 9554 9564 9573
f 9554 9573 9562
f 10129 10139 10163
f 10155 10158 10146
f 10154 10456 10153
f 10171 10261 9805
f 9755 9845 10338
f 9888 9558 9890
f 9557 9574 9558
f 9557 9575 9574
f 9557 9581 9575
f 9564 9577 9576
f 9637 9571 9572
f 10146 10158 10171
f 10159 10165 10162
f 10158 10172 10164
f 9581 9572 9638
f 10158 10164 10171
f 10348 10349 9459
f 10161 10174 10136
f 9564 9576 9573
f 10165 10166 10162
f 10139 10135 10163
f 9890 9558 9892
f 9624 10348 9569
f 9352 8662 10410
f 10164 10172 10171
f 10162 10166 10161
f 9562 9573 9615
f 9577 9561 9576
f 9571 9578 9572
f 9561 9579 9576
f 9570 9617 9610
f 9884 9889 9586
f 9891 9892 9558
f 9638 9580 9581
f 10177 10190 9889
f 9582 9583 9584
f 10108 10087 10167
f 10087 10085 10167
f 10085 10160 10167
f 10080 10168 10191
f 10080 10105 10168
f 9777 10163 10169
f 10174 10161 10166
f 9851 10170 10214
f 9562 9615 10332
f 9884 9586 9585
f 9581 9580 9575
f 9572 9578 9638
f 9573 9616 9615
f 9558 9574 9891
f 10170 9890 10184
f 9561 9563 9579
f 9585 9586 9587
f 9585 9587 9563
f 9563 9588 9579
f 10101 10127 10105
f 10171 10172 10173
f 10136 10174 10204
f 10172 10158 10175
f 10158 10124 10175
f 9590 9570 9589
f 9570 9610 9589
f 9584 9583 8671
f 10410 8662 9619
f 9851 10214 9885
f 9574 9575 9580
f 9892 9891 9893
f 9571 9590 9591
f 9890 9892 9893
f 9890 9893 10184
f 9578 9571 9591
f 9574 9580 9891
f 9889 10190 9586
f 9587 9588 9563
f 9573 9592 9616
f 9578 9580 9638
f 9576 9579 9588
f 9590 10389 9591
f 10136 10204 10457
f 9576 9588 9573
f 9578 9591 9580
f 9573 9588 9592
f 9594 9593 9625
f 9382 10410 8665
f 9586 10190 9587
f 9594 9595 9592
f 9594 9625 9595
f 9591 9640 9580
f 9592 9596 9594
f 9600 9639 9612
f 9594 10239 9603
f 9597 9587 9894
f 9596 9587 9597
f 9600 9598 9599
f 9596 9588 9587
f 9600 9599 9608
f 9894 10304 9597
f 9603 9602 9593
f 9603 9593 9594
f 10287 9601 9894
f 9600 9608 9607
f 10189 10188 10287
f 10287 9894 9895
f 9596 9592 9588
f 10287 9895 10189
f 9594 9596 10239
f 9602 9603 9643
f 9600 9642 9639
f 9600 9607 9642
f 9642 9602 9613
f 9640 9599 9598
f 9600 9612 9598
f 9894 9601 10304
f 9894 9587 9895
f 9640 9598 10252
f 9580 9606 9604
f 9642 9613 9639
f 10389 9599 9640
f 9604 10193 9896
f 10190 9895 9587
f 10188 10189 10206
f 9606 9580 9640
f 10135 10134 10198
f 10135 10198 10163
f 10347 9640 10252
f 9640 9591 10389
f 9597 10304 9596
f 10347 9605 9640
f 10193 9604 10176
f 9893 9604 10184
f 9604 9896 10184
f 9891 9580 9604
f 9891 9604 9893
f 9602 9642 9593
f 9602 9643 9613
f 10193 10176 10181
f 10171 10173 10261
f 10227 10338 9845
f 10186 10232 10177
f 10177 10232 10190
f 9592 9595 9616
f 10181 10176 10218
f 9606 9640 9609
f 9607 9608 9642
f 9640 9605 9609
f 10160 10178 10167
f 10127 10179 10105
f 10105 10179 10168
f 10102 10256 10092
f 10218 10180 10181
f 10182 10183 10206
f 10206 10183 10185
f 9639 9613 9612
f 9610 9617 9611
f 10092 10256 10456
f 10175 10124 10306
f 10124 9751 10306
f 10186 10213 10187
f 10185 10219 10206
f 9778 9777 10169
f 10168 10179 10191
f 10170 10184 10230
f 10088 10144 10160
f 10182 10206 10185
f 10167 10178 10108
f 10166 10202 10174
f 10172 10175 10173
f 10128 10274 10165
f 10186 10187 10232
f 10206 10219 10188
f 10179 10127 10191
f 10134 10153 10198
f 10153 10456 10196
f 10166 10165 10202
f 9895 10235 10189
f 9606 9609 9604
f 10221 10396 9906
f 10190 10232 10199
f 10163 10198 10197
f 10127 10075 10191
f 10178 10160 10192
f 10160 10144 10192
f 10214 10170 10230
f 10182 10185 10183
f 10181 10180 10193
f 10206 10194 10219
f 10153 10195 10198
f 10163 10197 10169
f 10196 10456 10223
f 10197 10198 10226
f 10196 10208 10153
f 9612 9613 9614
f 10184 9896 10230
f 10108 10178 10192
f 10174 10202 10204
f 10190 10199 9895
f 9615 9616 10332
f 10153 10208 10200
f 10195 10153 10200
f 10195 10200 10198
f 10198 10200 10226
f 11134 9906 9979
f 10226 10211 10197
f 10235 9895 10216
f 10197 10201 10169
f 9805 10261 10274
f 10202 10203 10204
f 10261 10173 10175
f 9895 10199 10216
f 10180 10205 10193
f 10206 10189 10194
f 9896 10193 10230
f 9610 9611 9589
f 10196 10223 10203
f 10200 10208 10207
f 10208 10196 10203
f 10211 10226 10209
f 10211 10209 10237
f 10207 10210 10200
f 9617 9582 9618
f 10226 10200 10210
f 10211 10201 10197
f 10180 10212 10205
f 10111 10108 10192
f 9755 10338 10213
f 10214 10230 10215
f 10199 10232 10216
f 10217 10222 10264
f 10205 10230 10193
f 10218 10251 10180
f 10219 10194 10220
f 9643 9614 9613
f 9611 9617 9618
f 10917 9460 9566
f 10202 10208 10203
f 10221 11136 10342
f 10237 10175 10211
f 10208 10202 10207
f 10203 10223 10204
f 10261 10175 10237
f 10175 10201 10211
f 10222 10264 10183
f 10456 10256 10223
f 10220 10194 10222
f 10220 10222 10183
f 10219 10352 10188
f 9619 8662 10411
f 9619 10411 10410
f 10235 10194 10189
f 10204 10223 10457
f 9609 10289 9604
f 10111 10192 10224
f 10207 10202 10225
f 10175 10306 10201
f 10187 10213 10233
f 10187 10233 10232
f 10220 10183 10219
f 10389 9590 9620
f 10226 10210 10258
f 10075 10284 10191
f 10227 9654 10228
f 10223 10256 10229
f 10230 10231 10215
f 10212 10180 10251
f 10183 10352 10219
f 9590 9589 9622
f 9590 9622 9620
f 9565 9641 9621
f 10457 10223 10229
f 10215 10231 10214
f 10232 10233 10216
f 10144 9778 10234
f 10216 10262 10235
f 9778 10169 10458
f 9778 10458 10234
f 10169 10201 10306
f 10226 10258 10236
f 10209 10226 10236
f 10209 10236 10237
f 10222 10265 10264
f 10194 10235 10238
f 10251 10218 10248
f 10218 10176 10248
f 10239 9596 10240
f 10239 10240 10241
f 9589 9611 9622
f 9611 9618 9622
f 10216 10233 10262
f 10210 10207 10258
f 10207 10225 10258
f 10202 10300 10225
f 10202 10165 10300
f 10222 10194 10265
f 10251 10248 10247
f 10176 9604 10248
f 9593 9642 8919
f 10235 10262 10242
f 9624 9567 8904
f 10231 10286 10214
f 10235 10243 10238
f 10298 10169 10278
f 10237 10236 10244
f 10261 10237 10244
f 10251 10245 10212
f 10265 10194 10246
f 10205 10247 10230
f 10230 10247 10248
f 10235 10242 10243
f 10230 10249 10231
f 9616 9595 10250
f 10249 10230 10289
f 9622 9618 9623
f 10169 10306 10278
f 10229 10314 10457
f 10247 10205 10251
f 10248 9604 10289
f 10252 9598 8915
f 10265 10246 10352
f 10205 10212 10251
f 10236 10260 10244
f 10073 11196 10253
f 11196 10111 10253
f 10254 10010 10255
f 10231 10249 10286
f 10230 10248 10289
f 10194 10238 10246
f 10256 10257 10229
f 10236 10258 10259
f 10236 10259 10260
f 10261 10244 10274
f 10262 10233 10263
f 10264 10265 10183
f 10183 10265 10352
f 10242 10262 10266
f 7485 9345 9403
f 10259 10258 10267
f 10229 10257 10268
f 10258 10225 10267
f 10259 10290 10269
f 10269 10260 10259
f 10259 10267 10290
f 10267 10279 10290
f 10269 10278 10260
f 10274 10441 10165
f 10257 10279 10268
f 10257 10290 10279
f 10238 10270 10246
f 10238 10243 10271
f 10238 10271 10270
f 10290 10272 10269
f 10244 10273 10274
f 10225 10279 10267
f 10243 10242 10266
f 10260 10278 10273
f 10249 10275 10286
f 10249 10289 10276
f 10229 10268 10277
f 10269 10297 10278
f 10225 10300 10279
f 10229 10277 10314
f 10457 10314 10334
f 10245 10299 10251
f 9567 9565 9621
f 10244 10260 10273
f 10348 9624 8924
f 10268 10279 10280
f 10262 10263 10266
f 10249 10276 10275
f 10243 10266 10281
f 10253 10111 10369
f 10277 10268 10280
f 9751 10255 10306
f 10275 10276 10282
f 10266 10283 10281
f 10191 10284 10355
f 10264 10265 10285
f 10275 10282 10286
f 10287 10288 9601
f 10243 10281 10271
f 10276 10289 10295
f 10278 10306 10273
f 10290 10257 10325
f 10270 10291 10292
f 10271 10291 10270
f 10224 10192 10293
f 9654 10457 10228
f 10246 10270 10292
f 10276 10294 10282
f 10279 10300 10280
f 10276 10295 10294
f 10191 10296 11180
f 10281 10291 10271
f 11180 10296 10102
f 10290 10325 10272
f 10278 10297 10298
f 10251 10316 10299
f 9624 8904 8924
f 10300 10165 10441
f 10300 10441 10301
f 10286 10282 10302
f 9567 9621 8904
f 9625 10250 9595
f 10298 10297 10303
f 10280 10301 10277
f 10280 10300 10301
f 10302 10282 9923
f 9596 10304 10305
f 9612 9614 10328
f 9596 10305 10240
f 10272 10325 10335
f 10274 10460 10441
f 10075 10384 10284
f 10458 10169 10326
f 10169 10298 10326
f 10273 10306 10274
f 10239 10466 9603
f 9440 9566 8662
f 10224 10293 10111
f 10256 10102 10346
f 10256 10346 10257
f 10257 10346 10313
f 10298 10303 10326
f 10212 10307 10308
f 10212 10245 10307
f 10251 10247 10309
f 10282 10294 9923
f 10269 10272 10335
f 9620 9622 9623
f 10277 10301 10314
f 10296 10191 10324
f 10269 10303 10297
f 10144 10234 10461
f 9608 9599 10333
f 10332 10459 9641
f 10411 8662 8663
f 10310 10083 10143
f 10283 10429 10281
f 10269 10335 10303
f 10301 10441 10372
f 10311 10306 10343
f 10214 10286 10376
f 10291 10281 10317
f 10441 10460 10362
f 10289 9609 9931
f 10312 10257 10313
f 10325 10257 10312
f 10301 10372 10314
f 10306 10311 10368
f 10274 10306 10460
f 10149 9885 10315
f 9621 9641 10392
f 10148 10149 10315
f 10316 10251 10309
f 10281 10429 10317
f 9598 9612 10318
f 10325 10312 10319
f 10441 10362 10320
f 11136 10073 10363
f 10111 10293 10321
f 10458 10326 10322
f 10233 9948 10263
f 10287 9956 10323
f 10144 10461 10192
f 9593 8919 9625
f 10355 10324 10191
f 10287 10188 9956
f 10325 10337 10330
f 10303 10322 10326
f 9923 10294 10327
f 9582 9584 9618
f 9612 10328 10318
f 9641 10459 10392
f 9601 10329 10304
f 10312 10313 10341
f 10330 10331 10325
f 8915 9598 10318
f 10332 10356 10459
f 9599 8913 10333
f 10306 10368 10460
f 10312 10341 10319
f 10228 10457 10334
f 10314 10372 10351
f 10339 10335 10336
f 10325 10319 10337
f 10192 10461 10293
f 10338 10227 9986
f 10335 10339 10340
f 10313 10346 10341
f 10342 11136 10363
f 10311 10343 10368
f 10213 10344 10233
f 10303 10335 10345
f 10303 10345 10322
f 10292 10291 9922
f 10335 10325 10331
f 10335 10340 10345
f 10228 10067 10227
f 10341 10346 10351
f 10252 8915 10347
f 10337 10374 10330
f 10337 10319 10374
f 10348 8924 10349
f 10083 10350 10143
f 10372 10441 10375
f 10314 10351 10334
f 10352 10246 9945
f 10389 9620 10353
f 10329 9313 10304
f 9922 9954 10292
f 10335 10331 10336
f 10331 10330 10374
f 10234 10354 10461
f 10332 9616 10356
f 9603 10466 9643
f 10284 10384 10355
f 10346 10102 10414
f 10460 10368 10367
f 10188 10352 9945
f 9616 10402 10356
f 10143 10350 10357
f 10350 10083 10358
f 10073 10359 10363
f 10322 10345 10360
f 10340 10339 10361
f 10340 10361 10345
f 9605 10347 8930
f 10341 10351 10319
f 10360 10371 10322
f 10143 10357 10075
f 10339 10336 10386
f 10322 10371 10458
f 10460 10367 10362
f 9945 10246 9947
f 10246 10292 9947
f 10345 10361 10360
f 10363 9909 10364
f 10361 10339 10365
f 10319 10373 10374
f 10319 10351 10373
f 10073 10369 10359
f 10368 10360 10366
f 10367 10368 10366
f 10368 10343 10360
f 10369 10111 10321
f 10292 9954 9947
f 10073 10253 10369
f 10458 10370 10234
f 10360 10343 10371
f 10338 9986 10213
f 10367 10366 10360
f 10372 10373 10351
f 10374 10373 10375
f 10374 10375 10388
f 10357 10350 10358
f 10367 10360 10362
f 10214 10376 9885
f 10360 10361 10362
f 10361 10365 10462
f 10339 10386 10387
f 10331 10374 10377
f 10347 10378 8930
f 9623 9618 10379
f 10373 10372 10375
f 10374 10388 10380
f 10294 10381 10327
f 9623 10379 10421
f 10355 10384 10324
f 10363 10359 9909
f 10075 10357 10382
f 10075 10398 10384
f 10324 10384 10395
f 10102 10296 10414
f 10377 10374 9914
f 10343 10306 9925
f 9956 10188 10453
f 9608 10333 9642
f 10286 10302 9924
f 10293 10397 10321
f 10294 10295 10381
f 10075 10382 10398
f 10395 10383 10324
f 10324 10383 10296
f 10384 10398 10399
f 10321 10385 10369
f 10293 10461 10397
f 10331 10386 10336
f 10339 10387 10365
f 10374 10380 9914
f 10458 10371 10370
f 10233 10344 9948
f 9642 10333 8914
f 10375 10380 10388
f 10389 10390 9599
f 10357 10358 10382
f 10369 10394 10359
f 10461 10354 10391
f 9313 10305 10304
f 9621 10392 8904
f 10379 9618 8902
f 10461 10391 10397
f 10382 10358 10022
f 10383 10393 10296
f 10321 10397 10385
f 10369 10385 10394
f 10383 10395 10393
f 10221 10342 10396
f 10371 10343 10370
f 10302 9923 9924
f 10399 10395 10384
f 10397 10391 10385
f 10356 10444 10459
f 10398 10382 10399
f 10391 10354 10385
f 10359 10394 9909
f 10354 10401 10385
f 10386 10331 10377
f 10365 10387 10462
f 10296 10400 10414
f 10395 10399 10393
f 10382 10022 10399
f 10394 10385 10401
f 10394 10401 9909
f 10393 10399 10022
f 10393 10400 10296
f 10346 10414 10437
f 10343 10464 10370
f 10401 10354 9909
f 10375 9907 10380
f 9616 10250 10402
f 10346 10403 10351
f 10354 10234 10404
f 10346 10437 10403
f 10462 10405 10362
f 10403 10334 10351
f 10250 9625 8919
f 10010 10443 10255
f 10287 10323 10288
f 8904 10392 10406
f 10254 10148 10010
f 10083 10070 10358
f 10387 9916 10462
f 10380 10407 9914
f 10380 9907 10407
f 10389 10408 10390
f 10466 10239 10409
f 9403 8664 7485
f 9885 10376 9939
f 10410 10411 10412
f 10291 10317 9922
f 10234 10463 10413
f 10414 10415 10437
f 10234 10370 10463
f 10387 10386 10377
f 10389 10353 10408
f 9620 10416 10353
f 10393 10022 10400
f 9620 9623 10416
f 10422 10417 10418
f 9909 10354 10404
f 10413 10424 10234
f 10295 10289 10381
f 10417 10422 10419
f 10422 9962 10427
f 10413 10463 10424
f 9642 8914 8919
f 9962 10420 10427
f 10422 10427 10419
f 10416 9623 10421
f 10422 10418 9962
f 10234 10424 10423
f 10387 10436 9916
f 10377 9914 10430
f 10463 10370 10464
f 9599 10390 8913
f 10424 10425 10423
f 10417 10419 9910
f 10427 10420 10426
f 10377 10430 10427
f 10420 10425 10426
f 10427 10430 10419
f 10463 10435 10424
f 10428 10439 10415
f 10463 10464 10435
f 10387 10377 10427
f 10424 10435 10425
f 10429 10283 10266
f 10430 9910 10419
f 10426 10387 10427
f 9609 10431 9931
f 10362 10432 10320
f 8902 9618 10433
f 10396 9905 9906
f 10403 10438 10334
f 9584 10433 9618
f 10428 9910 10439
f 10415 10439 9912
f 10428 10415 9910
f 10415 9912 10437
f 10342 10363 10364
f 10430 9981 9910
f 10425 10434 10426
f 10426 9934 10387
f 9910 9981 10439
f 10425 10435 10434
f 9605 8930 9609
f 10227 10067 9986
f 10387 9934 10436
f 10437 10438 10403
f 10437 9912 10438
f 10426 10434 9934
f 10439 10445 9912
f 10430 9914 10465
f 10430 10465 9981
f 10343 9925 10464
f 10376 10286 9924
f 9584 9318 10433
f 10462 10432 10362
f 9981 10445 10439
f 10407 9907 9966
f 10315 9885 10440
f 10289 9930 10381
f 10239 10241 10409
f 9907 10375 10441
f 10318 10328 9311
f 10421 10442 10416
f 10421 10379 10442
f 10255 10443 10306
f 9930 10289 9931
f 9566 9460 8672
f 9907 10441 9966
f 9945 9947 9908
f 10356 10402 10444
f 10464 9925 10435
f 10358 10070 10022
f 9403 8665 8664
f 10266 9935 10429
f 10445 10446 9912
f 10010 10148 10315
f 10263 9935 10266
f 10392 10459 10406
f 9945 9908 9978
f 9945 9978 10188
f 10445 9981 10446
f 9318 9584 8671
f 10306 10443 9925
f 9906 10447 9979
f 10438 9958 10334
f 10417 10026 10418
f 10448 9643 10466
f 10418 9963 9962
f 9609 8930 10431
f 9909 10404 10056
f 10418 10026 9941
f 10417 9910 10026
f 10442 10379 8902
f 8902 10433 9318
f 10407 9968 9914
f 9614 9643 10449
f 10320 10432 9950
f 8665 10410 10412
f 9916 10436 9917
f 9981 10465 9911
f 10438 9912 9972
f 10416 10442 8902
f 10416 8902 10452
f 10435 9925 9926
f 10328 9614 9311
f 10415 9975 9910
f 10411 8663 10412
f 10450 10406 10459
f 10450 8903 10406
f 10446 9913 9912
f 10465 9914 9915
f 10213 9986 10344
f 10263 9948 9935
f 10317 10429 9921
f 9318 9014 8902
f 8902 10451 10452
f 10406 8903 8904
f 9915 9914 9968
f 9930 9932 10381
f 10416 10452 10353
f 10412 8663 8666
f 10451 8902 9014
f 10462 9916 9917
f 10450 10459 8903
f 10443 10010 9918
f 9954 10453 9947
f 9601 10288 10329
f 10452 10451 10454
f 10432 10462 9950
f 10425 9919 10423
f 10425 10420 9919
f 10317 9921 9922
f 9614 10449 9311
f 8924 8904 8905
f 10434 10435 9920
f 9906 9905 10447
f 10459 10444 8903
f 10407 9966 9968
f 10465 9915 10002
f 10320 9950 9929
f 10188 9978 10453
f 10452 10454 10455
f 10451 9014 10454
f 9909 10056 10008
f 9921 9940 9922
f 10353 10452 10455
f 10353 10455 10408
f 9923 10327 9933
f 9924 9961 10376
f 9925 10443 9926
f 9933 10327 9927
f 10462 9917 9928
f 9950 9951 9929
f 10441 10320 9966
f 9930 9931 9932
f 10408 10455 8912
f 8903 8906 8904
f 8904 8906 8907
f 8903 10444 8906
f 10083 9979 10070
f 9933 9961 9923
f 8904 8907 8905
f 10436 9934 9938
f 9935 9936 10429
f 10334 9937 10228
f 10436 9938 9917
f 9939 10376 9943
f 9961 9933 9927
f 9921 10429 9940
f 9923 9961 9924
f 9014 8908 10454
f 10347 8915 10378
f 10429 9957 9940
f 10418 9941 9942
f 10423 10059 10234
f 10364 10007 10342
f 9972 9958 10438
f 9966 10320 9967
f 10228 9937 10067
f 9932 9931 9953
f 10376 9961 9943
f 10414 10400 10415
f 10429 9936 9944
f 9927 10327 10381
f 9927 10381 8936
f 9945 9946 9978
f 9947 10453 9908
f 8924 8905 8925
f 10444 10402 8906
f 10402 10250 8909
f 10404 10234 10059
f 9935 9948 9936
f 10418 9942 9963
f 10443 9949 9926
f 9950 10462 9951
f 9986 10067 9952
f 9932 9953 10381
f 10408 8912 10390
f 8906 10402 8909
f 8663 8662 8667
f 9948 10012 9936
f 9954 9922 9955
f 8908 8910 10454
f 10454 8910 10455
f 9927 8936 9961
f 10453 9977 9956
f 10404 10059 10056
f 9956 9977 10323
f 8905 8911 8925
f 9986 9952 9178
f 9957 10429 9944
f 10334 9958 9937
f 8912 10455 8910
f 10381 9959 8936
f 10333 8913 8914
f 9939 9943 9960
f 9643 10448 10449
f 9961 8936 9987
f 9962 9963 10420
f 9964 10435 9965
f 9965 10435 9926
f 9966 9967 9968
f 10443 9918 9949
f 8915 10318 8916
f 8666 8663 8667
f 9967 10320 9968
f 9953 9971 10381
f 10446 9969 9913
f 9981 9911 9970
f 10462 9928 9951
f 9948 10344 10012
f 9943 9961 9960
f 9953 9931 9971
f 8907 8906 8918
f 8908 8917 8910
f 9885 9939 10440
f 9912 9913 9972
f 9926 9949 9965
f 9929 9951 9973
f 9944 9936 9974
f 9957 9944 9974
f 9957 9974 9940
f 9936 10012 9974
f 10415 10400 9975
f 9934 10434 9976
f 10453 9954 9977
f 10465 10002 9911
f 10435 9964 9920
f 9928 9973 9951
f 9908 10453 9978
f 9905 10396 10447
f 10031 9979 10447
f 9973 9928 9980
f 9954 9955 9977
f 8906 8909 8918
f 8918 8922 8907
f 10250 8919 8920
f 9929 9968 10320
f 10449 10448 8921
f 10022 10035 10400
f 10466 10409 10448
f 8918 8909 8922
f 10318 9311 9312
f 10250 8920 9039
f 8917 8908 9014
f 9922 8949 9955
f 9929 9980 9968
f 9981 9969 10446
f 9934 9982 9938
f 9971 9931 9983
f 9973 9980 9929
f 9981 9970 9969
f 9915 9968 10002
f 9937 9958 9972
f 9917 9980 9928
f 10329 10288 9984
f 10318 9312 8923
f 10448 10409 8921
f 9976 9982 9934
f 10434 9920 9976
f 9918 10010 9949
f 9931 8927 9983
f 10241 10240 10409
f 8916 8923 8915
f 9311 10449 8921
f 10349 8924 8925
f 9919 10059 10423
f 9931 10431 8927
f 9965 9949 9964
f 9913 9985 9972
f 9913 9969 9985
f 9939 9960 9321
f 9960 9991 9321
f 10318 8923 8916
f 9311 8921 9312
f 8667 8662 8668
f 10381 8944 9959
f 8905 8907 8911
f 10305 9313 8937
f 10305 8937 10240
f 10288 10323 9984
f 10344 9986 9007
f 9961 9987 8983
f 9977 9988 10323
f 10431 8926 8927
f 10329 9984 9313
f 9312 8921 9314
f 8911 8928 8925
f 8668 8662 8669
f 8664 8665 8676
f 8910 9036 8912
f 10409 10240 8942
f 9989 9990 9971
f 9989 9971 9983
f 8926 10431 8929
f 10431 8930 8929
f 10378 8915 8931
f 10409 8934 8921
f 8912 9036 10390
f 8927 9315 9983
f 10378 8931 8929
f 9960 9961 9991
f 9992 9977 9988
f 8945 9989 9983
f 9992 9993 9994
f 9982 9976 9995
f 10447 9996 10031
f 9997 9994 9993
f 9993 9992 9988
f 9971 9990 9998
f 10323 9988 9999
f 8930 10378 8929
f 10240 8940 8932
f 10240 8932 8942
f 9910 9975 10000
f 10409 8942 8934
f 10381 9971 8944
f 9955 9999 9988
f 9969 9970 9985
f 9982 9995 10001
f 9982 10001 9938
f 9968 10016 10002
f 9989 10006 9990
f 9989 8945 10006
f 10323 9999 9984
f 8937 8940 10240
f 8931 8915 8933
f 8915 8923 8933
f 8923 9312 8933
f 8921 8934 8935
f 9312 9314 8933
f 8917 9014 9054
f 9988 9977 9955
f 8936 9959 8984
f 9970 9911 10003
f 9976 9920 9995
f 9990 10006 9998
f 9971 9998 8944
f 9983 9315 8945
f 9984 9999 8937
f 9984 8937 9313
f 8927 8926 9315
f 8919 8938 8920
f 9968 9980 10016
f 10010 9320 9949
f 8932 8940 8942
f 9922 9940 8949
f 9970 10003 9985
f 9964 9949 9995
f 9920 9964 9995
f 9938 10001 9917
f 9911 10002 10003
f 9985 9937 9972
f 9980 9917 10016
f 8670 7456 8671
f 9315 8926 8962
f 10440 10004 10315
f 10002 10016 10003
f 8919 8914 8938
f 8921 8939 9314
f 9998 10006 8944
f 8933 9316 8931
f 9995 10005 10001
f 9940 9974 8961
f 8940 8941 8942
f 8921 8935 8943
f 8944 8945 8946
f 9910 10000 10026
f 9975 10400 10034
f 9917 10001 10016
f 10447 10396 10019
f 8945 8944 10006
f 8933 9314 8947
f 9995 9049 10005
f 9995 9949 9049
f 9985 10065 9937
f 8913 8948 8914
f 8925 8928 8965
f 8931 9316 8929
f 9955 8949 9999
f 9999 8950 8951
f 9315 8952 8945
f 8942 8953 8934
f 8945 8952 8946
f 10001 10005 10016
f 8921 8943 8939
f 8940 8954 8955
f 8937 9999 8951
f 8934 8953 8935
f 8933 8947 9316
f 9985 10003 10065
f 8913 10390 8948
f 8950 9999 8949
f 8942 8941 8953
f 9315 8962 8952
f 8941 8940 8955
f 8940 8937 8954
f 8926 8929 8963
f 8917 9054 8964
f 8929 9316 8969
f 8926 8963 8962
f 8947 9314 8956
f 8929 8969 8963
f 8937 8951 8954
f 9314 8939 8956
f 10342 10007 10062
f 8925 8957 10349
f 8941 8958 8953
f 10003 10016 10069
f 8947 8956 8959
f 8935 8953 8943
f 8941 8955 8958
f 8944 8946 8960
f 8944 8960 9959
f 9974 9041 8961
f 8962 8963 8952
f 8910 8917 8964
f 8911 8965 8928
f 8943 8953 8966
f 8947 8959 9316
f 8936 8984 9987
f 9974 9004 9041
f 8950 8949 8951
f 10007 10364 10008
f 10003 10069 10065
f 8954 8951 8967
f 10016 10005 10009
f 10447 10019 9996
f 9049 10009 10005
f 10364 9909 10008
f 8946 8952 8960
f 8952 8963 8968
f 8969 8970 8963
f 8953 8958 8971
f 8922 8909 8972
f 8943 8966 8939
f 8911 9322 8965
f 9316 8959 8973
f 10315 8265 10010
f 9054 9014 9015
f 8911 8907 9322
f 9316 8970 8969
f 10440 9939 10004
f 8955 8974 8958
f 8910 8964 9036
f 8953 8971 8966
f 8666 8667 8685
f 8667 8668 8685
f 8959 8956 8975
f 10250 9038 8909
f 8951 8949 8976
f 9940 9019 8949
f 8954 8967 8955
f 8963 8970 8977
f 8970 9316 8973
f 8939 8966 8956
f 8965 8978 8925
f 8672 8673 9566
f 8965 9322 8978
f 10009 10011 10016
f 10069 10068 10065
f 8958 8974 8979
f 8958 8979 8971
f 10412 8682 8665
f 8972 8909 9038
f 8665 8682 8674
f 10315 10004 8265
f 8966 8971 8980
f 8666 8682 10412
f 10344 9007 10012
f 8662 8678 8669
f 9942 9941 10025
f 9974 10012 9004
f 8956 8966 8981
f 9941 10026 10025
f 10016 10014 10069
f 8952 8968 9317
f 9937 10065 10013
f 10067 9178 9952
f 8955 9319 8974
f 8671 7456 7443
f 10012 9007 8997
f 10068 10069 10014
f 10009 9048 10011
f 10065 10068 10015
f 8960 8982 9959
f 8960 8952 9317
f 8960 9317 8982
f 8955 8967 9319
f 8959 8975 8973
f 8966 8980 8981
f 9959 8982 8984
f 8949 9022 8976
f 10016 10011 10017
f 8968 8963 8977
f 8971 8979 8980
f 10250 9039 9038
f 10420 9963 10018
f 10420 10018 9919
f 10009 9049 9048
f 8951 8976 8967
f 8914 8948 9045
f 9566 8673 8662
f 9022 8949 9019
f 9019 9940 8961
f 10014 10016 10023
f 9975 9170 10000
f 8907 9060 9322
f 8983 9987 8984
f 8956 8985 8975
f 8956 8981 8985
f 10396 10342 10019
f 8976 9022 8986
f 10016 10017 10023
f 8938 8914 8987
f 9942 10025 9963
f 10018 9963 10028
f 10068 10014 10020
f 8967 8976 9012
f 8967 9012 9319
f 8973 8975 8988
f 10390 9057 8948
f 8922 8972 9060
f 8907 8922 9060
f 9318 8671 9329
f 8973 8988 8970
f 10349 8957 8989
f 10400 10035 10034
f 10390 9036 9057
f 8980 8990 8981
f 8970 8988 8991
f 8982 9317 8992
f 8986 9012 8976
f 8265 10004 9134
f 10004 9939 9321
f 10004 9321 9023
f 9961 8983 9991
f 8980 8979 8993
f 8980 8993 8990
f 8985 8981 8994
f 8978 9322 8995
f 10017 10032 10023
f 10018 10028 10021
f 9979 10031 10070
f 10022 10070 10035
f 10014 10023 10024
f 9317 8968 8992
f 10025 10024 9963
f 10025 10026 10027
f 10014 10046 10020
f 8988 8975 8996
f 10018 10021 9919
f 10012 8997 9004
f 8938 8987 8920
f 8914 9045 8998
f 8981 8990 8994
f 10024 10000 10014
f 8977 8999 8968
f 8979 8974 9000
f 10025 10027 10024
f 10024 10023 10028
f 10028 9963 10024
f 10035 10070 10029
f 10027 10026 10024
f 10024 10026 10000
f 10023 10032 10021
f 10014 10000 10046
f 9319 9001 8974
f 9022 9002 8986
f 8982 8992 9003
f 10019 10030 9996
f 9004 8997 9065
f 8970 8991 8977
f 8974 9001 9000
f 8993 9005 8990
f 8982 9003 9006
f 9022 9018 9002
f 9919 10021 10059
f 9007 9110 8997
f 9319 9012 9001
f 8985 9008 8975
f 9009 9006 9010
f 9006 9003 9010
f 8979 9000 8993
f 9178 10067 8269
f 8968 8999 9024
f 8968 9024 8992
f 8990 9005 8994
f 8977 8991 8999
f 9009 9021 9011
f 9009 9011 9006
f 9006 9011 8982
f 9009 9010 9017
f 9012 9013 9001
f 9014 9318 9015
f 9018 9016 9002
f 9009 9017 9021
f 10019 10342 10030
f 9008 8985 9052
f 8999 8991 9024
f 8988 8996 9050
f 9018 9019 9016
f 8982 9011 9020
f 8914 8998 8987
f 8985 8994 9052
f 10010 8265 9320
f 9016 9019 9063
f 9017 9010 9021
f 9018 9022 9019
f 8982 9020 8984
f 9002 9016 9032
f 8992 9024 9003
f 8986 9013 9012
f 9001 9013 9055
f 8993 9042 9005
f 9005 9052 8994
f 9015 9318 9329
f 8665 8675 8676
f 8975 9008 8996
f 9996 10030 10031
f 9001 9055 9000
f 9321 9991 9023
f 9021 9010 9011
f 9003 9024 9059
f 9000 9025 9026
f 9000 9026 8993
f 9042 8993 9043
f 8996 9008 9050
f 9008 9052 9027
f 8665 8674 8675
f 8662 8677 8678
f 10032 10017 9150
f 10030 10342 10031
f 9000 9055 9025
f 10021 10032 9150
f 10059 10021 9150
f 9010 9028 9011
f 8986 9002 9029
f 9010 9003 9053
f 9024 9030 9059
f 8988 9031 8991
f 8988 9050 9031
f 9005 9042 9052
f 9459 10349 9460
f 8666 8685 8682
f 8682 8685 8679
f 8991 9056 9030
f 8991 9030 9024
f 8986 9029 9013
f 9986 9178 9007
f 8920 8987 9046
f 9016 9063 9032
f 8961 9033 9019
f 9041 9033 8961
f 8984 9020 9034
f 9002 9032 9062
f 9010 9053 9028
f 9053 9003 9059
f 8991 9031 9056
f 9026 9035 8993
f 8993 9035 9043
f 9057 9036 9037
f 9036 8964 9061
f 8948 9057 9047
f 9038 9039 9040
f 9008 9027 9050
f 9045 8948 9047
f 8920 9046 9039
f 8987 8998 9027
f 9041 9004 9033
f 9032 9063 9062
f 9042 9043 9044
f 9002 9062 9029
f 9045 9047 8998
f 9050 9047 9064
f 9011 9028 9020
f 8987 9052 9046
f 9050 9027 9047
f 9048 9049 8641
f 9007 9178 9110
f 9031 9050 9064
f 8972 9038 9060
f 8925 8978 9051
f 9329 8671 7443
f 9043 9040 9044
f 9026 9025 9035
f 9047 9027 8998
f 8984 9034 9072
f 9042 9044 9052
f 8987 9027 9052
f 9053 9034 9028
f 9043 9035 9040
f 9044 9039 9046
f 9028 9034 9020
f 8964 9054 9061
f 9055 9121 9025
f 9056 9031 9037
f 9056 9037 9030
f 9052 9044 9046
f 9057 9031 9047
f 9033 9004 9058
f 9030 9037 9059
f 9039 9044 9040
f 9031 9057 9037
f 9060 9038 9121
f 9033 9029 9019
f 9072 9053 9059
f 9036 9061 9037
f 9059 9037 9072
f 9033 9076 9121
f 9062 9063 9029
f 8984 9072 9325
f 9053 9072 9034
f 9047 9031 9064
f 9029 9033 9121
f 9121 9038 9025
f 9035 9038 9040
f 9055 9013 9121
f 9013 9029 9121
f 8925 9207 8957
f 9060 9121 9075
f 9037 9070 9069
f 9037 9069 9066
f 9025 9038 9035
f 9063 9019 9029
f 9065 9058 9004
f 9072 9037 9066
f 9088 9060 9075
f 9072 9067 9324
f 9037 9071 9070
f 9072 9324 9325
f 9070 9068 9069
f 9088 9075 9094
f 9076 9084 9121
f 9070 9071 9077
f 9037 9061 9071
f 8984 9325 8983
f 9060 9089 9322
f 9033 9058 9323
f 9066 9069 9101
f 9033 9323 9076
f 9067 9072 9073
f 9070 9126 9068
f 9991 9109 9023
f 9324 9067 9082
f 9178 9135 9110
f 9110 9074 8997
f 9991 8983 9109
f 9089 9060 9088
f 10020 9333 10068
f 9324 9083 9325
f 9075 9121 9132
f 9070 9080 9081
f 9076 9087 9084
f 9061 9077 9071
f 9067 9078 9082
f 9067 9073 9078
f 9081 9080 9079
f 9070 9077 9080
f 9070 9081 9126
f 9324 9082 9083
f 9084 9092 9121
f 9061 9326 9077
f 8983 9325 9085
f 9075 9132 9093
f 9079 9100 9081
f 9086 9094 9098
f 9069 9068 9131
f 9069 9131 9101
f 9076 9323 9327
f 9076 9327 9087
f 9088 9107 9089
f 8997 9074 9090
f 8997 9090 9065
f 9091 9322 9089
f 9084 9087 9092
f 9066 9130 9072
f 9075 9093 9094
f 8925 9051 9207
f 7485 8680 8690
f 7485 8664 8680
f 8662 8673 8677
f 9094 9107 9088
f 9086 9106 9094
f 9082 9102 9083
f 8983 9095 9109
f 9325 9083 9085
f 9079 9080 9096
f 9079 9096 9100
f 9094 9106 9107
f 8983 9085 9095
f 9058 9074 9323
f 9100 9096 9097
f 9065 9090 9058
f 10349 8989 9460
f 8978 9322 9051
f 9109 9095 9120
f 9086 9098 9106
f 9072 9115 9073
f 9058 9090 9074
f 9094 9093 9098
f 10029 10070 10066
f 10056 10033 10008
f 10034 10035 10043
f 9087 9099 9092
f 9096 9080 9102
f 9100 9123 9081
f 9066 9101 9130
f 9096 9102 9097
f 9107 9103 9089
f 9077 9326 9104
f 9068 9126 9131
f 10070 10031 10066
f 9323 9105 9327
f 9085 9331 9095
f 10033 10036 10008
f 10067 9937 10013
f 9121 9092 9128
f 9089 9103 9116
f 9061 9137 9326
f 9106 9133 9107
f 10033 10037 10036
f 9102 9082 9078
f 9083 9108 9085
f 9326 9137 9104
f 9975 10034 10038
f 10046 10000 10047
f 10004 9023 9109
f 9110 9114 9074
f 9111 9083 9112
f 9083 9102 9112
f 9100 9097 9123
f 9081 9123 9126
f 9080 9077 9330
f 9054 9113 9061
f 9322 9145 9051
f 9323 9074 9114
f 9085 9108 9331
f 10042 10035 10039
f 10342 10062 10031
f 9133 9103 9107
f 9072 9130 9115
f 10008 10036 10040
f 9089 9116 9117
f 10042 10039 10041
f 9106 9098 9118
f 9102 9078 9119
f 9102 9119 9097
f 9087 9327 9099
f 9098 9093 9118
f 9054 9015 9113
f 10035 10042 10043
f 9083 9111 9108
f 9109 9120 10004
f 9106 9118 9133
f 9121 9128 9132
f 9322 9091 9145
f 9061 9113 9137
f 10029 10044 10035
f 9975 10038 9170
f 9097 9119 9123
f 9123 9119 9124
f 9130 9122 9115
f 9123 9124 9125
f 9123 9125 9126
f 9077 9104 9330
f 8668 8669 8686
f 9117 9116 9139
f 9101 9131 9130
f 10042 10041 10053
f 9073 9115 9078
f 9113 9015 9329
f 9093 9132 9118
f 9089 9117 9091
f 10037 10033 10056
f 10036 10050 10040
f 9327 9105 9127
f 9128 9092 9129
f 9133 9118 9129
f 9133 9129 9092
f 9130 9131 9125
f 9323 9114 9105
f 10051 10045 10041
f 10042 10034 10043
f 9128 9129 9132
f 10042 10053 10034
f 9078 9115 9119
f 9131 9126 9125
f 9133 9092 9103
f 8685 8668 8686
f 10004 9120 9134
f 10020 10046 10047
f 9110 9135 9114
f 9132 9129 9118
f 10034 9183 10038
f 9102 9080 9112
f 8664 8676 8681
f 9120 9095 9331
f 9048 9223 10011
f 9327 9127 9099
f 10036 10037 10048
f 9122 9119 9115
f 9130 9125 9122
f 9124 9122 9125
f 10035 10044 10039
f 9091 9117 9145
f 9119 9122 9124
f 10041 10052 10051
f 9114 9136 9105
f 10059 9150 9149
f 10053 10041 10045
f 9104 9137 9328
f 8669 8683 8686
f 9150 10017 9173
f 10020 10047 9333
f 10068 9333 9208
f 9099 9127 9159
f 9092 9099 9103
f 9103 9154 9116
f 8674 8684 8675
f 8669 8678 8683
f 9114 9135 9136
f 9137 9113 9328
f 10041 10039 10052
f 10037 10055 10048
f 9120 9331 9134
f 10037 10056 10055
f 10048 10049 10036
f 10036 10049 10050
f 10040 10050 10061
f 10000 9170 10047
f 8265 9134 9212
f 9134 9138 9212
f 9103 9099 9154
f 9116 9154 9139
f 9139 9161 9117
f 9329 9328 9113
f 10051 10052 10045
f 8675 8684 8676
f 8674 8682 8684
f 8683 8678 8676
f 8683 8676 8684
f 9105 9136 9140
f 8685 8686 8679
f 10017 10011 9223
f 9136 9135 9140
f 9134 9331 9138
f 9105 9140 9127
f 9111 9152 9108
f 9329 9141 9328
f 10034 10053 9185
f 8681 8687 8664
f 8684 8682 8683
f 10052 10039 10054
f 8683 8682 8686
f 10055 10056 10063
f 10008 10040 10007
f 9328 9142 9104
f 10039 10044 10054
f 8664 8687 8680
f 8679 8686 8682
f 9051 9145 9207
f 10017 9223 9173
f 9152 9143 9108
f 10052 10054 8336
f 10052 8336 10045
f 10049 10048 9332
f 10053 10045 9185
f 8265 9212 9144
f 9111 9112 9152
f 9099 9159 9165
f 9099 9165 9154
f 9080 9157 9112
f 9330 9104 9148
f 9117 9161 9145
f 8673 8672 8688
f 9139 9162 9161
f 10044 10057 10054
f 10007 10058 10062
f 10048 10055 9332
f 10063 10056 8302
f 10034 9185 9183
f 10056 10059 8302
f 9212 9138 9146
f 9127 9140 9176
f 9112 9157 9147
f 9080 9148 9157
f 9329 7443 9141
f 8680 8687 8746
f 9330 9148 9080
f 9127 9176 9160
f 9127 9160 9159
f 10062 10060 10031
f 8689 8676 8678
f 10044 10029 10057
f 10031 10071 10066
f 10061 10050 8317
f 10050 10049 8317
f 9149 9150 9151
f 9049 9949 8641
f 9143 9152 9153
f 9112 9147 9152
f 9139 9154 9162
f 9104 9142 9148
f 8678 8677 8689
f 10040 10061 9310
f 10031 10060 10071
f 9138 9331 9146
f 10054 10057 8336
f 10007 10040 9310
f 10068 9208 10015
f 10029 10066 10057
f 10007 9310 10058
f 9310 10061 8317
f 9108 9143 9192
f 9154 9165 9155
f 9161 9202 9145
f 8676 8689 8681
f 9152 9147 9153
f 10038 9183 9184
f 10038 9184 9170
f 8670 7485 7456
f 9949 9320 8641
f 8670 9345 7485
f 9157 9156 9147
f 9157 9148 9193
f 10060 10062 10058
f 10055 10063 9332
f 9320 8265 9281
f 9135 9178 9140
f 9108 9192 9331
f 9142 9328 9158
f 8690 8680 8825
f 8673 8819 8691
f 8673 8691 8677
f 9159 9160 9166
f 9153 9147 9143
f 8692 8732 8693
f 9161 9162 9163
f 10059 9149 8302
f 8689 8677 8691
f 8694 8695 8696
f 8697 8756 8698
f 8694 8696 8699
f 8700 8720 8698
f 9165 9164 9172
f 8743 8732 8692
f 9165 9159 9166
f 8692 8740 8743
f 8693 8701 8692
f 8702 8694 8699
f 8703 8772 8704
f 8756 8705 8698
f 8698 8721 8697
f 9165 9166 9164
f 8703 8706 8772
f 8699 8696 8707
f 8695 8768 8704
f 8692 8708 8740
f 9143 9147 9181
f 8704 8709 8695
f 8732 8743 8713
f 8698 8720 8721
f 8713 8743 8710
f 8694 8711 8695
f 8713 8712 8720
f 8713 8720 8700
f 8713 8714 8732
f 8713 8710 8712
f 8700 8735 8713
f 8697 8757 8756
f 9154 9179 9162
f 8693 8715 8742
f 8716 8717 8718
f 8703 8716 8718
f 8703 8718 8706
f 8732 8715 8693
f 8695 8711 8771
f 8719 8692 8701
f 9165 9172 9167
f 9165 9167 9155
f 8708 8692 8719
f 8720 8712 8721
f 9161 9163 9168
f 8697 8721 8722
f 9162 9179 9163
f 9155 9169 9154
f 9157 9193 9156
f 8700 8759 8735
f 8702 8699 8719
f 8697 8723 8757
f 8702 8719 8701
f 8696 8769 8707
f 8697 8749 8723
f 8694 8892 8711
f 8693 8724 8701
f 8751 8706 8718
f 8695 8709 8696
f 9148 9194 9193
f 8751 8765 8706
f 9142 9188 9148
f 8695 8725 8768
f 8336 10057 10064
f 9170 9190 10047
f 8680 8746 8825
f 9161 9168 9202
f 9154 9169 9179
f 8704 8772 8709
f 8751 8718 8726
f 8697 8722 8749
f 9147 9156 9181
f 8694 8702 8892
f 8698 8727 8700
f 8718 8891 8726
f 8723 8749 8726
f 8726 8757 8723
f 8712 8728 8721
f 8707 8769 8729
f 8743 8745 8710
f 8693 8742 8724
f 8712 8710 8730
f 9148 9188 9194
f 8719 8744 8708
f 8751 8809 8765
f 8731 8718 8717
f 8714 8775 8732
f 8891 8731 8733
f 8704 8767 8703
f 8698 8705 8727
f 9155 9167 9169
f 8772 8770 8709
f 8892 8702 8753
f 8722 8750 8749
f 8703 8767 8716
f 8891 8718 8731
f 8726 8749 8751
f 8732 8737 8715
f 8891 8757 8726
f 8711 8892 8734
f 9166 9160 9171
f 8695 8771 8725
f 8710 8745 8730
f 9143 9181 9182
f 9169 9167 9179
f 8713 8735 7345
f 8713 7345 8714
f 8742 8736 8724
f 8702 8701 8753
f 8732 8752 8737
f 8699 8707 8719
f 8709 8769 8696
f 8719 8707 8744
f 8705 8738 8727
f 8727 8739 8700
f 9172 9164 9167
f 9173 9174 9150
f 8740 8708 8744
f 8715 8741 8742
f 9163 9197 9168
f 8743 8740 8744
f 8743 8744 8745
f 9150 9174 9151
f 8681 8746 8687
f 8681 8787 8746
f 9170 9184 9189
f 9223 9048 8641
f 8712 8747 8728
f 8707 8729 8744
f 9166 9171 9175
f 9166 9175 9164
f 8739 8727 8738
f 9160 9176 9171
f 8759 8700 8748
f 8749 8750 8751
f 8732 8775 8752
f 8711 8893 8771
f 8892 8753 8754
f 8757 8755 8756
f 8711 8734 8893
f 9202 9168 9199
f 9168 9197 9199
f 7345 8776 8714
f 8701 8724 8753
f 8714 8776 8775
f 8891 8755 8757
f 10045 8336 9185
f 9171 9176 9177
f 8742 8758 8736
f 8735 8759 7345
f 9142 9158 9188
f 8717 8716 8760
f 8891 8733 8755
f 9143 9182 9192
f 8892 8754 8734
f 8715 8737 8752
f 8715 8752 8741
f 9140 9178 9204
f 9332 8305 10049
f 9163 9179 9197
f 8733 8731 8761
f 8742 8741 8758
f 9171 9177 9175
f 8756 8762 8705
f 8756 8755 8762
f 8725 8763 8768
f 10063 8302 9180
f 9181 9156 9182
f 8673 8688 8819
f 8700 8739 8748
f 8712 8730 8747
f 8739 8738 8764
f 8751 8750 8809
f 8731 8717 8761
f 8706 8765 8772
f 8772 8766 8770
f 8760 8716 8767
f 8768 8767 8704
f 9183 8339 9184
f 10066 10064 10057
f 9183 9185 8339
f 8302 9149 9186
f 10015 9208 10065
f 9175 9187 9164
f 8689 8691 8781
f 8689 8781 8786
f 8759 8748 7345
f 8721 8728 8722
f 8724 8736 8753
f 8753 8736 8754
f 8769 8709 8770
f 8725 8771 8763
f 9333 10047 9191
f 8681 8689 8786
f 9158 9237 9188
f 9189 9190 9170
f 9208 8635 10065
f 9149 9151 9186
f 10047 9190 9191
f 9192 9182 9239
f 9182 9156 9242
f 9145 9202 9203
f 8722 8728 8750
f 8736 8897 8754
f 8769 8770 8808
f 8765 8766 8772
f 8893 7235 8771
f 8771 7235 8763
f 8744 8729 8773
f 9185 8336 9216
f 9332 10063 8318
f 9184 9200 9189
f 9156 9193 9228
f 9193 9194 9195
f 9194 9188 9196
f 9197 9198 9199
f 8672 9460 8774
f 8775 8776 8777
f 8739 8764 8806
f 8734 8778 8893
f 10060 9339 10071
f 9223 8266 9173
f 9177 9176 9209
f 8688 8672 8774
f 8688 8774 8779
f 8825 8746 8780
f 8691 8819 8781
f 8681 8786 8787
f 8738 8705 8782
f 8762 8755 8783
f 8809 8750 8870
f 9179 9231 9197
f 8746 8787 8780
f 8738 8782 8764
f 9190 9189 9200
f 9175 9177 9201
f 9175 9201 9187
f 9193 9195 9228
f 9158 9328 9237
f 8989 8784 9460
f 8758 8805 8736
f 8733 8761 8785
f 9202 9199 9203
f 9188 9237 9196
f 9156 9228 9229
f 7443 7447 9141
f 8733 8783 8755
f 8781 8801 8786
f 8786 8801 8787
f 9140 9204 9248
f 9207 7431 8957
f 8705 8762 8788
f 8762 8783 8788
f 8744 8856 8745
f 8787 8801 8789
f 8739 8806 8748
f 8819 8801 8781
f 8819 8894 8801
f 8780 8790 8825
f 9151 9215 9186
f 8780 8791 8790
f 8780 8789 8791
f 8787 8789 8780
f 9332 8318 8305
f 9176 9140 9205
f 9164 9232 9167
f 8792 8793 8752
f 8705 8788 8782
f 8805 8897 8736
f 8754 8813 8734
f 8893 8778 7235
f 8760 8767 8898
f 8819 8814 8894
f 8790 8794 8825
f 8750 8795 8796
f 9206 9207 9145
f 8717 8896 8761
f 9208 9333 8635
f 9209 9176 9234
f 9184 9210 9200
f 9173 8266 9174
f 9199 9198 9203
f 8894 8814 8895
f 8745 8797 8730
f 8897 8813 8754
f 8734 8813 8778
f 8729 8769 8854
f 8791 8789 8798
f 9333 9191 9211
f 8733 8785 8783
f 8790 8791 8799
f 8790 8799 7424
f 8790 7424 8794
f 8791 8798 8799
f 8894 8895 8800
f 8750 8796 8870
f 8801 8894 8800
f 8801 8800 8802
f 10058 9280 10060
f 8275 9190 9200
f 9212 9146 9144
f 9239 9182 9242
f 9192 9239 9218
f 9156 9229 9242
f 9194 9196 9195
f 9197 9231 9198
f 9145 9203 9213
f 9243 9141 7447
f 8775 8792 8752
f 8747 8863 8728
f 8717 8760 8898
f 8801 8802 8789
f 8741 8803 8758
f 8856 8797 8745
f 8802 8800 8804
f 10058 9305 9280
f 9184 8339 9210
f 9215 9151 9174
f 9176 9205 9234
f 9177 9209 9201
f 9203 9222 9213
f 9237 9328 7427
f 8989 8957 8784
f 8688 7433 8819
f 8825 8794 7435
f 7424 8799 7459
f 8775 8777 8792
f 8750 8728 8850
f 8758 8803 8805
f 8761 8896 8785
f 8717 8898 8896
f 8799 8798 7459
f 8748 8806 7345
f 9333 9211 8635
f 8730 8807 8747
f 8766 8808 8770
f 10049 8305 9214
f 8302 9186 9215
f 9167 9232 9179
f 9198 9220 9203
f 10071 9339 8277
f 10071 8277 10066
f 9185 9216 9217
f 9190 8275 9191
f 9331 9192 9286
f 9192 9218 9219
f 9164 9187 9232
f 9196 9237 9236
f 8688 8779 7433
f 8800 8895 7502
f 8789 7421 8798
f 8767 7366 8898
f 9179 9232 9231
f 8768 8763 8767
f 8741 8752 8803
f 8789 8802 8804
f 9209 9234 9201
f 8765 8809 8860
f 8783 8785 8810
f 10058 9310 9305
f 8789 8811 7421
f 8897 8812 8823
f 8897 8823 8813
f 9201 9225 9187
f 9218 9239 9219
f 8317 10049 9214
f 9211 8297 8635
f 9248 9204 8282
f 9195 9196 9236
f 9198 9231 9220
f 8895 8814 7457
f 8895 7457 7502
f 7502 8804 8800
f 8750 8850 8795
f 8773 8729 8851
f 8813 8815 8778
f 9145 9213 9221
f 9203 9220 9222
f 8776 7345 8777
f 8810 8785 8816
f 8897 8817 8812
f 8788 8783 8818
f 8897 8805 8817
f 9174 9235 9215
f 8266 9223 8267
f 9146 9331 9144
f 9192 9219 9286
f 9328 9141 9224
f 8819 7433 8814
f 8783 8810 8818
f 8729 8854 8851
f 8764 8782 8806
f 8784 8957 7431
f 8804 8811 8789
f 9201 9234 9225
f 9195 9236 9226
f 9174 8266 9227
f 9228 9265 9335
f 9228 9335 9229
f 9187 9225 9230
f 9231 9232 9246
f 9228 9226 9233
f 9225 9234 9230
f 9191 9249 9211
f 9228 9195 9226
f 8817 8828 8812
f 9174 9227 9235
f 7433 8820 8814
f 8856 8744 8821
f 9236 9237 9258
f 9246 9232 9255
f 9231 9238 9220
f 9231 9246 9238
f 8816 8822 8810
f 9219 9239 9240
f 8813 8823 8824
f 9241 9228 9233
f 9239 9242 9240
f 9141 9243 9224
f 9241 9265 9228
f 9232 9244 9245
f 9226 9236 9258
f 9220 9238 9246
f 9232 9187 9253
f 9232 9253 9244
f 9220 9246 9334
f 8803 8827 8805
f 9222 9220 9334
f 9229 9335 9254
f 8766 8832 8808
f 9255 9232 9244
f 9242 9229 9240
f 9258 9259 9226
f 9187 9230 9253
f 9226 9259 9233
f 9229 9254 9240
f 9213 9222 9334
f 9185 9217 9277
f 9210 9247 9200
f 9191 8275 9249
f 9211 9249 8297
f 9140 9248 9205
f 9328 9224 7427
f 8794 7424 7435
f 8752 8793 8836
f 8788 8818 8782
f 8816 8785 8822
f 8813 8824 8815
f 8809 8870 8860
f 8766 8765 8860
f 9230 9234 9253
f 9145 9221 9206
f 9210 8339 9247
f 8752 8836 8803
f 8297 9249 9340
f 8823 8828 8824
f 8305 9306 9250
f 9215 9235 9251
f 9234 9252 9253
f 9244 9253 9289
f 9254 9335 9336
f 9241 9233 9265
f 9255 9256 9246
f 9246 9278 9334
f 9213 9334 9257
f 8825 7435 8886
f 7435 7424 8826
f 8807 8730 8797
f 8728 8863 8850
f 8803 8836 8827
f 8805 8827 8828
f 8805 8828 8817
f 8810 8822 8818
f 8812 8828 8823
f 9258 9237 9259
f 8744 8829 8821
f 9217 9216 9277
f 9235 9274 9251
f 7235 8778 8845
f 8793 8792 8836
f 8305 9250 9214
f 9331 9286 9144
f 9246 9256 9278
f 9259 9237 9260
f 9207 9206 7431
f 8747 8807 8863
f 8822 8785 8830
f 8815 8864 8778
f 8782 8818 8841
f 9233 9259 9260
f 8302 9215 9251
f 9235 9227 9274
f 8266 8267 9227
f 9204 9178 9261
f 9204 9261 8282
f 9286 9219 9262
f 9219 9240 9262
f 9240 9254 9263
f 9244 9289 9255
f 9255 9289 9264
f 9335 9265 9266
f 9265 9267 9266
f 9267 9265 9268
f 9265 9233 9268
f 9334 9278 9279
f 8814 8820 7457
f 8811 8831 7421
f 8777 8836 8792
f 8766 8860 8832
f 9216 9308 9277
f 8785 8896 8830
f 9214 9250 9269
f 9270 9340 9274
f 8641 8268 9223
f 7421 7423 8798
f 9249 8275 9340
f 8744 8773 8829
f 9250 8285 9269
f 9306 9271 9250
f 9200 9247 8275
f 9274 9340 9272
f 9234 9205 9252
f 9240 9263 9262
f 9253 9252 9289
f 9254 9336 9263
f 9335 9266 9336
f 9255 9264 9256
f 9233 9260 9268
f 9260 9237 7427
f 8774 8833 8779
f 7424 7459 7528
f 8806 8782 8841
f 8854 8769 8808
f 9334 9279 9257
f 9205 9248 9273
f 9274 9227 9270
f 8822 8834 8818
f 9250 9271 8285
f 9262 9263 9275
f 8804 7425 8811
f 8777 8835 8836
f 8795 8850 8837
f 9308 9276 9277
f 9274 9272 9251
f 9340 8275 9272
f 8818 8838 8841
f 8797 8839 8807
f 9216 8336 9308
f 9278 7436 9279
f 10060 9280 8280
f 8822 8830 8834
f 8824 7239 8815
f 9289 9252 9337
f 9278 9256 7436
f 9281 8265 9282
f 8265 9144 9282
f 9144 9295 9283
f 9263 9336 9284
f 8901 7425 8804
f 8818 8834 8838
f 8778 8864 8845
f 8854 8808 8840
f 8806 8841 7342
f 9248 8282 9273
f 8836 8842 8827
f 8839 8797 8843
f 8841 8844 7342
f 8845 8846 7235
f 9257 9279 7436
f 8841 8838 8844
f 9144 9286 9295
f 8807 8839 8847
f 9263 9284 9275
f 8832 8848 8808
f 9336 9266 9284
f 9243 9299 9224
f 8317 9214 9269
f 9178 8269 8270
f 9144 9283 9282
f 9243 7447 9299
f 8779 7480 7433
f 7345 8849 8777
f 8777 8849 8835
f 8836 8835 8842
f 8837 8850 8867
f 8773 8851 8852
f 9295 9286 9285
f 8834 7233 8838
f 9286 9262 9288
f 8811 8853 8831
f 8854 8840 8855
f 8854 8855 8866
f 8795 8837 8867
f 9268 9260 7452
f 8824 8828 7239
f 8797 8856 8843
f 8827 8857 8828
f 8827 8858 8857
f 9252 9287 9337
f 8840 8808 8859
f 8827 8842 8862
f 8832 8860 8861
f 8808 7243 7244
f 8832 8861 8848
f 8827 8862 8858
f 9286 9288 9285
f 9275 9284 9288
f 8863 8879 8850
f 9275 9288 9262
f 9273 9287 9252
f 8896 8883 8882
f 9289 9337 9338
f 8854 8866 8852
f 8854 8852 8851
f 9289 9338 9264
f 8834 8830 7234
f 9264 9338 9290
f 9252 9205 9273
f 9224 9299 7427
f 8796 8795 8867
f 8862 8842 8835
f 9280 9305 9291
f 9264 7449 9256
f 9206 9292 7431
f 7433 7434 8820
f 7421 7422 7423
f 8815 7239 8864
f 8864 8846 8845
f 10066 8293 10064
f 9337 9287 9338
f 9267 9268 9293
f 8844 7333 7342
f 8834 7234 7233
f 8896 8898 8883
f 9266 9288 9284
f 10060 8280 9339
f 8863 8865 8879
f 8863 8807 8865
f 8808 8848 7243
f 7421 8831 7422
f 8828 8857 7239
f 8866 8855 8852
f 8856 8821 8843
f 8840 8859 8855
f 8796 8867 8878
f 9221 9213 9294
f 8773 8852 8873
f 9221 9294 9206
f 8773 8868 8829
f 8852 8855 8869
f 8860 8870 8871
f 7235 8846 7260
f 9260 7427 7452
f 8860 8871 8861
f 8838 7233 7251
f 9261 9178 8270
f 8336 10064 8271
f 9251 9272 8302
f 9270 9227 8272
f 9270 8272 9340
f 9223 8268 8267
f 7424 7528 8826
f 7425 8853 8811
f 8806 7342 7345
f 8848 8861 7243
f 8838 7251 7253
f 9213 9257 9294
f 9283 9295 9282
f 7452 9293 9268
f 10065 8635 10013
f 8850 8879 8867
f 8844 8838 7253
f 8796 8878 8870
f 8870 8872 8871
f 8808 7244 8859
f 8821 8829 8888
f 8869 8873 8852
f 8773 8873 8868
f 8878 8874 8870
f 8844 7261 7333
f 8867 8879 8878
f 8829 8889 8888
f 8862 8899 8858
f 8821 7236 8843
f 8844 7253 7261
f 8870 8874 8872
f 9257 7436 9294
f 9285 9288 8273
f 8858 8899 8857
f 10066 8277 8293
f 8318 10063 8306
f 8297 8276 8635
f 8282 8286 9273
f 9285 9297 9295
f 9273 9338 9287
f 9266 9267 7455
f 8779 8833 7480
f 8862 8835 8875
f 8807 7248 8865
f 8889 8829 7264
f 9206 9294 9304
f 8829 8868 7264
f 8859 7244 8855
f 8862 8876 8899
f 7236 8821 8888
f 8830 8896 8877
f 8857 8899 7246
f 8807 8847 7248
f 8878 8879 7254
f 8869 7256 8873
f 7236 8839 8843
f 8874 7249 8872
f 9267 9296 7455
f 9299 7428 7427
f 8861 8871 8880
f 8302 9272 9247
f 9282 9295 9297
f 9297 9285 8273
f 9293 9296 9267
f 7452 7427 7441
f 9298 9292 9206
f 9299 7447 9300
f 8865 7248 8879
f 8862 8875 8876
f 7233 7231 7251
f 8868 8873 7264
f 8864 7239 7250
f 8846 8881 7260
f 8883 8898 8900
f 8896 8882 8877
f 9299 7439 7428
f 8855 7256 8869
f 8882 8883 8900
f 8882 8900 7232
f 7425 7426 8853
f 8878 8884 8874
f 8297 9340 8294
f 8871 8872 8880
f 7427 7428 7462
f 9299 9300 7439
f 9261 8270 8274
f 9261 8274 8282
f 8888 8885 7236
f 9338 7429 9290
f 8861 7241 7243
f 9294 7430 9304
f 8861 8880 7241
f 9288 9266 9301
f 9292 8887 7431
f 8804 7779 8901
f 9280 9291 8280
f 8317 9269 9302
f 9247 9272 8275
f 9273 8286 9303
f 9338 9273 9303
f 8784 7432 9460
f 8825 8886 8690
f 7433 7480 7434
f 7435 8826 8886
f 8857 7246 7239
f 7233 7234 7231
f 8763 7235 7368
f 7436 7437 9294
f 7431 8887 8784
f 8872 7249 8880
f 8888 8889 8885
f 9298 9206 9304
f 7427 7462 7438
f 8767 8763 8890
f 8635 8276 8298
f 8277 9339 8293
f 7436 9256 7437
f 8878 7254 8884
f 7439 7440 7428
f 7427 7438 7441
f 9293 7778 9296
f 9292 9298 7448
f 9291 9305 8284
f 9271 9306 8636
f 9306 8305 8636
f 9277 9307 9185
f 9266 7455 9301
f 9264 9290 7449
f 9293 7452 7778
f 8784 8887 7432
f 7236 8885 7237
f 8874 8884 7238
f 7239 7240 7250
f 8830 8877 7259
f 7241 7242 7243
f 7244 7243 7245
f 9288 9301 8273
f 8855 7244 7256
f 7236 7237 8839
f 7439 9300 7440
f 8885 8889 7264
f 7239 7246 7247
f 7231 7234 7304
f 8846 8864 7415
f 9338 9303 7429
f 9339 8278 8293
f 9297 8279 9282
f 9256 7449 7437
f 8877 8882 7258
f 9339 8280 8278
f 9308 8336 9309
f 9276 8281 9277
f 7429 7442 9290
f 7443 7444 7447
f 8831 8853 7422
f 7275 7248 8847
f 7234 8830 7259
f 8880 7282 7241
f 8282 8274 8286
f 8280 9291 8283
f 8846 7415 8881
f 8880 7249 7282
f 8864 7250 7415
f 7437 7445 9294
f 7415 7316 8881
f 8283 9291 8284
f 7251 7252 7253
f 9269 8285 9302
f 9308 9309 9276
f 9303 8286 8290
f 9303 7446 7429
f 9300 7447 7496
f 8690 8886 7485
f 8847 8839 7288
f 8884 7254 7255
f 7256 7293 8873
f 7241 7257 7242
f 7256 7244 7290
f 8882 7232 7258
f 7429 7446 7442
f 9298 9304 7448
f 8877 7258 7259
f 7235 7260 7368
f 7449 9290 7450
f 8774 9460 8833
f 9297 8273 8279
f 7240 7239 7247
f 7459 8798 7423
f 9292 7448 7451
f 7452 7441 7778
f 7251 7231 7252
f 9303 8290 7446
f 7253 7252 7261
f 10063 9180 8306
f 8804 7502 7779
f 8876 8875 7262
f 7238 7263 8874
f 7264 8873 7286
f 7234 7259 7304
f 7241 7282 7257
f 8273 9301 7453
f 8274 8270 8287
f 7449 7450 7437
f 8278 8280 8634
f 7448 9304 7451
f 8280 8283 8634
f 7428 7440 7454
f 8290 8286 8288
f 7455 7453 9301
f 8293 8278 8634
f 8273 7453 8279
f 7437 7450 7445
f 8634 8283 8284
f 7443 7476 7444
f 7443 7456 7476
f 8839 7237 7289
f 7237 8885 7297
f 8874 7263 7249
f 9296 7778 7455
f 9305 9310 8284
f 7415 7250 7265
f 8853 7426 7422
f 8279 8289 9282
f 7415 7265 7316
f 9300 7463 7440
f 8286 8274 8288
f 9292 7451 8887
f 8899 7266 7329
f 9185 8358 8339
f 7457 8820 7458
f 7459 7423 7460
f 7248 7275 7283
f 8899 8876 7266
f 8879 7267 7254
f 7254 7267 7255
f 8884 7255 7238
f 8885 7264 7295
f 7242 7268 7243
f 7243 7269 7245
f 9282 8289 9281
f 7445 7461 9294
f 7428 7454 7462
f 9300 7496 7463
f 8290 8296 8291
f 7247 7246 7311
f 7778 7464 7455
f 9294 7461 7430
f 7453 8292 8279
f 7441 7438 7465
f 7246 8899 7311
f 7266 8876 7262
f 8634 8395 8293
f 9340 8272 8294
f 8272 9227 8295
f 8290 8288 8296
f 8879 7248 7267
f 7237 7297 7289
f 7249 7263 7277
f 8873 7293 7286
f 7293 7256 7292
f 7256 7290 7292
f 7270 7244 7245
f 7454 7440 7466
f 8274 8287 8288
f 8290 8291 7493
f 9290 7442 7467
f 7462 7468 7438
f 7462 7469 7468
f 7456 7470 7471
f 9460 7478 7472
f 7250 7240 7265
f 7441 7464 7778
f 7440 7463 7466
f 7446 7467 7442
f 7451 7515 8887
f 7244 7270 7290
f 7441 7465 7464
f 7264 7286 7295
f 8297 8294 8276
f 8847 7288 7275
f 8839 7289 7288
f 7252 7231 7308
f 8885 7271 7297
f 8885 7295 7271
f 7249 7272 7282
f 7243 7268 7269
f 8767 8890 7366
f 9304 7430 7474
f 8635 8298 10013
f 7267 7248 7283
f 9460 7472 7473
f 7304 7259 7273
f 9304 7474 7451
f 8290 7467 7446
f 8290 7493 7467
f 9281 8289 8299
f 7462 7454 7466
f 7455 7464 7475
f 8279 8292 8289
f 7456 7471 7476
f 7259 7258 7273
f 7461 7445 7450
f 8291 8311 7493
f 9290 7467 7450
f 7455 7475 7453
f 8291 8296 8311
f 8299 8300 9281
f 7453 7477 8292
f 7255 7267 7274
f 7472 7478 7473
f 8886 8826 7486
f 8901 7779 7479
f 7283 7275 7276
f 7255 7285 7238
f 7263 7238 7277
f 7249 7277 7272
f 7258 7232 7281
f 7257 7278 7242
f 7270 7245 7279
f 8881 7280 7260
f 7480 8833 7481
f 7461 7450 7482
f 7430 7461 7482
f 7456 7524 7470
f 7471 7470 7483
f 7430 7482 7474
f 7450 7484 7482
f 8292 7477 7513
f 8292 7513 8301
f 7255 7274 7298
f 7485 8886 7486
f 7465 7438 7507
f 7478 9460 7529
f 7465 7507 7464
f 7456 7485 7486
f 8311 8310 7493
f 7456 7486 7524
f 7438 7468 7498
f 7273 7258 7281
f 7515 7487 8887
f 7282 7272 7257
f 8289 8292 8301
f 7267 7283 7274
f 7245 7269 7279
f 8302 9247 8303
f 7475 7488 7453
f 8634 8284 8395
f 8285 9271 8304
f 8636 8305 8306
f 8294 8272 8307
f 9227 8267 8308
f 8820 7434 7458
f 7261 7252 7284
f 7252 7308 7284
f 7255 7298 7285
f 8899 7315 7311
f 7295 7286 7293
f 7464 7506 7475
f 7450 7489 7484
f 7438 7498 7507
f 7242 7278 7268
f 9460 7473 8833
f 7283 7276 7287
f 7288 7289 7276
f 7288 7276 7275
f 7482 7505 7474
f 7482 7514 7505
f 8289 7512 8299
f 7453 7488 7477
f 7464 7507 7490
f 7475 7506 7488
f 7467 7491 7450
f 7290 7291 7292
f 7268 7278 7269
f 7482 7484 7514
f 7477 7488 7513
f 7493 7491 7467
f 7293 7300 7295
f 7464 7492 7506
f 7290 7270 7291
f 7257 7272 7278
f 8899 7329 7315
f 7283 7287 7274
f 7269 7278 7294
f 7474 7505 7501
f 7277 7238 7272
f 8310 8312 7493
f 8301 8309 8289
f 7272 7294 7278
f 8302 8303 9180
f 7491 7489 7450
f 7279 7291 7270
f 7464 7490 7492
f 7293 7292 7291
f 7451 7474 7494
f 7231 7309 7308
f 7513 8309 8301
f 7468 7469 7499
f 8887 7487 7495
f 8901 7479 7425
f 7265 7240 7313
f 7265 7313 7316
f 7271 7295 7296
f 7271 7296 7297
f 9460 7432 7529
f 7297 7296 7289
f 7298 7274 7285
f 8310 8311 8312
f 7269 7294 7279
f 7289 7299 7276
f 8898 7366 8900
f 7295 7300 7296
f 7276 7299 7287
f 8300 8324 9281
f 7289 7296 7299
f 7274 7287 7285
f 7294 7272 7301
f 7272 7238 7302
f 7285 7302 7238
f 8287 8270 8313
f 8289 8309 8314
f 7293 7291 7300
f 7496 7497 7463
f 7294 7301 7302
f 7240 7247 7313
f 7300 7302 7296
f 7296 7302 7299
f 7272 7302 7301
f 7285 7287 7302
f 7294 7302 7279
f 8288 8315 8296
f 7291 7279 7302
f 7302 7287 7299
f 7300 7291 7302
f 8311 8296 8315
f 7462 7504 7469
f 7284 7326 7261
f 8295 8307 8272
f 7496 7444 7497
f 8267 8268 8308
f 7498 7499 7500
f 7498 7468 7499
f 7501 7494 7474
f 7496 7447 7444
f 7502 7503 7779
f 7476 7471 7483
f 7304 7273 7303
f 8289 8314 7512
f 7304 7303 7305
f 7304 7305 7231
f 8835 8849 7306
f 8833 7458 7481
f 8833 7473 7458
f 8288 8287 8315
f 7307 7309 7305
f 7307 7308 7309
f 7281 7303 7273
f 7305 7303 7281
f 7305 7309 7231
f 8284 9310 8395
f 7469 7504 7499
f 7305 7281 7310
f 7305 7310 7307
f 8287 8313 8315
f 7480 7481 7458
f 7311 7313 7247
f 7311 7312 7313
f 8309 7513 8314
f 8312 8311 8316
f 7501 7505 7494
f 7312 7314 7313
f 7313 7314 7316
f 7462 7466 7504
f 8295 9227 8308
f 8295 8308 8326
f 7459 7460 7528
f 7311 7315 7312
f 8317 9302 8649
f 9276 9309 8281
f 9271 8636 8304
f 8305 8318 8306
f 8294 8307 8276
f 7488 7506 7513
f 7506 8333 7513
f 7507 7498 7500
f 8887 7495 7432
f 7425 7479 7426
f 7480 7458 7434
f 8312 8316 7493
f 7307 7310 7308
f 7524 7486 8826
f 7316 7314 7317
f 7281 7416 7310
f 7315 7329 7312
f 7308 7310 7318
f 7312 7319 7314
f 7515 7451 7508
f 8276 8319 8298
f 7422 7426 7509
f 8881 7316 7280
f 7463 7497 7527
f 7308 7318 7284
f 7505 7516 7494
f 7451 7494 7510
f 7312 7329 7319
f 8875 8835 7262
f 8313 8270 8328
f 7502 7457 7511
f 7499 7504 7500
f 7512 8314 8333
f 7476 7483 7444
f 7487 7515 7495
f 7284 7318 7320
f 8285 8637 9302
f 8285 8304 8637
f 8298 8320 10013
f 7513 8333 8314
f 7493 8316 7491
f 7514 7516 7505
f 8315 8316 8311
f 7515 7557 7495
f 8299 8321 8300
f 8295 8322 8307
f 8300 8321 8324
f 7314 7319 7321
f 8299 7512 8321
f 7451 7510 7508
f 7314 7321 7317
f 7318 7310 7320
f 7317 7322 7316
f 8395 10064 8293
f 8295 8326 8322
f 8307 8322 8276
f 7484 7516 7514
f 7516 7510 7494
f 7523 7497 7444
f 7422 7530 7423
f 7281 7232 7323
f 7422 7517 7530
f 8276 8322 8323
f 7515 7508 7518
f 7281 7323 7324
f 7416 7281 7324
f 8316 8315 7519
f 7422 7509 7517
f 7319 7329 7327
f 7515 7518 7557
f 7509 7426 7533
f 7473 7520 7458
f 7508 7510 7516
f 8276 8323 8319
f 7479 7779 7426
f 7530 7517 7546
f 8313 7519 8315
f 10064 8643 8271
f 8327 9277 8338
f 8319 8320 8298
f 9281 8324 9320
f 7512 8333 7521
f 7491 8316 7489
f 7489 7522 7484
f 7497 7523 7527
f 7524 8826 7525
f 7460 7423 7526
f 7266 7330 7329
f 7329 7325 7327
f 7466 7463 7527
f 8308 8268 8331
f 8321 7521 8324
f 8319 8323 8320
f 8317 8649 9310
f 8323 8322 8320
f 8826 7528 7525
f 8308 8325 8326
f 7507 7500 7531
f 7320 7310 7418
f 9277 8327 9307
f 8316 7519 8335
f 7457 7458 7511
f 7284 7320 7326
f 8326 8325 8322
f 7317 7321 7322
f 8313 8328 7519
f 7426 7779 7533
f 7478 7529 7537
f 7416 7418 7310
f 7319 7327 7321
f 8308 8331 8325
f 7504 7466 7500
f 7509 7533 7517
f 8322 8329 8320
f 8322 8325 8329
f 10064 8395 8330
f 7512 7521 8321
f 8316 8335 7539
f 9277 8281 8338
f 8331 8268 8641
f 7484 7522 7564
f 7490 7507 7531
f 7473 7478 7537
f 7525 7528 7532
f 7423 7530 7546
f 7266 7328 7330
f 7329 7330 7325
f 7416 7417 7418
f 7417 7416 7324
f 7500 7466 7531
f 8270 8639 8328
f 7508 7516 7518
f 7532 7528 7460
f 9185 9307 8358
f 8325 8331 8641
f 7519 8345 8335
f 7533 7779 7534
f 7533 7535 7517
f 7546 7517 7535
f 7326 7320 7418
f 7325 7331 7327
f 7444 7483 7536
f 7529 7432 7537
f 8329 8325 8641
f 8345 8332 8335
f 7520 7545 7458
f 7533 7534 7535
f 7531 7466 7780
f 7232 7332 7323
f 7333 7261 7341
f 7492 7577 7506
f 7516 7484 7564
f 7519 8328 8345
f 8333 8334 8341
f 7492 7490 7538
f 8316 7539 7579
f 7527 7523 7466
f 7466 7523 7782
f 8270 8269 8639
f 7539 8335 8332
f 7325 7330 7331
f 7266 7262 7328
f 8320 8329 8641
f 7531 7549 7490
f 7546 7535 7548
f 7326 7418 7334
f 7521 8351 8324
f 7489 8316 7579
f 7326 7335 7261
f 7522 7489 7579
f 7470 7524 7699
f 7502 7540 7503
f 7534 7541 7535
f 7535 7542 7548
f 7542 7535 7541
f 7262 8835 7306
f 7417 7324 7344
f 7516 7564 7518
f 7523 7444 7543
f 7432 7553 7537
f 8336 8271 9309
f 7536 7483 7544
f 7458 7545 7511
f 7423 7546 7547
f 7542 7781 7548
f 7564 7554 7518
f 7531 7780 7549
f 7466 7782 7550
f 7542 7541 7781
f 7327 7336 7321
f 7322 7419 7316
f 7781 7551 7548
f 7541 7534 7784
f 7492 7538 7577
f 9307 8338 8358
f 8320 8641 10013
f 7539 7570 7579
f 7495 7552 7432
f 7548 7551 7546
f 7553 7432 7552
f 10067 10013 8269
f 7466 7550 7780
f 8636 8337 8304
f 7518 7554 7557
f 8334 8333 7577
f 7470 7699 7483
f 7502 7511 7540
f 7526 7423 7561
f 7779 7503 7534
f 7541 7784 7781
f 7551 7547 7546
f 7332 7232 8900
f 7557 7554 7558
f 7536 7544 7444
f 7554 7555 7558
f 7327 7331 7336
f 8333 8341 7521
f 9307 8327 8338
f 7503 7784 7534
f 7532 7460 7573
f 8636 8306 8337
f 9247 8339 8358
f 7490 7549 7538
f 7483 7699 7544
f 7423 7547 7561
f 7324 7323 7337
f 7780 7556 7549
f 7557 7558 7495
f 7554 7564 7559
f 7780 7550 7556
f 7783 7550 7782
f 9309 8271 8340
f 9309 8340 8281
f 7521 8341 8351
f 8333 7506 7577
f 7495 7560 7552
f 8303 9247 9180
f 9320 8324 8342
f 7344 7324 7337
f 7551 7781 7561
f 7782 7562 7783
f 7539 8343 7570
f 8337 8306 8304
f 7539 8332 8343
f 7562 7782 7523
f 7567 7532 7568
f 7549 7556 7538
f 8324 8351 8353
f 7781 7784 7561
f 9302 8637 8348
f 8328 8639 8345
f 8343 8332 8344
f 7511 7545 7540
f 7322 7321 7419
f 7564 7563 7559
f 7563 7564 7522
f 8345 8344 8332
f 7495 7558 7555
f 7532 7567 7525
f 7568 7532 7573
f 7551 7561 7547
f 8281 8340 8346
f 7545 7582 7585
f 7559 7563 7565
f 8281 8346 8338
f 8763 7368 7338
f 7545 7585 7540
f 7444 7544 7543
f 7577 7538 7566
f 7545 7520 7582
f 7571 7567 7568
f 7570 8343 8347
f 7538 7556 7566
f 7556 7578 7569
f 7556 7550 7578
f 7554 7559 7575
f 7563 7522 7565
f 7566 7556 7569
f 8338 8346 8352
f 8340 8271 8346
f 8637 8304 8348
f 8639 8269 8652
f 8343 8344 8347
f 8334 7577 8341
f 7570 8347 7579
f 7552 7560 7553
f 7567 7571 7572
f 7460 7526 7573
f 7554 7575 7555
f 7559 7574 7575
f 7559 7565 7574
f 8900 7366 7339
f 8345 8347 8344
f 7565 7522 7574
f 7574 8345 7575
f 7576 8351 7577
f 8351 8341 7577
f 7576 7569 7578
f 7569 7576 7577
f 7579 7574 7522
f 7550 7580 7578
f 7569 7577 7566
f 8345 7579 8347
f 8345 7574 7579
f 8348 8349 9302
f 8346 8271 8638
f 8348 8304 8349
f 7523 7581 7562
f 7523 7543 7581
f 7582 7598 7585
f 7561 7591 7526
f 7550 7783 7580
f 7582 7520 7598
f 10064 8330 8643
f 7576 7578 8357
f 10013 8641 8350
f 7473 7801 7520
f 7571 7568 7583
f 7503 7540 7584
f 7503 7584 7784
f 7784 7595 7561
f 7576 8357 8351
f 7595 7591 7561
f 7321 7336 7351
f 7553 7560 7537
f 9302 8306 8649
f 8352 8346 8638
f 7783 7562 7580
f 7567 7572 7525
f 7328 7362 7330
f 7323 7340 7337
f 7568 7610 7583
f 7784 7584 7592
f 8351 8357 8353
f 8357 7578 7580
f 7333 7341 7342
f 7596 7784 7592
f 7784 7596 7595
f 7323 7332 7343
f 7540 7585 7584
f 7575 8354 7555
f 8345 8354 7575
f 7585 7593 7584
f 8345 8640 8354
f 7573 7526 7588
f 8345 8639 8640
f 7323 7343 7340
f 9302 8349 8306
f 7595 7586 7591
f 7526 7591 7587
f 7526 7587 7588
f 8304 8306 8349
f 8352 8638 8338
f 7580 7562 7581
f 7524 7525 7672
f 7571 7583 7589
f 7568 7573 7590
f 7573 7588 7590
f 7591 7586 7587
f 7418 7417 7344
f 8900 7339 7332
f 7592 7584 7593
f 7586 7595 7785
f 8354 8640 7594
f 7585 7598 7600
f 7592 7593 7608
f 8354 7594 7555
f 7699 7524 7672
f 7598 7520 7599
f 7595 7596 7597
f 7598 7599 7600
f 8350 8641 8355
f 7525 7572 7601
f 7586 7785 7587
f 8338 8638 8358
f 7586 7583 7602
f 9247 8366 9180
f 7583 7610 7602
f 7589 7583 7602
f 7595 7597 7785
f 7544 7791 7543
f 8645 8269 10013
f 7600 7603 7585
f 8271 8356 8638
f 7525 7601 7672
f 7571 7589 7572
f 7589 7602 7572
f 7593 7585 7608
f 7592 7608 7596
f 7597 7596 7608
f 7597 7608 7604
f 7330 7357 7331
f 7587 7785 7588
f 7260 7280 7368
f 7602 7610 7572
f 7537 7560 7605
f 7543 7791 7606
f 7520 7801 7644
f 7585 7603 7618
f 7588 7607 7590
f 7597 7786 7785
f 7330 7362 7357
f 7597 7604 7786
f 7608 7609 7604
f 7588 7785 7607
f 8357 7636 8373
f 8639 8380 8640
f 8353 8357 8373
f 7581 7627 7580
f 7610 7611 7572
f 7610 7568 7611
f 7608 7585 7612
f 7607 7604 7609
f 7785 7786 7607
f 7786 7604 7607
f 8638 8356 8358
f 7594 8640 7617
f 7555 7787 7495
f 7495 7787 7560
f 7543 7606 7613
f 7342 7341 7345
f 7543 7613 7581
f 7608 7612 7609
f 9247 8377 8366
f 7609 7614 7607
f 7580 7615 8357
f 7607 7616 7590
f 8324 8353 8367
f 8353 8373 8367
f 7600 7599 7603
f 7568 7590 7611
f 7334 7418 7346
f 7609 7612 7620
f 7316 7348 7280
f 7368 7280 7347
f 7555 7594 7617
f 8763 7338 8890
f 7572 7611 7601
f 7585 7618 7612
f 7616 7607 7619
f 7609 7620 7614
f 7261 7335 7341
f 7344 7346 7418
f 7321 7351 7419
f 8639 8359 8380
f 7590 7616 7646
f 7316 7419 7348
f 7614 7619 7607
f 7614 7633 7619
f 7614 7632 7633
f 8640 8380 7617
f 7627 7581 7613
f 7334 7346 7349
f 7606 7791 7613
f 9247 8378 8377
f 7555 7617 7787
f 7334 7335 7326
f 7419 7352 7348
f 7334 7349 7335
f 8357 7615 7636
f 7340 7350 7337
f 7419 7351 7352
f 7352 7353 7348
f 7613 7791 7621
f 7544 7699 7777
f 8306 9180 8360
f 7615 7580 7627
f 7618 7603 7622
f 8350 8355 8644
f 7344 7337 7375
f 7349 7346 7354
f 7336 6649 7351
f 8271 8361 8356
f 8649 8306 8362
f 8358 8378 9247
f 7344 7375 7346
f 7375 7337 7355
f 7601 7623 7672
f 8356 8363 8358
f 10013 8644 8645
f 10013 8350 8644
f 8641 9320 8642
f 7618 7629 7612
f 7340 7343 7350
f 8269 8645 8364
f 7337 7350 7356
f 7605 7560 7788
f 7331 7357 7404
f 7621 7791 7790
f 7544 7777 7624
f 7537 7794 7473
f 7605 7789 7537
f 7349 7354 7358
f 7335 7349 7358
f 7618 7622 7629
f 8641 8642 8355
f 7337 7356 7355
f 7614 7620 7625
f 7605 7788 7789
f 7621 7790 7613
f 7544 7624 7791
f 7351 6649 7359
f 7632 7626 7633
f 8384 8383 9320
f 7627 7613 7628
f 7613 7790 7628
f 7611 7590 7646
f 7620 7612 7629
f 7616 7619 7630
f 7353 7360 7348
f 7351 7359 7352
f 7346 7375 7413
f 7348 7361 7280
f 7336 7331 7404
f 7346 7413 7354
f 7473 7794 7801
f 7348 7360 7361
f 7357 7362 7404
f 7354 7363 7358
f 7280 7361 7347
f 7336 7404 6649
f 8643 8330 8365
f 8643 8365 8271
f 9180 8366 8360
f 9320 8383 8642
f 7560 7787 7788
f 7537 7789 7631
f 7614 7625 7632
f 7632 7625 7626
f 7343 7364 7350
f 7343 7332 7364
f 7365 7339 7366
f 7633 7626 7634
f 7619 7633 7630
f 8890 7338 7365
f 7633 7634 7635
f 7358 7363 7371
f 7633 7635 7630
f 7603 7599 7622
f 8342 8324 8367
f 7358 7371 7335
f 6649 6635 7359
f 7787 7648 7788
f 7366 8890 7365
f 7636 7615 8376
f 7634 7638 7635
f 7628 7790 7637
f 7636 8376 8373
f 8342 8368 9320
f 7262 7306 7367
f 7368 6647 7338
f 7374 7368 7347
f 7359 7369 7352
f 7787 7617 7648
f 7627 7628 7637
f 8406 9310 8649
f 7353 7352 7360
f 7332 7339 7364
f 7347 7361 7374
f 7339 7365 7370
f 7356 7350 7373
f 7359 6635 7369
f 7627 7637 7615
f 7350 7364 7373
f 9310 8406 8395
f 7617 8380 8369
f 7635 7638 7630
f 8639 8652 8359
f 7601 7611 7623
f 7620 7629 7625
f 7362 7405 7404
f 7626 7639 7634
f 7615 7651 8376
f 8356 8361 8363
f 7789 7788 7643
f 7648 7617 8371
f 7615 7637 7640
f 8370 8306 8360
f 7335 7371 7372
f 7354 7413 7363
f 7360 7352 7369
f 7355 7356 7383
f 7356 7373 7383
f 7617 8369 8371
f 7788 7648 7643
f 8373 8376 8372
f 7634 7641 7638
f 7630 7638 7642
f 7634 7793 7641
f 7634 7639 7793
f 7615 7640 7651
f 7262 7367 7328
f 7639 7626 7625
f 8373 8372 8367
f 7643 7631 7789
f 7790 7791 7624
f 7644 7645 7520
f 7623 7611 7674
f 7622 7599 7629
f 7646 7616 7630
f 7371 7363 7372
f 8364 8652 8269
f 7630 7642 7647
f 7637 7649 7640
f 8378 8358 8386
f 8355 8378 8644
f 8371 7792 7648
f 7361 7360 7374
f 7648 7792 7643
f 7637 7790 7649
f 7630 7647 7646
f 7375 7355 7383
f 7638 7641 7650
f 8642 8646 8355
f 8377 8374 8355
f 8355 8646 8377
f 8369 7664 8371
f 7651 7640 7649
f 7643 7792 7631
f 7520 7645 7599
f 7674 7611 7665
f 7599 7663 7629
f 8644 8386 8645
f 8644 8378 8386
f 8355 8374 8378
f 7639 7625 7793
f 7638 7650 7652
f 7638 7652 7642
f 8358 8363 8375
f 8366 8377 8646
f 8642 8383 8646
f 8367 8372 8381
f 8371 7664 7792
f 7649 7790 7624
f 7631 7653 7537
f 7623 7674 7659
f 7611 7646 7665
f 7793 7660 7641
f 8376 7651 8647
f 7339 6638 7364
f 8377 8378 8374
f 8645 8386 8388
f 7368 7374 6647
f 7651 7649 8647
f 9320 8368 8384
f 8380 8359 8391
f 8369 8391 8379
f 7537 7653 7794
f 7623 7681 7672
f 7793 7625 7660
f 8380 8391 8369
f 8369 8379 7664
f 7631 7792 7690
f 7641 7660 7650
f 7335 7396 7341
f 6649 6636 6635
f 7338 7376 7365
f 8646 8409 8366
f 8372 8647 8381
f 8372 8376 8647
f 7625 7654 7660
f 8849 7345 7393
f 7365 7377 7370
f 7362 7378 7405
f 8386 8358 8375
f 8645 8382 8364
f 7649 7624 7655
f 7631 7690 7653
f 7645 7661 7599
f 7623 7659 7681
f 7625 7629 7654
f 7646 7647 7656
f 7652 7650 7660
f 7374 6639 6647
f 7792 7657 7690
f 7338 6640 7376
f 7338 7379 6640
f 7338 6647 7379
f 8646 8383 8409
f 7690 7657 7658
f 7681 7659 7678
f 7660 7795 7652
f 8409 8648 8366
f 8383 8384 8385
f 8379 8408 7664
f 7655 7624 7797
f 7661 7662 7663
f 7659 7674 7678
f 7642 7652 7647
f 7362 7328 7378
f 7649 7685 8647
f 8645 8388 8382
f 7792 7664 8390
f 8375 8387 8386
f 8386 8387 8388
f 8647 8389 8381
f 7664 8408 8390
f 7661 7645 7683
f 7661 7683 7662
f 7663 7684 7629
f 7646 7656 7665
f 8849 7393 7380
f 7339 7370 6638
f 7649 7655 7685
f 7690 7658 7666
f 7792 7689 7657
f 7306 8849 7380
f 7656 7647 7667
f 7792 8390 7689
f 8306 8370 8362
f 7663 7662 7684
f 7797 7624 7668
f 7669 7665 7670
f 8379 8391 8408
f 7652 7795 7647
f 7670 7665 7656
f 8647 8392 8389
f 8647 7685 8392
f 7665 7669 7671
f 7669 7672 7671
f 7670 7673 7669
f 7665 7671 7674
f 8407 8396 8400
f 7796 7654 7675
f 7675 7654 7629
f 7670 7656 7667
f 7796 7660 7654
f 7379 7381 6640
f 7647 7795 7667
f 7660 7385 7795
f 8407 8330 8396
f 7675 7676 7796
f 7675 7629 7644
f 8400 8393 8394
f 8400 8396 8395
f 7365 7382 7377
f 7796 7676 7677
f 8395 8396 8330
f 8382 8388 8402
f 8389 8397 8381
f 7678 7679 7681
f 7678 7674 7679
f 7797 7680 7655
f 8271 8365 8426
f 8370 8360 8398
f 8360 8366 8398
f 7797 7668 7680
f 7672 7681 7682
f 7306 7388 7367
f 7365 7376 7382
f 7674 7671 7681
f 7674 7681 7679
f 7676 7675 7644
f 7662 7683 7684
f 8400 8395 8393
f 7685 7655 7686
f 8394 8399 8400
f 7670 7667 7673
f 8407 8401 8330
f 7796 7677 7385
f 7796 7385 7660
f 8389 8392 8397
f 7376 6640 7420
f 7385 7687 7795
f 7795 7687 7667
f 7364 7383 7373
f 7671 7672 7682
f 7669 7673 7688
f 7671 7682 7681
f 8382 8402 8440
f 7689 7987 7657
f 8388 8387 8402
f 7669 7688 7672
f 8271 8426 8361
f 8398 8366 8403
f 8366 8648 8403
f 8381 8397 8651
f 7666 7658 7691
f 7645 7644 7683
f 7335 7372 7396
f 7658 7657 6945
f 7690 7666 7691
f 8407 8404 8401
f 8394 8393 8405
f 8409 8383 8418
f 7629 7684 7692
f 7629 7692 7644
f 8393 8395 8406
f 7644 7692 7683
f 8400 8399 8407
f 7684 7683 7692
f 7690 7691 7653
f 7689 8390 7987
f 7676 7693 7677
f 8365 8330 8417
f 8426 8365 8417
f 8392 7685 8397
f 8361 8436 8363
f 8391 8419 8408
f 7393 7345 7341
f 7393 7341 7384
f 7376 7420 7382
f 7655 7680 7694
f 7658 6945 7691
f 7673 7667 7390
f 7686 7917 7685
f 7385 7386 7687
f 7667 7687 7387
f 6635 6636 7369
f 8404 8407 8399
f 7657 7987 6945
f 7677 7695 7385
f 8409 8418 8648
f 8381 8410 8367
f 7694 7680 7696
f 8397 7685 7917
f 7676 7644 7697
f 8404 8411 8401
f 8383 8385 8412
f 8649 8650 8406
f 8649 8362 8650
f 8375 8363 8413
f 8375 8413 8387
f 8408 8419 8414
f 8390 8415 7987
f 7686 7655 7694
f 7686 7694 7917
f 7688 7673 7698
f 7380 7388 7306
f 7676 7697 7693
f 8399 8394 8416
f 8402 8387 8440
f 8390 8408 8415
f 8330 8401 8417
f 8393 8406 8425
f 7385 7695 7386
f 8393 8425 8405
f 7379 6647 7389
f 8648 8418 8403
f 7677 7693 7695
f 7667 7387 7390
f 8383 8423 8418
f 8399 8411 8404
f 8391 8359 8419
f 8381 8651 8410
f 7917 8655 8397
f 8401 8420 8417
f 7672 7688 7699
f 8394 8405 8421
f 8397 8655 8651
f 8394 8421 8416
f 7688 7698 7699
f 8411 8399 8653
f 7653 7798 7794
f 8421 8405 8656
f 8361 8422 8436
f 8418 8423 8403
f 8385 8384 8412
f 8382 8424 8364
f 7691 7798 7653
f 7380 7391 7388
f 8405 8425 8656
f 8367 8410 8342
f 8406 8451 8425
f 8387 8413 8440
f 8361 8426 8422
f 7367 7388 6936
f 8401 8411 8420
f 8408 8414 8415
f 7696 7680 7807
f 8406 8650 8451
f 8426 8417 8427
f 7697 7644 7801
f 8359 8432 8419
f 7386 7695 7392
f 8436 8445 8363
f 8382 8428 8424
f 7680 7668 7807
f 7693 7700 7714
f 7693 7714 7695
f 7695 7714 7701
f 7673 7390 6954
f 7380 7393 7394
f 7364 6638 7395
f 8426 8427 8422
f 7387 7687 7386
f 8423 8447 8403
f 7698 7673 7712
f 7697 7801 7700
f 7697 7700 7693
f 7396 7397 7341
f 7378 7398 7405
f 7393 6938 7394
f 8411 8653 8429
f 7807 7668 7702
f 7624 7777 7668
f 7798 7703 7794
f 8362 8430 8650
f 8362 8370 8430
f 8370 8398 8430
f 8403 8435 8398
f 8411 8431 8420
f 7384 7397 7393
f 7370 7377 6637
f 8399 8416 8653
f 7801 7794 7704
f 7387 7399 7390
f 8403 8447 8435
f 7380 7394 7391
f 7393 7397 6938
f 6639 7374 6643
f 8419 8432 8433
f 8412 8384 8434
f 7673 7705 7712
f 7397 7384 7341
f 7378 7328 7398
f 8363 8445 8413
f 8440 8428 8382
f 8398 8435 8430
f 8436 8422 8427
f 8423 8383 8412
f 8437 8410 8651
f 8419 8433 8438
f 7387 7386 7399
f 7714 7706 7701
f 7370 6637 6638
f 8342 8410 8444
f 8414 8419 8438
f 8414 8438 8415
f 8436 8427 8462
f 8436 8462 8446
f 8427 8417 8462
f 8436 8446 8445
f 8652 8432 8359
f 7705 7673 7707
f 8413 8439 8440
f 8651 8655 8441
f 8413 8445 8439
f 7705 7710 7712
f 8435 8447 8442
f 8416 8421 8653
f 8435 8443 8430
f 8410 8437 8444
f 8650 8430 8449
f 6945 7800 7691
f 7673 6954 7713
f 7386 7400 7399
f 7367 7398 7328
f 6639 6644 6647
f 8650 8449 8451
f 8440 8439 8457
f 8435 8442 8443
f 7706 7714 7708
f 7703 7798 7709
f 7390 7399 7401
f 7707 7799 7705
f 8444 8454 8342
f 8445 8446 8439
f 8411 8429 8431
f 7710 7711 7712
f 8447 8448 8442
f 7698 7712 7718
f 7673 7713 7707
f 8430 8443 8449
f 7714 7700 7708
f 7699 7698 7715
f 7708 7716 7717
f 7708 7717 7706
f 7705 7799 7710
f 7363 7413 7372
f 8447 8423 8450
f 7710 7799 7711
f 7397 7396 7410
f 7712 7711 7718
f 6640 7381 6641
f 8451 8449 8443
f 8443 8442 8459
f 8423 8412 8450
f 8440 8457 8453
f 7398 7367 6936
f 7715 7698 7804
f 7711 7799 7729
f 7695 7701 7407
f 7695 7402 7392
f 7390 7401 6954
f 7388 7391 7403
f 7404 7405 6649
f 7360 6642 7374
f 6639 6643 6644
f 7701 7706 7727
f 6637 7377 6645
f 8439 8446 8462
f 8437 8651 8441
f 8457 8439 8462
f 8443 8459 8451
f 8428 8440 8453
f 7386 7392 7406
f 8432 8456 8433
f 8457 8462 8461
f 7707 7719 7799
f 7707 7713 7719
f 7701 7727 7407
f 8459 8452 8451
f 7708 7720 7716
f 7794 7703 7803
f 8442 8448 8459
f 8457 8458 8453
f 7798 7691 7800
f 7804 7698 7718
f 7695 7407 7402
f 7397 7408 6938
f 6637 6645 6638
f 8448 8460 8459
f 8448 8447 8450
f 8454 8444 8437
f 7389 6646 7379
f 7708 7700 7720
f 7392 7402 7406
f 8454 8437 8455
f 7699 7746 7777
f 8432 8652 8456
f 7389 6647 6652
f 8457 8461 8458
f 8433 8456 8438
f 8452 8459 8460
f 7799 7725 7721
f 7799 7721 7729
f 8461 8462 8463
f 8656 8425 8451
f 8342 8454 8455
f 7798 7800 7709
f 7369 6636 6648
f 6936 7388 7403
f 8461 8463 8458
f 6649 7405 6661
f 7386 7409 7400
f 7716 7722 7723
f 7716 7723 7717
f 7386 7406 7409
f 8417 8491 8462
f 7716 7720 7728
f 7717 7723 7741
f 7717 7741 7706
f 7722 7716 7724
f 8342 8455 8368
f 6647 6644 6652
f 7721 7725 7726
f 7402 7407 7735
f 8384 8654 8434
f 7803 7703 7709
f 8420 8464 8417
f 8463 8462 8468
f 8458 8465 8453
f 7706 7741 7727
f 7719 7751 7799
f 7719 7713 7751
f 7410 7396 7372
f 6638 6645 7395
f 8451 8466 8656
f 8415 8534 7987
f 8437 8467 8455
f 7400 7409 6959
f 8417 8464 8491
f 7724 7731 7722
f 8463 8468 8469
f 8463 8469 8458
f 7668 7777 7738
f 7720 7700 7802
f 7716 7728 7724
f 7729 7721 7733
f 7727 7741 7730
f 7713 7752 7751
f 7727 7730 7407
f 7399 7400 6959
f 7391 7394 7031
f 7395 6645 6654
f 7722 7731 7723
f 7401 7399 7411
f 7420 6640 6650
f 7364 7395 7414
f 7801 7704 7759
f 8455 8471 8368
f 7724 7728 7731
f 8438 8456 8470
f 8448 8476 8460
f 7412 7399 6959
f 8420 8431 8464
f 8458 8469 8465
f 6954 7401 7411
f 7399 7412 7411
f 7723 7731 7739
f 8455 8467 8471
f 7718 7711 7804
f 7694 7696 7807
f 8467 8437 8441
f 7726 7732 7721
f 8470 8456 8472
f 8450 8412 8473
f 7801 7802 7700
f 7711 7729 7733
f 7720 7734 7728
f 7728 7734 7731
f 7733 7721 7732
f 7723 7739 7741
f 7730 7735 7407
f 7372 7413 6667
f 7382 7420 6651
f 7375 6653 7413
f 7668 7736 7702
f 8652 8364 8485
f 7794 7803 7737
f 7397 7410 6939
f 7408 7397 6940
f 8451 8452 8474
f 8412 8434 8473
f 7668 7738 7736
f 7699 7715 7746
f 7711 7733 7804
f 7726 7743 7732
f 7726 7725 7743
f 7725 7799 7751
f 6652 6644 6680
f 6936 6941 7398
f 7803 7709 7737
f 8653 8421 8656
f 8466 8451 8474
f 8452 8460 8475
f 8475 8460 8476
f 8450 8477 8448
f 8384 8368 8654
f 7801 7759 7802
f 7720 7802 7734
f 7739 7740 7741
f 7741 7742 7730
f 7740 7739 7731
f 7408 6937 6938
f 8466 8478 8656
f 7743 7733 7732
f 8450 8473 8477
f 7730 7742 7735
f 7743 7725 7751
f 8428 8453 8479
f 8415 8438 8480
f 8462 8660 8468
f 8652 8472 8456
f 7715 7804 7744
f 7740 7755 7741
f 7741 7755 7742
f 8431 8429 8481
f 8462 8491 8492
f 7740 7731 7734
f 7377 7382 6742
f 8428 8479 8424
f 7709 7745 7737
f 7737 7704 7794
f 7715 7744 7746
f 7804 7747 7744
f 7804 7733 7748
f 7740 7734 7755
f 7713 6954 7752
f 6645 7377 6742
f 8656 8478 8503
f 7804 7748 7747
f 7397 6939 6940
f 8448 8477 8581
f 7734 7802 7749
f 7734 7749 7755
f 7733 7743 7757
f 7733 7757 7748
f 7743 7751 7757
f 7751 7750 7757
f 7751 7752 7750
f 6941 6655 7398
f 6652 6680 7389
f 7752 7756 7750
f 7410 7372 6939
f 6653 6970 7413
f 7360 7369 6642
f 6640 6641 6650
f 7802 7753 7749
f 8464 8431 8598
f 8452 8482 8474
f 8452 8475 8482
f 8473 8483 8484
f 8473 8434 8483
f 8364 7908 8485
f 8485 8486 8652
f 7802 7761 7753
f 7395 6654 7414
f 8476 8448 8581
f 6645 6742 6822
f 8652 8487 8472
f 8368 8471 8496
f 7742 7754 7735
f 8429 7812 8481
f 8453 8488 8479
f 8467 8441 8489
f 7802 7759 7761
f 7755 7749 7754
f 7755 7754 7742
f 6680 6644 6643
f 6941 6936 6655
f 8472 8487 8470
f 8655 7917 5496
f 7402 6942 7406
f 8490 8441 8655
f 7391 7031 7220
f 7748 7757 7747
f 8464 8598 8491
f 8656 8503 8658
f 8491 8497 8492
f 8462 8492 8517
f 8476 8581 8583
f 8473 8484 8477
f 7737 7776 7704
f 8441 8490 8489
f 7750 7756 7757
f 7749 7753 7754
f 8653 7812 8429
f 7414 7383 7364
f 7375 7383 6653
f 8652 8486 8487
f 8503 8478 8493
f 8494 8656 8658
f 8658 8503 8510
f 8477 8484 8581
f 8368 8495 8654
f 8438 8470 8605
f 8462 8540 8660
f 8493 8478 8512
f 8493 8512 8504
f 8496 8471 8657
f 8467 8657 8471
f 8497 8517 8492
f 8497 8491 8500
f 7746 7744 7747
f 8438 8605 8480
f 8466 8474 8498
f 8368 8496 8495
f 7756 7752 6948
f 7752 6954 6948
f 7398 6655 6656
f 8497 8500 8499
f 8500 8491 8501
f 8500 8501 8508
f 8493 8504 8503
f 8497 8502 8517
f 8497 8499 8502
f 7756 6948 7757
f 8500 8508 8499
f 7757 6948 7747
f 7754 7758 7735
f 6649 6661 6636
f 8467 8489 8657
f 8503 8504 8510
f 8495 8496 8505
f 8478 8466 8530
f 8499 8506 8507
f 8015 8654 8495
f 8415 8545 8534
f 7746 7747 7805
f 7753 7761 7754
f 8508 8501 8509
f 8510 8504 8521
f 8512 8478 8532
f 8491 8511 8501
f 8654 8015 8434
f 7403 7220 7223
f 8485 7908 8486
f 8491 8598 8511
f 8508 8506 8499
f 8504 8512 8532
f 8530 8466 8513
f 8462 8517 8540
f 7403 7391 7220
f 8510 8521 8658
f 8508 8509 8506
f 7746 7805 7774
f 8478 8530 8532
f 8486 8514 8487
f 8364 8424 7908
f 8653 8656 8569
f 8501 8511 8509
f 8466 8498 8513
f 8475 8476 8527
f 8490 8537 8489
f 8415 8480 8545
f 7759 7760 7761
f 7394 6938 6943
f 8489 8519 8657
f 7807 7917 7694
f 7420 6650 6651
f 8486 7908 8514
f 8489 8632 8519
f 7759 7762 7760
f 8509 8515 8506
f 8521 8504 8523
f 8499 8507 8536
f 8502 8499 8536
f 8502 8516 8517
f 7735 7758 7763
f 7381 7379 6641
f 7774 7805 6985
f 8495 8505 8518
f 8511 8598 8538
f 7735 7763 7402
f 8495 8518 8566
f 8496 8657 8505
f 8470 8487 7809
f 8514 7908 8525
f 8487 8514 7809
f 8509 8511 8538
f 8509 8538 8515
f 8507 8506 8528
f 8517 8516 8540
f 7745 7709 7808
f 7761 7758 7754
f 7409 7406 6944
f 6985 7805 7764
f 7761 7760 7765
f 8519 8505 8657
f 8495 8566 8015
f 8470 7809 8605
f 8605 8520 8480
f 6948 7806 7747
f 8658 8521 8522
f 8521 8523 8522
f 8502 8536 8516
f 8468 8660 8524
f 8468 8524 8469
f 8525 7907 8514
f 7761 7765 7758
f 7402 7763 6942
f 8481 8526 8431
f 8482 8475 8527
f 7805 7766 7764
f 8537 8490 8554
f 8506 8515 8528
f 8015 8566 8619
f 8566 8518 8529
f 7762 6971 7767
f 7762 7767 7760
f 8569 8656 8494
f 8494 8658 8659
f 8504 8532 8548
f 8504 8548 8523
f 8507 8528 8536
f 8530 8531 8532
f 8530 8513 8531
f 8482 8527 8577
f 8527 8476 8583
f 8453 8465 8488
f 8505 8519 8518
f 8489 8537 8533
f 8545 8547 8534
f 8534 8547 8535
f 7805 7747 7806
f 8532 8531 8548
f 7406 6942 6944
f 7389 6680 6776
f 6642 6643 7374
f 8655 8554 8490
f 8536 8541 8516
f 8537 8551 8533
f 8515 8538 8528
f 8536 8528 8541
f 8516 8541 8540
f 7805 7806 7766
f 8514 7907 8249
f 8514 8249 7809
f 7987 5617 6945
f 7409 6944 6946
f 6985 7764 7768
f 8549 8541 8528
f 8528 8538 8549
f 8551 8537 8539
f 8540 8541 8542
f 8522 8523 8543
f 8547 8544 8562
f 8545 8546 8547
f 8525 7908 7907
f 7767 6971 7770
f 8658 8522 8659
f 8474 8482 8577
f 8619 8566 8617
f 7758 7765 6947
f 7758 6947 7763
f 8547 8546 8544
f 7394 6943 7031
f 8541 8549 8542
f 7403 7223 6936
f 8547 8562 8535
f 8523 8548 8543
f 8548 8531 8550
f 7745 7808 7737
f 6661 6663 6636
f 7770 7769 7767
f 8538 8540 8549
f 8533 8575 8489
f 8551 8539 8553
f 8542 8549 8540
f 8551 8553 8560
f 8548 8550 8543
f 8551 8575 8533
f 8544 8631 8555
f 8539 8552 8553
f 8526 8598 8431
f 8531 8513 8550
f 8545 8480 8563
f 8545 8563 8546
f 8539 8537 8554
f 6985 7768 6960
f 6971 7769 7770
f 7806 6948 6949
f 8555 8556 8544
f 8560 8557 8551
f 7806 6951 7766
f 8546 8631 8544
f 8560 8553 8559
f 8560 8559 8568
f 8543 8550 8522
f 7765 7760 7771
f 8556 8555 8571
f 8551 8557 8575
f 8479 8558 8424
f 7408 6950 6937
f 7408 6940 6950
f 8535 8573 8534
f 8559 8553 8552
f 8540 8538 7856
f 8488 8558 8479
f 8560 8568 8561
f 8560 8561 8557
f 7736 5508 7702
f 7806 6949 6951
f 8544 8556 8562
f 8539 8554 8552
f 7764 7766 7768
f 7760 7767 7771
f 8483 8434 8015
f 7767 7769 7771
f 7709 7800 7808
f 7768 7766 7772
f 8546 8563 8631
f 8535 8562 8573
f 8562 8556 8574
f 8564 8474 8577
f 8555 8631 8565
f 8555 8565 8571
f 8522 8550 8659
f 8566 8529 8618
f 8566 8618 8617
f 8559 8552 8567
f 8559 8567 8568
f 7763 6947 6953
f 7398 6656 7405
f 7768 7772 6956
f 6960 7768 7773
f 7768 6956 7773
f 8653 8569 7812
f 7766 6951 7772
f 7765 7771 6947
f 8481 7812 8526
f 8494 8570 8569
f 8529 8518 8618
f 8480 7871 8563
f 8571 8565 8572
f 8571 8572 8556
f 8562 8574 8573
f 8574 8556 8572
f 7772 6951 6949
f 6947 7771 6952
f 8540 8661 8660
f 6947 6952 6953
f 8575 8557 8576
f 8494 8659 8570
f 8538 8598 7856
f 8513 8498 8550
f 8527 8583 8577
f 8587 8582 8581
f 8557 8561 8576
f 8568 8594 8561
f 8568 8567 8594
f 7223 6925 6936
f 6641 7379 6660
f 6936 6925 6655
f 7773 6956 6960
f 8424 8578 7908
f 7414 6657 7383
f 6954 7411 6955
f 6641 6658 6650
f 8540 7856 8661
f 7771 7769 6957
f 7812 7826 8526
f 8498 8474 8579
f 8524 8580 8469
f 8469 8593 8465
f 8581 8582 8583
f 6956 7772 6968
f 6646 6719 7379
f 7777 7746 5549
f 6954 7217 6948
f 7772 6949 6969
f 6648 6659 7369
f 8488 8585 8558
f 7812 8584 7810
f 8526 7826 8591
f 7812 8569 8584
f 8526 8591 8598
f 8488 8465 8585
f 6651 6743 7382
f 8484 8586 8581
f 7771 6957 6958
f 6952 7771 6958
f 6952 6958 6977
f 8524 8660 8580
f 6959 7006 7412
f 6969 6962 7772
f 8581 8586 8587
f 8582 8588 8583
f 8569 8589 8584
f 8569 8570 8589
f 6960 6956 6961
f 6956 6968 6961
f 7409 6946 6959
f 8465 8590 8585
f 6962 6969 6963
f 8575 8576 7874
f 8591 7826 8596
f 8570 8659 7821
f 8424 8558 8578
f 6985 6960 6967
f 6958 7215 6977
f 8558 8585 8595
f 7810 8584 8592
f 8582 8586 8588
f 8584 8589 8592
f 8582 8587 8586
f 8570 7821 8589
f 8469 8580 8593
f 8564 8577 8583
f 8561 8594 8576
f 6960 6961 6968
f 7772 6983 6968
f 7772 6962 6964
f 6958 6965 7215
f 6952 6977 6953
f 8578 8558 8595
f 6962 6966 6964
f 7774 7775 7746
f 6967 6960 6968
f 7737 7808 7776
f 6962 6963 6966
f 6969 6949 6963
f 7810 7811 7812
f 7810 8592 7811
f 6958 6957 6965
f 8590 8600 8585
f 8592 8589 7821
f 8585 8621 8595
f 8588 8586 8614
f 7413 6970 6667
f 8585 8600 8609
f 8591 8596 8602
f 7812 7813 7826
f 8484 8483 7848
f 7769 6971 7025
f 6957 6972 6965
f 7772 6964 6979
f 6965 6972 6973
f 6974 6966 6975
f 7215 6976 6977
f 6953 6977 6976
f 8596 7826 8597
f 6966 6974 6964
f 8592 7821 8607
f 7212 6980 6978
f 8591 8603 8598
f 8631 8599 8565
f 6742 7382 6743
f 8600 8601 8609
f 8598 8603 7815
f 8588 8614 7834
f 8591 8602 8603
f 6964 7212 6979
f 7769 7025 6957
f 6968 6983 6982
f 7215 6978 6980
f 8596 8597 7819
f 8598 7815 7856
f 8595 8621 7844
f 8590 8604 8600
f 7811 8592 7814
f 8592 8607 7814
f 8605 7809 8248
f 6953 6976 7214
f 6953 7214 7763
f 8596 7819 8602
f 8585 8609 8621
f 8601 8610 8609
f 8607 8608 7814
f 6949 6948 7217
f 7800 6945 5586
f 7856 7815 7841
f 8603 8602 7832
f 6966 6981 6975
f 8614 7867 7835
f 6979 6988 7772
f 8603 7832 7815
f 7814 8608 7816
f 7814 7816 7818
f 8465 8606 8590
f 8588 7834 8583
f 8601 8611 8610
f 6957 7025 7213
f 6983 7772 6988
f 6940 6939 6950
f 8607 7821 8608
f 6959 6946 7020
f 8015 7848 8483
f 7807 5509 7917
f 8484 7848 8586
f 6973 6972 7213
f 8465 8593 8606
f 8614 8586 7867
f 6949 7217 6981
f 8564 8583 8241
f 8576 8594 7874
f 6967 6968 6984
f 6968 6982 6984
f 6957 7213 6972
f 8609 8610 8611
f 8600 8604 8601
f 7834 8614 8612
f 8564 8613 8474
f 6980 7211 6981
f 8614 8616 8612
f 7816 7817 7818
f 8613 8564 8241
f 8565 8599 8572
f 8573 8615 8534
f 6945 5617 5586
f 7215 6980 6981
f 8595 7844 8578
f 7814 7818 7829
f 8616 8614 7835
f 6743 6651 6668
f 6982 6983 6984
f 8602 7819 7832
f 7811 7814 7829
f 7815 7832 7820
f 8660 8661 8580
f 8474 8613 8579
f 8590 8606 8604
f 8617 8618 8619
f 6985 6967 7023
f 6966 6963 6981
f 8586 7848 7867
f 8608 8659 7816
f 7818 7823 7829
f 8608 7821 8659
f 6967 6984 6991
f 6983 6988 6989
f 7213 7025 6986
f 7212 6987 6988
f 6963 6949 6981
f 8611 8601 8620
f 8550 8498 8579
f 7774 6985 7775
f 7807 7702 5509
f 6988 7003 6989
f 8611 8620 8609
f 7835 8612 8616
f 7006 7005 7412
f 7212 7213 6986
f 6943 6938 6937
f 6658 6641 6660
f 8621 8609 8620
f 7379 6719 6660
f 6975 6981 7211
f 7812 7811 7813
f 7811 7829 7822
f 7818 7817 7823
f 7817 7816 7824
f 8661 8622 8580
f 6987 7212 7003
f 6988 6987 7003
f 6642 7369 6659
f 7820 7832 7831
f 8573 8574 7883
f 7405 6656 6661
f 7212 7029 6990
f 6983 6991 6984
f 6983 6989 6991
f 7819 8597 7825
f 8241 8583 7834
f 7212 6992 6993
f 7212 6993 7003
f 6959 7020 7006
f 8597 7826 7827
f 8550 8579 8659
f 8552 8554 8624
f 8597 7827 7825
f 8659 7828 7816
f 6967 6991 7054
f 6992 6990 7029
f 6658 6662 6650
f 6650 6662 6651
f 7702 5508 5509
f 6654 6645 6822
f 6993 6992 7003
f 6994 6999 7012
f 6995 6996 6999
f 8620 8601 8604
f 7829 7830 7822
f 7832 7819 7838
f 7838 7831 7832
f 7856 7841 7833
f 8241 7834 8242
f 6986 7025 6997
f 6986 6997 7029
f 7215 7216 6976
f 6651 6662 6668
f 6999 7010 7012
f 6999 6998 7010
f 6999 7030 6998
f 6995 7007 6996
f 6999 6996 7000
f 7007 6995 7002
f 8615 8573 8627
f 6998 7001 7010
f 6996 7034 7000
f 6999 7002 6995
f 6989 7003 7004
f 7005 7006 6994
f 7020 7008 7006
f 6996 7007 7034
f 6989 7004 6991
f 8580 8622 8593
f 8612 7835 7836
f 8619 8618 7837
f 8572 8599 8623
f 6967 7054 7023
f 6992 7029 7018
f 6998 7053 7001
f 6999 7000 7030
f 6663 6664 6636
f 7007 7002 7008
f 7007 7008 7009
f 7020 7027 7008
f 7012 7005 6994
f 7006 7008 7002
f 7007 7009 7034
f 7009 7008 7027
f 7010 7001 7013
f 7010 7011 7012
f 7010 7013 7011
f 7830 7829 7853
f 6994 7006 6999
f 6999 7006 7002
f 7987 8534 8615
f 7004 7003 7015
f 6991 7004 7015
f 6997 7025 7016
f 7003 7014 7015
f 6997 7016 7029
f 6992 7018 7003
f 7003 7018 7014
f 7029 7028 7018
f 7017 7018 7019
f 7009 7020 7021
f 7018 7022 7015
f 7022 7018 7017
f 7022 7017 7015
f 7825 7838 7819
f 7853 7829 7823
f 7841 7842 7833
f 8620 7851 8621
f 7874 8594 7869
f 7023 7054 7024
f 6998 7030 7053
f 7031 7000 7220
f 6950 6939 6665
f 6970 6666 6667
f 6662 6658 6670
f 7831 7838 7820
f 6991 7015 7054
f 7019 7025 7026
f 7009 7027 7020
f 7012 7011 7005
f 7019 7016 7025
f 7014 7018 7015
f 7019 7018 7028
f 6658 6660 6670
f 7019 7029 7016
f 7030 7000 7031
f 7029 7019 7028
f 7030 6943 7053
f 7030 7031 6943
f 7834 8612 7836
f 7776 7808 7704
f 7025 6971 7032
f 7019 7073 7017
f 7019 7026 7073
f 7215 6981 7216
f 6981 7217 7222
f 6954 6955 7217
f 7009 7021 7033
f 7009 7033 7034
f 7034 7036 7000
f 7053 6943 7035
f 6636 6664 6648
f 7000 7036 7220
f 7809 8249 8248
f 7026 7025 7221
f 6662 6660 6668
f 7822 7839 7811
f 7822 7860 7839
f 7822 7830 7860
f 6970 6653 6669
f 7830 7853 7860
f 8594 8567 7869
f 7738 7777 7736
f 7026 7221 7073
f 8579 8613 7840
f 6662 6670 6660
f 8567 8552 8624
f 7219 7038 7037
f 6943 6937 7035
f 7811 7839 7846
f 7840 8613 7858
f 6985 7023 7775
f 7015 7017 7066
f 7763 7214 7108
f 7034 7100 7036
f 7037 7038 7061
f 7841 7815 7842
f 7038 7039 7061
f 8575 7874 7875
f 6942 7763 7108
f 7038 7219 7049
f 7038 7062 7039
f 8613 8241 7843
f 7037 7218 7219
f 8578 7844 7845
f 7762 7759 6971
f 7025 7040 7221
f 7218 7048 7041
f 7218 7047 7048
f 7037 7061 7218
f 7218 7041 7219
f 8655 8625 8554
f 7038 7042 7062
f 7038 7049 7042
f 8593 7859 8606
f 7017 7073 7076
f 7073 7221 7074
f 7054 7015 7043
f 7219 7041 7044
f 7036 7045 7220
f 7054 7046 7024
f 7047 7065 7048
f 7218 7067 7047
f 7221 7040 7049
f 6655 6925 6656
f 7221 7049 7074
f 7383 6657 6653
f 7218 7061 7050
f 7054 7083 7046
f 7813 7811 7846
f 8572 8623 8626
f 7043 7015 7051
f 7015 7066 7051
f 7053 7052 7001
f 7053 7035 7052
f 7005 7011 7094
f 6660 6743 6668
f 7041 7051 7057
f 7054 7043 7083
f 7218 7050 7067
f 7047 7068 7065
f 7061 7039 7055
f 7372 6675 6939
f 7219 7044 7049
f 7041 7057 7056
f 7820 7838 7847
f 7057 7051 7066
f 7062 7058 7039
f 7039 7058 7055
f 8015 8016 7848
f 7062 7042 7059
f 7041 7083 7051
f 7046 7063 7024
f 7838 7825 7849
f 7017 7076 7066
f 7049 7040 7060
f 7034 7033 7100
f 6666 6970 6669
f 6643 6642 6679
f 7047 7067 7068
f 7057 7066 7056
f 7859 7850 8606
f 7041 7048 7083
f 7061 7055 7058
f 7061 7058 7050
f 6976 7216 7071
f 7041 7056 7044
f 7216 7050 7058
f 7067 7050 7216
f 7062 7071 7058
f 8620 8604 7851
f 7825 7827 7849
f 7853 7823 7854
f 7838 7857 7847
f 7023 7024 7063
f 7076 7064 7066
f 7048 7065 7083
f 7065 7085 7083
f 7042 7049 7059
f 7065 7068 7085
f 6976 7071 7072
f 6976 7072 7214
f 6648 6664 6659
f 7066 7064 7056
f 7067 7216 6981
f 7067 6981 7068
f 7216 7058 7071
f 7856 7852 8661
f 7049 7044 7069
f 7883 8627 8573
f 7071 7062 7059
f 7083 7043 7051
f 6981 7085 7068
f 7853 7854 7860
f 6981 7078 7085
f 7083 7070 7046
f 7052 7011 7001
f 7071 7059 7072
f 7820 7847 7815
f 7823 7817 7854
f 7817 7824 7855
f 7824 7816 7855
f 7833 7842 7856
f 8575 7875 8489
f 7073 7074 7075
f 7073 7075 7076
f 7083 7085 7077
f 7036 7100 7045
f 6663 6688 6664
f 6642 6659 6671
f 7032 6971 7759
f 7078 6981 7079
f 7056 7064 7044
f 7059 7123 7072
f 7078 7079 7088
f 7069 7044 7075
f 7412 7005 7411
f 7049 7069 7074
f 7059 7080 7123
f 7075 7074 7069
f 7079 7222 7088
f 7862 7826 7813
f 7076 7075 7044
f 7076 7044 7064
f 7059 7049 7081
f 7059 7081 7105
f 8622 7852 8593
f 8622 8661 7852
f 7838 7849 7857
f 7860 7854 7863
f 7817 7855 7854
f 8613 7843 7858
f 7843 8241 7858
f 8572 8626 8629
f 7043 7051 7082
f 7049 7060 7081
f 7083 7077 7070
f 7079 6981 7222
f 7223 7220 6677
f 6667 6666 6672
f 6653 6673 6669
f 7411 7005 7132
f 7046 7092 7063
f 7070 7092 7046
f 8593 7852 7859
f 8489 7875 7925
f 7874 7869 8628
f 8626 8623 8629
f 7869 8567 8243
f 7060 7040 7081
f 7085 7091 7077
f 7078 7084 7085
f 7013 7001 7011
f 7100 7086 7045
f 7220 7045 6677
f 6937 6950 7087
f 6653 6657 6673
f 7414 6681 6657
f 7088 7089 7078
f 7078 7089 7084
f 7059 7124 7080
f 7123 7080 7090
f 7860 7863 7839
f 8606 7861 8604
f 7834 7836 8245
f 7040 7025 7096
f 7040 7096 7081
f 6664 6688 6674
f 7091 7085 7084
f 8574 8572 8629
f 6937 7087 7035
f 7826 7862 7827
f 7856 7842 7886
f 7859 7865 7850
f 7070 7077 7092
f 7088 7222 7093
f 7005 7094 7132
f 7011 7052 7095
f 7080 7124 7090
f 7045 7086 7101
f 7863 7854 7839
f 7081 7096 7105
f 7847 7857 7864
f 7859 7852 7865
f 8606 7850 7861
f 8623 8599 8629
f 6955 7411 7132
f 6672 6666 6669
f 6939 6675 6741
f 6688 6663 6661
f 7072 7108 7214
f 6659 6664 6674
f 7848 8016 7892
f 8631 8630 8599
f 7865 7866 7850
f 8631 8563 7871
f 7867 7848 7947
f 6671 6659 6674
f 7816 7828 7855
f 8605 8248 8520
f 7849 7827 7868
f 7849 7864 7857
f 8242 7834 8245
f 7874 8628 7870
f 8628 7869 7870
f 7090 7124 7123
f 7088 7093 7089
f 6946 6944 7116
f 7020 6946 7097
f 7372 6667 6675
f 6667 6672 6675
f 6656 6925 6694
f 7815 7847 7842
f 8631 7871 8630
f 7105 7098 7059
f 7084 7089 7099
f 7089 7093 7099
f 7086 7100 7101
f 7045 7101 6677
f 6665 6676 6950
f 6950 6676 7087
f 7827 7862 7868
f 7864 7872 7847
f 7842 7847 7886
f 7873 7851 8604
f 7874 7870 7882
f 8574 8629 7883
f 7092 7077 7102
f 7077 7091 7102
f 7072 7123 7108
f 7100 7033 7101
f 7052 7035 7095
f 6677 7111 7223
f 8629 8599 7913
f 6925 7223 6694
f 7874 7882 7875
f 8632 8489 7924
f 7861 7873 8604
f 8629 7913 7915
f 7092 7102 7063
f 7217 6955 7104
f 6944 6942 7116
f 7108 7127 6942
f 7856 7876 7852
f 6694 7223 6678
f 7865 7877 7866
f 8629 7915 7883
f 7222 7103 7093
f 7222 7217 7103
f 6955 7132 7104
f 7011 7095 7145
f 6643 6679 6680
f 7865 7852 7877
f 8579 7878 8659
f 7102 7091 7224
f 6675 6672 6926
f 6657 6681 6673
f 7864 7849 7872
f 7840 7858 7879
f 7836 7835 7880
f 7096 7025 7105
f 7123 7106 7108
f 6669 6682 6672
f 6680 6679 6689
f 7217 7104 7103
f 6656 6683 6661
f 6674 6688 6684
f 6942 7107 7116
f 7862 7813 7881
f 7886 7847 7890
f 7878 8579 7840
f 7879 7858 8241
f 7882 7870 7869
f 7123 7126 7106
f 7108 7106 7127
f 7101 7033 6721
f 7035 7087 7109
f 7110 7111 6677
f 7883 7884 8627
f 8599 8630 7918
f 7059 7112 7124
f 6678 7223 6685
f 8480 8247 7871
f 7846 7839 7885
f 7856 7886 7876
f 7091 7084 7224
f 7110 6677 7101
f 7087 6676 7113
f 7414 6654 6686
f 8655 5496 5495
f 7759 7704 5814
f 8624 8554 8625
f 7872 7893 7847
f 8241 8242 8244
f 8242 8245 8244
f 7033 6777 6721
f 7035 7109 7095
f 6661 6687 6688
f 6669 6673 6682
f 6680 6689 6776
f 6642 6671 6718
f 8655 5495 8625
f 7846 7887 7813
f 7103 7114 7093
f 6681 6690 6673
f 7885 7839 7910
f 7839 7888 7910
f 7888 7839 7854
f 7866 7877 7897
f 7921 7851 7873
f 8627 7884 8615
f 7063 7102 7225
f 7025 7098 7105
f 7103 7104 7115
f 6946 7116 7097
f 7087 6700 7109
f 7087 7113 6700
f 7020 7097 7021
f 7124 7112 7117
f 6642 6718 6691
f 8567 8624 8243
f 7011 7118 7094
f 7813 7887 7889
f 7876 7886 7890
f 7888 7854 7891
f 7093 7114 7119
f 7844 8113 7845
f 7746 7775 7120
f 7127 7107 6942
f 7104 7132 7134
f 6672 6692 6926
f 7849 7868 7895
f 6686 6681 7414
f 7848 7892 7947
f 6939 6741 6665
f 7881 7813 7889
f 7847 7893 7890
f 7851 7894 8621
f 7059 7098 7112
f 7224 7084 7121
f 7099 7093 7122
f 7123 7124 7125
f 7123 7125 7126
f 7122 7093 7119
f 7103 7115 7114
f 7110 6693 7111
f 6678 6685 6694
f 6688 6687 6684
f 6679 6642 6691
f 6672 6682 6692
f 7389 6776 6646
f 7084 7099 7121
f 7862 7895 7868
f 7846 7885 7887
f 7872 7849 7896
f 7023 7063 7225
f 7011 7145 7118
f 6656 6694 6695
f 7127 7106 7226
f 7095 7128 7145
f 7893 7872 7896
f 7910 7888 7903
f 7854 7855 7909
f 7866 7897 7850
f 8599 7918 7913
f 7126 7129 7106
f 6694 6685 6695
f 6671 6674 6696
f 6682 6673 6690
f 6660 6719 6743
f 7877 7852 7898
f 7877 7898 7897
f 7107 7130 7116
f 7862 7881 7899
f 7895 7900 7849
f 8245 7836 8246
f 7851 7921 7894
f 7882 7869 7901
f 7116 7130 7097
f 7101 6721 7110
f 7111 6693 7223
f 7223 6693 6685
f 6685 6693 6744
f 7113 6676 6697
f 6686 6654 6771
f 7107 7127 7226
f 7897 7902 7850
f 7021 6810 7033
f 8659 7878 7828
f 6698 6671 6696
f 7896 7849 7900
f 7903 7888 7891
f 8241 8244 7879
f 7873 8008 7921
f 7882 7901 7964
f 7126 7125 7129
f 7115 7104 7134
f 6777 6732 6721
f 7113 6697 6699
f 6675 6926 6702
f 6671 6698 6718
f 6654 6822 6771
f 7879 7904 7905
f 7097 6810 7021
f 7840 7905 7906
f 7102 7224 7133
f 7114 7115 7131
f 7132 7094 7134
f 6700 6699 6750
f 6700 7113 6699
f 6676 6665 6697
f 7130 7107 7226
f 7879 8244 7904
f 7878 7840 7906
f 7879 7905 7840
f 7907 7908 8249
f 7033 6810 6777
f 7095 7109 7227
f 6700 6750 7109
f 6656 6695 6701
f 6656 6701 6683
f 6822 6787 6771
f 6674 6684 6696
f 7855 7828 7909
f 7903 7891 7910
f 7890 7920 7876
f 7852 7934 7898
f 7897 7898 7902
f 7850 7911 7861
f 7869 8243 7901
f 7225 7102 7133
f 7134 7094 7135
f 7128 7095 7227
f 6675 6702 6741
f 7896 7900 7912
f 7896 7912 7893
f 7118 7135 7094
f 6703 6696 6684
f 6697 6704 6699
f 6701 6695 6746
f 8244 8245 7938
f 8245 8246 7938
f 7913 7914 7915
f 7106 7136 7226
f 7114 7131 7137
f 6682 6690 6681
f 7893 7912 7916
f 7917 5509 5496
f 8243 8624 7936
f 7914 7913 7918
f 7114 7144 7119
f 7885 7910 7919
f 7109 6750 7227
f 6685 6705 6695
f 7850 7902 7911
f 7873 7861 8008
f 7908 8578 8249
f 7120 7775 7023
f 7128 7138 7145
f 6661 6706 6687
f 6687 6707 6684
f 6687 6706 6707
f 6710 6708 6709
f 6710 6709 6713
f 6786 6711 6728
f 6708 6727 6726
f 6708 6726 6709
f 6728 6785 6786
f 6711 6786 6710
f 6711 6720 6712
f 6728 6711 6712
f 7906 7905 7933
f 6710 6713 6714
f 6710 6714 6711
f 6708 6710 6727
f 7893 7920 7890
f 6693 6715 6744
f 6697 6665 6734
f 6692 6716 6926
f 6684 6707 6703
f 6698 6717 6718
f 6926 6755 6702
f 6719 6712 6720
f 7921 8008 7922
f 7130 7226 7152
f 7097 7130 7228
f 7110 6721 6722
f 6685 6744 6705
f 6741 6702 6723
f 6661 6749 6706
f 6682 6681 6724
f 6718 6717 6691
f 6719 6730 6712
f 6719 6720 6743
f 6692 6682 6716
f 6711 6714 6720
f 6698 6696 6717
f 6706 6725 6707
f 6726 6727 6709
f 6696 6738 6717
f 7110 6715 6693
f 6695 6705 6746
f 6697 6734 6704
f 6755 6926 6716
f 7861 7911 8008
f 8246 7836 7880
f 7915 7914 7883
f 7128 7227 7139
f 6721 6732 6722
f 6683 6749 6661
f 6713 6743 6720
f 6713 6720 6714
f 6699 6704 6750
f 7137 7144 7114
f 7110 6722 6715
f 6728 6731 6785
f 6702 6755 6723
f 6713 6709 6743
f 6682 6724 6716
f 6703 6729 6696
f 6707 6729 6703
f 8624 8625 7923
f 7134 7135 7140
f 6728 6730 6731
f 7931 7887 7885
f 7891 7854 8251
f 7898 7950 7902
f 7025 7141 7098
f 7131 7115 7142
f 7115 7134 7142
f 7130 7152 7228
f 6732 6777 6733
f 6734 6665 6741
f 6728 6712 6730
f 6731 6758 6785
f 6681 6686 6762
f 6734 6735 6704
f 7924 8489 7925
f 6681 6762 6736
f 6723 6755 6737
f 6696 6729 6738
f 6717 6738 6739
f 6717 6739 6691
f 6679 6740 6689
f 7909 7828 7926
f 7919 7910 8251
f 7910 7891 8251
f 7964 7901 7927
f 7137 7131 7142
f 7138 7128 7139
f 7139 7227 7138
f 6741 6723 6752
f 6719 6761 6730
f 6742 6743 6782
f 6743 6709 6782
f 6709 6727 6784
f 6744 6745 6766
f 6705 6744 6766
f 7227 6750 7143
f 6691 6739 6740
f 6701 6746 6747
f 6709 6753 6782
f 7895 7862 7928
f 6716 6724 6748
f 6706 6749 6725
f 8519 8632 8052
f 6704 6778 6750
f 6679 6691 6740
f 8621 8109 7844
f 6722 6732 6751
f 6723 6737 6752
f 6701 6747 6683
f 6810 7097 7228
f 7912 7900 7954
f 6746 6705 6747
f 7854 7929 8251
f 7854 7909 7929
f 7876 7920 7930
f 7934 7950 7898
f 7122 7119 7144
f 6733 6751 6732
f 6719 6646 6761
f 6709 6784 6753
f 6727 6710 6754
f 6715 6722 6751
f 8518 8633 8618
f 6737 6755 6793
f 6744 6715 6756
f 6755 6716 6793
f 7227 7143 7145
f 6707 6725 6729
f 6750 6780 7143
f 6771 6770 6686
f 6681 6736 6724
f 6686 6770 6762
f 6725 6749 6757
f 6737 6793 6752
f 6716 6748 6793
f 6744 6756 6745
f 6704 6735 6778
f 6705 6766 6747
f 6731 6760 6758
f 6729 6759 6738
f 6734 6741 6735
f 6758 6760 6785
f 6715 6751 6756
f 6748 6790 6793
f 6738 6759 6739
f 6689 6740 6768
f 7881 7889 8250
f 7889 7887 7931
f 7895 7928 7900
f 7893 7916 7932
f 7905 7904 7933
f 7901 8243 7936
f 7138 7227 7145
f 6730 6761 6731
f 7912 7954 7916
f 6740 6739 6775
f 6740 6775 6768
f 6729 6725 6757
f 6762 6770 6763
f 6739 6759 6775
f 6750 6778 6780
f 6759 6729 6757
f 6724 6765 6748
f 6748 6765 6790
f 6762 6763 6736
f 6724 6736 6765
f 6763 6795 6736
f 7143 6780 7145
f 6735 6741 6928
f 6765 6736 6764
f 6749 6683 6757
f 6736 6795 6764
f 6764 6795 6765
f 7950 7934 7935
f 7136 7106 7146
f 6766 6788 6747
f 6735 6928 6778
f 8250 7889 7931
f 7916 7954 7932
f 7893 7932 7920
f 7226 7136 7152
f 7134 7140 7142
f 6751 6733 6756
f 6763 6770 6767
f 6689 6768 6769
f 6770 6771 6767
f 6731 6761 6772
f 6731 6772 6760
f 6710 6773 6754
f 6745 6756 6800
f 7862 7899 7928
f 8520 8247 8480
f 7025 7032 7141
f 7099 7147 7121
f 7147 7099 7122
f 7145 6780 6779
f 6759 6774 6775
f 6689 6769 6776
f 6763 6767 6795
f 7152 7148 7228
f 6745 6800 6802
f 7931 7885 7919
f 7909 7926 7929
f 7922 7945 7921
f 7875 7882 7964
f 7808 5460 7704
f 7106 7129 7146
f 7136 7146 7149
f 6777 6810 6733
f 6778 6779 6780
f 6745 6802 6766
f 6768 6781 6769
f 6771 6787 6767
f 6742 6782 6783
f 6753 6784 6852
f 7933 7904 7949
f 6785 6760 6786
f 6767 6787 6795
f 7901 7936 7927
f 6733 6810 6756
f 6786 6773 6710
f 7154 7144 7137
f 7900 7937 7954
f 7904 8244 7938
f 7904 7938 7939
f 8246 7940 7938
f 7837 8618 7941
f 7023 7225 7150
f 6756 6810 6800
f 6788 6789 6747
f 6793 6790 6817
f 6790 6765 6817
f 6768 6775 6781
f 6772 6861 6760
f 6753 6852 6782
f 6786 6760 6791
f 7142 7154 7137
f 7135 6840 7151
f 7118 6840 7135
f 7906 7933 7942
f 6787 6796 6795
f 7867 8102 7835
f 7919 8251 7943
f 7920 7944 7930
f 7930 7944 7876
f 7921 7945 7894
f 7229 7140 7135
f 6788 6766 6792
f 6741 6752 6805
f 6752 6793 6794
f 6781 6776 6769
f 6795 6796 6797
f 6784 6727 6798
f 7136 7149 7152
f 7152 7149 7148
f 7828 7878 7946
f 6754 6799 6727
f 7867 7947 8102
f 8249 7948 8248
f 7145 6779 6839
f 7952 7944 7920
f 6795 6797 6765
f 7942 7933 7949
f 7950 7935 7951
f 7950 7951 7902
f 7142 7140 7154
f 6800 6801 6802
f 6757 6683 6803
f 6757 6803 6927
f 6757 6927 6804
f 6752 6794 6805
f 7904 7939 7949
f 7920 7932 7952
f 7951 7935 7957
f 7902 7953 7911
f 7118 7145 7153
f 6778 6928 6860
f 6781 6806 6776
f 6742 6783 6822
f 6782 6852 6783
f 7954 7937 7961
f 6786 6791 6773
f 6727 6799 6798
f 8247 8520 8248
f 6683 6747 6807
f 6793 6817 6794
f 7927 7936 7955
f 7936 8624 7955
f 7144 7154 7155
f 6800 6820 6801
f 6761 6646 6857
f 6772 6761 6853
f 7919 7943 7956
f 7935 7934 7957
f 7959 7958 7883
f 7883 7958 7884
f 6773 6791 6808
f 7835 8102 7880
f 7959 7883 7914
f 8630 7960 7918
f 7961 7975 7954
f 7911 7953 8008
f 8246 7880 7962
f 7918 7963 7914
f 7884 7958 8615
f 7155 7154 7140
f 7228 7148 6850
f 6800 6810 6820
f 6802 6801 6766
f 6766 6801 6792
f 6928 6741 6809
f 6757 6804 6759
f 6759 6804 6774
f 6765 6797 6817
f 6646 6824 6834
f 6772 6853 6861
f 7959 7966 7958
f 7963 7918 7960
f 7146 7129 7149
f 7875 7964 7973
f 7955 8624 7965
f 8518 8519 8633
f 8630 7871 7960
f 6683 6807 6803
f 7900 7928 7974
f 7963 7960 7967
f 7704 5460 5814
f 7229 7135 7162
f 7145 6839 7153
f 6788 6792 6789
f 6747 6789 6807
f 6774 6781 6775
f 6857 6646 6834
f 7964 7927 7973
f 6741 6805 6809
f 7149 7129 7156
f 7959 7914 7966
f 7960 7871 7972
f 8578 7845 8249
f 7958 7966 7967
f 7963 7967 7914
f 7955 7965 7927
f 7955 7927 7968
f 8246 7962 7940
f 7966 7914 7967
f 6810 7228 6929
f 7875 7969 7925
f 7965 7973 7927
f 6778 6860 6811
f 7922 8008 7945
f 8250 7931 7970
f 7902 7951 7953
f 7953 7971 8008
f 7149 7159 7148
f 6776 6824 6646
f 7844 8109 8113
f 6778 6812 6779
f 6778 6811 6812
f 6754 6773 6813
f 7124 7117 7125
f 7960 7972 7967
f 7967 7972 7958
f 6808 6791 6814
f 7973 7965 7969
f 7973 7969 7875
f 7141 7158 7098
f 7937 7900 7974
f 6799 6754 6813
f 7961 7937 7975
f 7954 7975 7932
f 7952 7932 7976
f 7926 7828 7946
f 7736 7777 5549
f 7133 7224 7157
f 7098 7158 7112
f 6815 6816 6830
f 6794 6817 6818
f 6850 7148 6848
f 7958 7972 7977
f 7958 7977 8615
f 7159 7149 7156
f 6927 6803 6819
f 7925 7985 7924
f 7931 7919 7970
f 7928 7978 7974
f 7942 7949 7980
f 6810 6929 6820
f 6928 6809 6821
f 6787 6822 6796
f 6773 6808 6813
f 6776 6823 6824
f 6776 6806 6823
f 7894 7979 8621
f 7942 7980 7906
f 7965 7984 7969
f 7972 7871 7977
f 6774 6825 6781
f 7928 7899 7978
f 7937 7981 7975
f 7956 7943 7995
f 7932 7975 7986
f 7952 7982 7944
f 7946 7878 7983
f 8004 7906 7980
f 7965 8624 7984
f 8624 7923 7984
f 7120 7023 7150
f 7225 7133 7160
f 7155 7140 7229
f 7228 6850 6929
f 6817 6826 6818
f 6761 6827 6853
f 7925 7969 7985
f 8251 7996 7943
f 7919 7956 7970
f 6809 6805 6828
f 6791 6760 6814
f 6798 6886 6784
f 6774 6829 6825
f 7129 6880 7156
f 6774 6804 6829
f 7133 7157 7160
f 6820 6929 6830
f 6813 5156 6799
f 7975 7981 7986
f 7944 7982 7876
f 7876 7982 7852
f 7878 7906 7983
f 7949 7939 8000
f 7939 7938 7940
f 7225 7160 7161
f 7148 7159 6848
f 7162 7135 7151
f 6821 6809 6828
f 6761 6857 6827
f 6760 5169 6814
f 6784 6885 6852
f 7129 7169 6880
f 8615 8257 7987
f 8249 8071 7948
f 6799 6831 6798
f 7969 7984 7985
f 6808 6814 6832
f 6813 6808 5156
f 6817 6797 6796
f 7943 7996 7995
f 7852 7982 7934
f 7934 7992 7957
f 8004 7980 7999
f 7957 8002 7951
f 7980 7949 7999
f 7945 7979 7894
f 7225 7161 7150
f 7118 7153 6833
f 6927 6829 6804
f 6798 6831 6886
f 6808 6832 5156
f 7949 8000 7999
f 7945 7988 7979
f 7934 7989 7990
f 6817 6796 6826
f 7986 7991 7932
f 7932 7991 7976
f 7929 7926 7946
f 7934 7990 7992
f 7957 7992 8002
f 7945 8008 8051
f 7945 8051 7988
f 7153 6839 6833
f 6807 6819 6803
f 7992 8021 8002
f 7971 7953 7994
f 6824 6823 6834
f 7906 8004 8006
f 6794 6818 6835
f 7951 8002 7993
f 7951 7993 7994
f 7951 7994 7953
f 6830 6929 6836
f 7974 7981 7937
f 7970 7956 8009
f 7956 7995 8009
f 8251 7929 7996
f 7939 7940 7997
f 7962 7880 7998
f 8619 7837 8015
f 6792 6801 6837
f 6860 6928 6821
f 6829 6927 6930
f 6818 6826 6835
f 7999 8000 8004
f 6789 6792 6838
f 7977 7871 8001
f 8002 8021 7993
f 8615 7977 8023
f 8621 7979 8109
f 6794 6835 6805
f 6839 6779 6873
f 7993 8021 8003
f 7982 7989 7934
f 8004 8005 8006
f 8007 8001 7871
f 7157 7224 7163
f 7118 6833 6840
f 6830 6816 6854
f 6830 6854 6820
f 7939 7997 8010
f 7939 8010 8000
f 6781 6825 6841
f 6805 6931 6828
f 8000 8010 8004
f 7121 7163 7224
f 6927 6819 6930
f 7962 7998 7940
f 6826 6932 6835
f 8003 7994 7993
f 8051 8008 8253
f 7995 7996 8009
f 8008 7971 8253
f 7979 7988 8017
f 6820 6854 6842
f 6820 6843 6801
f 6807 6844 6819
f 6805 6835 6931
f 6829 6845 6825
f 7992 7990 8021
f 6781 6841 6806
f 8004 8010 8019
f 6801 6843 6837
f 7906 8006 7983
f 8004 8019 8005
f 8019 8010 8011
f 8019 8020 8005
f 6822 6783 6796
f 7923 8012 7984
f 7881 8032 7899
f 7940 8013 7997
f 6833 6839 6873
f 6811 6860 6846
f 6807 6789 6844
f 6799 5156 6847
f 7998 8013 7940
f 7994 8014 7971
f 6799 6847 6831
f 8015 7837 8016
f 6828 6931 6821
f 7988 8051 8017
f 6930 6819 6844
f 6848 6849 6850
f 7974 8018 7981
f 7981 8018 7986
f 7952 8025 7982
f 8007 8247 8001
f 7147 7122 7164
f 7122 7144 7164
f 8019 8011 8020
f 7984 8012 7985
f 8021 7990 8022
f 8021 8029 8003
f 8021 8022 8029
f 7977 8001 8023
f 6848 7159 6851
f 6825 5162 6841
f 6852 6796 6783
f 6857 6853 6827
f 7971 8014 8039
f 8020 8026 8005
f 7983 8006 8024
f 7978 8130 7974
f 7952 7976 8025
f 8006 8005 8024
f 8026 8020 8011
f 7997 8013 8027
f 7160 7165 7161
f 7165 7160 7157
f 6929 6850 6849
f 6854 6830 6842
f 6846 6855 6811
f 6885 6784 6886
f 8022 7990 8028
f 6930 6845 6829
f 6834 6823 6856
f 8003 8029 8030
f 7162 7151 7229
f 5156 5157 5158
f 8519 8075 8633
f 6848 6851 6849
f 5156 6832 5157
f 6857 6834 6853
f 6821 6931 6858
f 7929 7946 8076
f 6820 6842 6871
f 6843 6820 6871
f 8003 8030 7994
f 7994 8030 8014
f 6929 6849 6836
f 6873 6779 6874
f 6831 6847 6886
f 7159 7156 6859
f 6845 6930 5201
f 6860 6821 6846
f 8010 7997 8252
f 5508 7736 5549
f 7144 7155 7166
f 6821 6858 6846
f 7989 8031 7990
f 6853 6834 6856
f 7990 8031 8028
f 7229 6865 7155
f 7881 8250 8032
f 8250 7970 8033
f 7996 7929 8076
f 8026 8011 8043
f 7998 7880 8102
f 8010 8252 8011
f 7989 7982 8034
f 7989 8034 8031
f 8253 7971 8254
f 6760 6861 5169
f 8005 8026 8024
f 6861 6853 6856
f 7159 6859 6851
f 8011 8252 8043
f 8024 8026 8035
f 8007 7871 8247
f 7991 8036 7976
f 7974 8130 8018
f 8026 8043 8037
f 8014 8038 8039
f 7923 8625 8012
f 7158 7141 7167
f 7144 7166 7164
f 6830 6871 6842
f 6874 6779 6812
f 6837 6843 6877
f 6837 6877 6792
f 6812 6811 6866
f 6806 6862 6823
f 8014 8030 8038
f 7151 6840 7229
f 6796 6852 6895
f 6811 6855 6866
f 6844 6867 6930
f 7983 8024 8057
f 7986 8018 8046
f 7986 8036 7991
f 8039 8254 7971
f 6830 6836 6871
f 6843 6871 6870
f 6852 6885 6895
f 6838 6863 6789
f 6844 6864 6867
f 8028 8031 8022
f 8039 8038 8040
f 8017 8041 7979
f 8519 8052 8075
f 8024 8049 8057
f 8252 8042 8043
f 8039 8044 8254
f 7157 7163 7165
f 7125 7117 7168
f 6840 6833 6873
f 6792 6877 6838
f 7997 8045 8252
f 7229 6840 6865
f 6855 6846 6866
f 6832 6814 5157
f 7986 8046 8036
f 6849 6851 6870
f 8252 8064 8042
f 5156 5158 6847
f 8039 8040 8047
f 8039 8047 8048
f 5201 6930 6867
f 6844 6789 6863
f 8017 8077 8041
f 8049 8024 8035
f 6846 6858 6868
f 8013 8050 8027
f 6870 6851 6869
f 6836 6849 6870
f 8023 8255 8615
f 8037 8043 8042
f 7978 7899 8130
f 8077 8051 8253
f 8051 8077 8017
f 8632 7924 8052
f 6836 6870 6871
f 6874 6812 6872
f 6843 6870 6877
f 6812 6866 6872
f 8047 8040 8112
f 8039 8048 8044
f 6844 6863 6864
f 6846 6868 6866
f 6840 6873 6874
f 8026 8053 8035
f 8023 8001 8255
f 6796 6875 6826
f 7970 8009 8033
f 8009 7996 8054
f 8026 8037 8053
f 7997 8027 8045
f 7941 8618 8633
f 7985 8084 7924
f 7167 7171 7158
f 7125 7169 7129
f 7155 6876 7170
f 7155 7170 6901
f 7156 6934 6859
f 6838 6877 6863
f 5169 6861 6878
f 8252 8045 8064
f 6835 6858 6931
f 8022 8055 8029
f 8048 8254 8044
f 8031 8034 8056
f 8040 8038 8112
f 8022 8031 8055
f 8035 8256 8049
f 6865 6840 6872
f 7983 8057 8058
f 7155 6865 6876
f 8042 8064 8059
f 6840 6874 6872
f 8030 8060 8038
f 8033 8009 8054
f 7899 8061 8130
f 7985 8012 8084
f 7161 7165 7178
f 8029 8066 8030
f 7141 7171 7167
f 7171 7177 7158
f 7158 7177 7112
f 6864 6863 5423
f 6863 6881 5423
f 8013 7998 8050
f 6851 6859 6869
f 8057 8049 8058
f 8064 8045 8062
f 8048 8047 8063
f 6875 6879 6826
f 8048 8063 8254
f 6865 6872 6876
f 8064 8062 8068
f 8042 8059 8037
f 8018 8130 8046
f 7996 8076 8065
f 7121 7147 7172
f 7125 7168 7169
f 6864 5415 6867
f 6856 6878 6861
f 7171 7173 7174
f 7171 7174 7177
f 7155 6901 7166
f 5157 6814 6887
f 8030 8066 8060
f 8045 8027 8062
f 7121 7187 7163
f 7983 8097 7946
f 8249 7845 8258
f 7979 8041 8110
f 8025 7976 8069
f 8025 8067 7982
f 7165 7163 7187
f 7121 7172 7187
f 7168 7117 7175
f 8031 8056 8055
f 6859 6934 6869
f 7156 6880 6934
f 6826 6879 6932
f 8064 8068 8059
f 7117 7112 7175
f 7979 8110 8109
f 8067 8025 8069
f 6806 6841 5162
f 6881 6863 6877
f 8032 8070 7899
f 8046 8079 8036
f 7948 8083 8248
f 7948 8071 8083
f 7141 7032 7171
f 7174 7173 7176
f 7174 7176 7177
f 6934 6880 6882
f 7983 8058 8097
f 6806 5161 6862
f 8037 8059 8072
f 7165 7187 7178
f 6870 6869 6883
f 8077 8073 8041
f 6875 6796 6895
f 6895 6885 5174
f 8052 8074 8075
f 8075 8074 8633
f 8250 8033 8032
f 8065 8076 8097
f 7998 8102 8095
f 8036 8079 8093
f 8077 8253 8254
f 8038 8060 8112
f 7172 7192 7187
f 8049 8256 8081
f 8046 8130 8078
f 8046 8078 8079
f 7982 8067 8080
f 7982 8080 8034
f 7032 7190 7171
f 7186 7178 7187
f 7177 7179 7112
f 7175 7112 7179
f 6870 6883 6877
f 6864 5423 5415
f 6868 6884 6866
f 6885 6886 5174
f 8097 8058 8081
f 8058 8049 8081
f 7164 7193 7147
f 7147 7193 7172
f 8037 8072 8053
f 6806 5162 5161
f 8056 8034 8107
f 8041 8073 8134
f 7169 5440 6880
f 8110 8041 8082
f 7946 8097 8076
f 8071 8249 8083
f 8615 8255 8257
f 7173 7171 7180
f 7171 7190 7180
f 6872 6866 6894
f 6868 5191 6884
f 5169 6887 6814
f 7176 7173 7180
f 8012 8625 8084
f 8034 8080 8107
f 7168 7175 7181
f 8056 8107 8055
f 8081 8256 8085
f 8063 8086 8254
f 7941 8633 8140
f 6934 6888 6869
f 7169 7168 7181
f 8032 8033 8087
f 8033 8054 8088
f 8035 8089 8256
f 8055 8066 8029
f 8254 8090 8077
f 7186 7185 7178
f 7176 7180 7177
f 7177 7180 7182
f 6868 6858 5191
f 6866 6884 6894
f 8080 8067 8107
f 6823 6862 6856
f 8063 8047 8086
f 7172 7193 7192
f 7192 7183 7187
f 6883 6869 6889
f 7175 7179 7181
f 6872 6894 6876
f 6856 6862 5196
f 8255 8001 8091
f 8255 8091 8094
f 6875 6933 6879
f 7996 8092 8054
f 6856 5196 5286
f 7164 7166 7193
f 8088 8054 8092
f 8036 8093 7976
f 8035 8053 8089
f 8248 8083 8104
f 8255 8094 8257
f 7169 7181 5440
f 6881 6877 6889
f 6884 6890 6894
f 5161 5196 6862
f 6875 6895 6933
f 6877 6883 6889
f 8067 8069 8107
f 6876 6890 7170
f 6876 6891 6890
f 8095 8102 8108
f 8081 8085 8097
f 6869 6888 6892
f 6894 6893 6876
f 6876 6893 6891
f 6869 6892 6889
f 7181 7179 7198
f 6891 6893 6894
f 6894 6890 6891
f 8095 8050 7998
f 8095 8108 8050
f 6933 6895 6896
f 7899 8070 8061
f 7996 8065 8092
f 7166 6901 7193
f 6884 5191 6890
f 6856 5286 6878
f 8256 8089 8085
f 7941 8140 8204
f 8068 8072 8059
f 7924 8096 8052
f 6867 5415 5201
f 6881 6889 5423
f 6892 5423 6889
f 6835 5168 6897
f 8112 8060 8143
f 8041 8134 8082
f 7183 7184 7187
f 8065 8097 8098
f 8625 5495 8084
f 8061 8131 8130
f 8033 8099 8087
f 8099 8033 8088
f 8078 8130 8100
f 8092 8065 8098
f 7947 8101 8102
f 7161 7178 7185
f 7185 7186 7187
f 6934 6882 6888
f 8097 8085 8103
f 8247 8248 8104
f 6858 6835 5191
f 6892 6888 5423
f 8107 8105 8055
f 7181 7188 5440
f 6879 6933 6932
f 8027 8106 8062
f 8069 7976 8115
f 8097 8103 8098
f 8069 8115 8107
f 8027 8050 8135
f 8052 8096 8074
f 8001 8120 8091
f 7150 7161 7189
f 7170 6890 6898
f 7180 7190 7182
f 7181 7198 7188
f 8102 8101 8108
f 6835 6932 6899
f 6835 6899 5168
f 6880 7191 6882
f 8109 8110 8082
f 8103 8085 8111
f 7192 7194 7183
f 8047 8112 8086
f 8113 8109 8137
f 6880 5440 7191
f 6882 6900 6888
f 8068 8132 8072
f 8113 8114 7845
f 8060 8066 8122
f 8107 8115 8105
f 8090 8254 8086
f 7185 7204 7161
f 8060 8116 8143
f 8079 8100 8093
f 8113 8137 8117
f 8053 8072 8118
f 8079 8078 8100
f 7976 8093 8115
f 8077 8117 8073
f 7924 8084 8119
f 6901 7170 6902
f 6888 6900 5423
f 6825 6845 5162
f 8247 8104 8120
f 8085 8089 8111
f 5162 6845 6904
f 8101 8121 8108
f 8060 8122 8123
f 8060 8123 8116
f 8050 8108 8128
f 8092 8124 8088
f 7194 7192 7193
f 8055 8105 8125
f 8055 8125 8066
f 8077 8090 8117
f 8140 8142 8204
f 7161 7204 7203
f 7184 7183 7195
f 7183 7194 7195
f 7198 7199 7188
f 8109 8082 8134
f 7947 7892 8126
f 6902 6903 6901
f 8135 8106 8027
f 8083 8249 8205
f 8001 8247 8120
f 8109 8134 8137
f 8127 8108 8128
f 8113 8133 8114
f 8106 8135 8173
f 8106 8129 8062
f 8061 8070 8131
f 5162 6904 5164
f 8100 8148 8093
f 8130 8131 8100
f 8132 8068 8144
f 8050 8128 8135
f 5423 6900 5225
f 6904 5163 5164
f 7941 8204 7837
f 6882 6905 6900
f 8101 7947 6287
f 6882 7191 6906
f 6903 7196 6901
f 7191 6907 6906
f 6882 6906 6905
f 6933 5159 6932
f 6933 6896 5159
f 5174 5160 6895
f 7188 7199 5440
f 8108 8121 8128
f 6903 6902 6908
f 6886 6847 5181
f 6903 6909 7196
f 6904 5166 5163
f 6903 6908 6909
f 8113 8117 8133
f 7845 8114 8258
f 8111 8089 8170
f 8073 8117 8134
f 7177 7182 7179
f 7179 7197 7198
f 7198 7197 7199
f 5168 5215 6897
f 5162 5164 5165
f 5161 5162 5426
f 8121 8135 8128
f 8103 8111 8259
f 8062 8129 8068
f 7170 6898 6902
f 8136 8103 8259
f 8098 8103 8136
f 8098 8136 8092
f 8137 8134 8117
f 7194 7193 7207
f 7947 8126 6287
f 6287 8121 8101
f 8087 8099 8151
f 8088 8149 8099
f 8088 8124 8149
f 8111 8170 8259
f 8083 8205 8104
f 7185 7187 7204
f 6907 6910 6906
f 6906 6910 6911
f 6906 6911 6905
f 5163 5184 5164
f 5164 5184 5165
f 5163 5166 5173
f 6907 7191 6916
f 7191 6912 6916
f 6909 6908 6913
f 8105 8115 8146
f 6902 6917 6908
f 8135 8121 6287
f 8090 8086 8164
f 6909 6913 7196
f 8112 8138 8086
f 7746 7120 7200
f 8136 8259 8092
f 6907 6916 6910
f 8173 8139 8106
f 8099 8149 8151
f 6905 6911 6914
f 8106 8139 8129
f 6901 7202 7193
f 8124 8092 8149
f 8633 8074 8140
f 8091 6268 8094
f 5440 6912 7191
f 6910 6915 6911
f 5166 5197 5177
f 5166 5177 5173
f 6878 5170 5169
f 7199 7197 5438
f 8093 8141 8115
f 6905 6914 6900
f 5168 5171 5215
f 5225 6900 6914
f 8115 8141 8146
f 8072 8132 8118
f 6899 5167 5168
f 8140 8074 8142
f 8116 8152 8143
f 6910 6916 5443
f 8131 8162 8100
f 8100 8162 8148
f 8132 8144 8118
f 8096 7924 8145
f 7179 7201 7197
f 7193 7202 7207
f 6914 6911 6919
f 6902 6898 6917
f 6890 5191 6898
f 5169 5170 6887
f 8105 8146 8125
f 8117 8090 8147
f 5171 5168 5167
f 6901 7196 7206
f 8093 8148 8141
f 8092 8259 8149
f 8090 8164 8147
f 7202 6901 7206
f 5184 5163 5185
f 8032 8087 8150
f 8070 8162 8131
f 8087 8151 8150
f 8151 8149 8150
f 8116 8123 8152
f 7189 7161 5446
f 7161 7203 5446
f 7203 7204 7205
f 7182 7190 7208
f 7204 7187 7230
f 5443 5445 6910
f 6898 5234 6917
f 5166 5198 5197
f 5171 5188 5172
f 5171 5167 5188
f 5173 5177 5189
f 5163 5173 5185
f 5174 6886 5160
f 5166 5175 5198
f 5177 5176 5189
f 8149 8154 8150
f 8147 8164 8153
f 8154 8149 8160
f 7206 7196 5441
f 7196 6913 5441
f 5172 5188 5182
f 5177 5197 5176
f 8141 8148 8155
f 6911 6915 5179
f 8066 8125 8156
f 8122 8066 8157
f 8117 8166 8133
f 6287 8126 8158
f 7190 5458 7208
f 7202 5451 7207
f 6910 5445 6920
f 6910 6920 6915
f 5166 6904 5175
f 6916 6912 5443
f 5178 5167 6899
f 8161 8150 8154
f 6908 6917 5195
f 8149 8259 8160
f 6913 6908 6918
f 8148 8162 8155
f 8154 8160 8161
f 8141 8155 8159
f 8141 8159 8146
f 8259 8170 8160
f 8074 8096 8261
f 8146 8159 8155
f 8160 8170 8161
f 8120 6268 8091
f 8150 8161 8032
f 6914 6919 5225
f 8089 8053 8170
f 8162 8070 8155
f 5172 5182 5171
f 6913 6918 6923
f 5171 5194 5215
f 6911 5179 6919
f 8084 8163 8119
f 8152 8138 8143
f 8164 8165 8153
f 8117 8147 8166
f 7032 5458 7190
f 7203 7205 5446
f 7205 7204 7230
f 5441 6913 6923
f 6918 6908 5204
f 6908 5195 5204
f 6919 5179 5180
f 5176 5197 5190
f 5173 5189 5193
f 5160 6886 5181
f 5182 5183 5171
f 5184 5185 5165
f 6915 6920 5212
f 8146 8155 8125
f 8032 8161 8172
f 8155 8070 8174
f 5182 5186 5183
f 6899 6932 5211
f 8143 8138 8112
f 6895 5187 6896
f 5167 5199 5188
f 5182 5199 5186
f 5189 5176 5190
f 5189 5190 5210
f 8157 8167 8122
f 8122 8167 8123
f 8152 8123 8168
f 8129 8139 8262
f 8142 8178 8204
f 5451 7202 7206
f 6898 5191 5414
f 5414 5191 6835
f 6904 5192 5175
f 5197 5202 5190
f 5173 5193 5185
f 6917 5229 5195
f 5188 5199 5182
f 8169 8104 8260
f 5171 5183 5194
f 6920 6921 5212
f 6920 5445 6921
f 8120 8104 8169
f 6917 5234 5229
f 8147 8153 8166
f 5195 5229 5204
f 8161 8170 6293
f 7194 5439 7195
f 5161 5426 5196
f 8205 8260 8104
f 6923 6922 5441
f 6923 5207 6922
f 6915 5212 5179
f 7924 8119 8145
f 5197 5198 5219
f 5167 5178 5199
f 7187 7184 7230
f 7184 7195 7230
f 5440 6935 6912
f 5183 5200 5194
f 5183 5186 5200
f 5189 5210 5193
f 6923 6918 5205
f 6921 5445 6924
f 7892 8016 8126
f 5440 5438 5463
f 5415 5418 5201
f 8086 8138 8164
f 5202 5197 5219
f 8070 8171 8174
f 7205 7230 5447
f 5440 7199 5438
f 6921 6924 5212
f 5198 5175 5203
f 5198 5203 5219
f 5193 5210 5217
f 5193 5217 5185
f 5178 6899 5211
f 6932 5431 5211
f 6918 5204 5205
f 6923 5205 5207
f 8123 8167 8168
f 5441 5449 7206
f 5441 6922 5442
f 8172 8161 6293
f 8144 8215 8118
f 8139 8173 8262
f 7179 7182 7201
f 5440 5463 6935
f 5443 5444 5445
f 6924 5445 5206
f 5207 5205 5208
f 5205 5209 5208
f 5180 5179 5228
f 5194 5200 5216
f 5210 5190 5217
f 5199 5222 5186
f 5199 5178 5222
f 5178 5211 5222
f 6919 5180 5225
f 5212 5213 5179
f 5441 5442 5449
f 5225 5180 5239
f 5204 5229 5214
f 5205 5204 5209
f 7182 7208 7201
f 8074 8261 8142
f 8155 8174 8171
f 8153 8165 8166
f 5446 7205 5447
f 7230 5448 5447
f 6912 6935 5443
f 5215 5194 5216
f 5200 5186 5224
f 5190 5202 5217
f 5165 5425 5162
f 5157 5218 5158
f 5186 5222 5224
f 5157 5416 5218
f 8178 8181 8204
f 5202 5219 5217
f 8155 8171 8125
f 7206 5449 5450
f 8066 8156 8157
f 8166 8165 8175
f 7207 5451 5452
f 5449 5442 5450
f 6922 5207 5453
f 6924 5220 5212
f 5212 5220 5221
f 5212 5221 5213
f 5201 5418 6845
f 6904 6845 5192
f 6895 5160 5187
f 8205 8176 8260
f 7808 5522 5460
f 7194 7207 5439
f 5162 5425 5426
f 5206 5445 5459
f 5222 5223 5224
f 8176 8205 8199
f 8177 8199 8205
f 6268 8120 6282
f 7150 7189 5804
f 5447 5448 5472
f 5451 7206 5464
f 5442 5453 5450
f 5442 6922 5453
f 5209 5204 5214
f 5234 5235 5229
f 5225 5252 5423
f 5415 5423 5226
f 6924 5206 5220
f 8120 8169 6282
f 5496 5509 5516
f 8142 8261 8178
f 5463 5454 6935
f 8096 8145 8261
f 7189 5446 5804
f 7197 7201 5455
f 5451 5464 5452
f 5206 5459 5220
f 5208 5209 5227
f 5209 5214 5227
f 5179 5213 5228
f 5214 5229 5242
f 5219 5203 5230
f 5219 5230 5217
f 5185 5217 5263
f 5214 5242 5231
f 5157 6887 5232
f 8260 8179 8169
f 6932 5417 5431
f 8166 8175 6298
f 7201 7208 5455
f 5222 5237 5223
f 5208 5453 5207
f 8178 8261 8180
f 8133 6278 8114
f 8204 8187 8202
f 8204 8181 8182
f 7150 5804 5456
f 7208 5457 5455
f 7206 5450 5464
f 5227 5214 5231
f 5228 5233 5180
f 5225 5239 5252
f 5234 6898 5235
f 5217 5230 5263
f 5416 5157 5232
f 6835 6897 5424
f 5415 5226 5418
f 5227 5461 5208
f 8260 8176 8183
f 5208 5461 5453
f 8187 8204 8182
f 8181 8178 8211
f 8084 5495 8163
f 7150 5456 7120
f 7032 7209 5458
f 6935 5454 5444
f 6935 5444 5443
f 5445 5444 5459
f 5228 5213 5255
f 5235 6898 5292
f 6897 5215 5428
f 5215 5216 5428
f 8178 8180 8211
f 5218 5236 5158
f 5223 5237 5224
f 8164 8138 6275
f 8177 8184 8185
f 8177 8185 8199
f 8184 8177 8205
f 5227 5231 5461
f 8202 8187 8188
f 8068 8129 8144
f 8158 8126 6270
f 5255 5213 5238
f 8262 8173 8231
f 5522 5511 5460
f 7759 7209 7032
f 7207 5480 5439
f 5221 5220 5238
f 5180 5233 5239
f 5229 5235 5243
f 5175 5256 5203
f 5237 5222 5240
f 5170 5241 6887
f 5221 5238 5213
f 8126 8016 6270
f 5218 5416 5236
f 5453 5245 5450
f 8125 8226 8156
f 8258 6278 8186
f 5229 5243 5242
f 5453 5461 5245
f 8187 8182 8191
f 8187 8191 8188
f 8125 8171 8193
f 5158 5236 5419
f 8199 8183 8176
f 5457 7208 5462
f 5438 5467 5463
f 7207 5452 5480
f 5459 5444 5259
f 5235 5292 5243
f 5222 5211 5240
f 6847 5158 5419
f 8199 8185 8194
f 5495 6265 8163
f 8191 8182 8189
f 8184 8190 8185
f 5230 5244 5246
f 5461 5231 5245
f 8184 8205 8206
f 8184 8206 8190
f 5220 5459 5254
f 5220 5254 5238
f 6932 5159 5417
f 7195 5439 5478
f 5230 5246 5263
f 7987 8257 5617
f 6845 5418 5192
f 5428 5216 5247
f 8188 8203 8202
f 8188 8191 8203
f 7208 5458 5462
f 8118 8192 8053
f 5446 5447 5472
f 5239 5233 5248
f 5454 5463 5470
f 5454 5470 5285
f 5464 5270 5452
f 5464 5450 5270
f 5450 5465 5270
f 5231 5242 5249
f 5242 5243 5250
f 5423 5306 5226
f 5175 5192 5256
f 5224 5237 5240
f 5185 5272 5165
f 5416 5232 5236
f 5216 5266 5247
f 5230 5203 5244
f 8182 8208 8189
f 5238 5251 5255
f 5216 5200 5266
f 5238 5254 5251
f 5252 5239 5253
f 5254 5459 5251
f 8171 8070 8193
f 7808 7800 7210
f 5255 5251 5260
f 5459 5260 5251
f 7197 5466 5438
f 8194 8185 8195
f 8185 8190 8195
f 8182 8196 8208
f 5458 5483 5462
f 5446 5472 5500
f 7197 5455 5466
f 5450 5245 5465
f 5255 5259 5228
f 5239 5248 5253
f 5203 5256 5244
f 5165 5272 5425
f 5426 5257 5196
f 5160 5181 5277
f 5438 5466 5467
f 5463 5467 5470
f 5455 5457 5519
f 8261 8145 6274
f 5444 5454 5285
f 5242 5250 5249
f 6847 5419 5181
f 8167 8157 8156
f 8192 8118 8215
f 8203 8191 8210
f 8190 8206 8197
f 8182 8181 8196
f 8145 8119 6414
f 8119 8163 6414
f 5472 5474 5500
f 5448 7230 5488
f 5455 5468 5469
f 5455 5469 5466
f 5245 5231 5465
f 5260 5259 5255
f 5228 5259 5233
f 5253 5271 5252
f 5200 5258 5266
f 5200 5224 5258
f 8186 8249 8258
f 8169 8179 6282
f 8032 8172 8198
f 8199 8194 8200
f 5466 5469 5467
f 5224 5240 5258
f 5467 5469 5470
f 5478 5439 5471
f 8199 8200 8183
f 8145 6414 6274
f 8261 6274 8180
f 8211 8180 6266
f 8191 8189 8210
f 8168 6288 8152
f 8129 8262 8201
f 8258 8114 6278
f 8249 8207 8205
f 8202 8203 8204
f 8195 8200 8194
f 5472 5473 5474
f 5472 5448 5473
f 5455 5519 5468
f 7230 5475 5488
f 7230 7195 5475
f 5459 5259 5260
f 5231 5249 5465
f 5233 5259 5420
f 5244 5278 5246
f 5444 5476 5259
f 5480 5477 5439
f 5469 5468 5470
f 8205 8207 8206
f 7195 5478 5479
f 5468 5519 5487
f 5233 5420 5248
f 5244 5256 5278
f 8170 8053 6293
f 7195 5479 5475
f 5439 5482 5471
f 5478 5471 5479
f 5250 5243 5261
f 5480 5452 5280
f 5270 5280 5452
f 6287 8158 6269
f 8206 8207 8209
f 8206 8209 8197
f 8190 8197 8195
f 8189 8208 8210
f 8208 8196 8212
f 5462 5483 5457
f 5448 5488 5481
f 5249 5265 5465
f 5266 5258 5262
f 5246 5278 5263
f 5439 5477 5482
f 5252 5264 5423
f 8129 8222 8144
f 5586 5617 5523
f 5160 5277 5187
f 5243 5292 5261
f 5457 5483 5519
f 8208 8212 8210
f 5249 5250 5265
f 5470 5468 5492
f 8262 8231 8201
f 5250 5261 5265
f 5266 5262 5247
f 5240 5267 5258
f 6887 5241 5268
f 7808 7210 5522
f 7759 5814 7209
f 5458 7209 5483
f 5804 5446 5805
f 5477 5480 5484
f 5465 5269 5270
f 5465 5265 5269
f 5252 5271 5264
f 5185 5263 5272
f 5211 5274 5240
f 5482 5477 5485
f 5232 6887 5421
f 5468 5487 5492
f 5444 5285 5476
f 5480 5280 5484
f 5479 5471 5485
f 8197 8209 8195
f 5267 5262 5258
f 5270 5269 5280
f 5475 5486 5488
f 8164 6275 6276
f 8164 6276 8165
f 5248 5273 5253
f 5471 5482 5485
f 5253 5273 5271
f 8195 8209 8200
f 5240 5274 5267
f 8166 6267 8133
f 8203 8210 8204
f 8168 8167 6288
f 5473 5448 5481
f 5519 5491 5487
f 5192 5279 5256
f 5256 5275 5278
f 5170 6878 5276
f 5475 5479 5486
f 5420 5273 5248
f 5265 5261 5282
f 5486 5479 5485
f 5265 5282 5269
f 5488 5486 5489
f 8200 8209 8183
f 8210 8212 8204
f 8133 6267 6278
f 5259 5476 5420
f 5181 5419 5277
f 5263 5275 5283
f 5278 5275 5263
f 5236 5232 5421
f 8172 6293 8198
f 6293 8053 8228
f 8196 8181 8211
f 7746 7200 5549
f 5805 5446 5490
f 5446 5500 5490
f 5247 5284 5428
f 5263 5283 5272
f 8183 8209 8207
f 5256 5279 5281
f 8212 8196 8204
f 5247 5262 5284
f 5280 5269 5282
f 5476 5422 5420
f 5273 5420 5422
f 5256 5281 5275
f 5473 5497 5474
f 5486 5485 5489
f 8152 6288 8214
f 8158 6270 6269
f 7837 8204 6291
f 5481 5488 5489
f 5487 5491 5492
f 5261 5292 5282
f 5485 5521 5489
f 5476 5285 5422
f 5509 8213 5516
f 5273 5422 5271
f 5262 5267 5284
f 5272 5283 5425
f 8152 8214 8138
f 8144 8222 8215
f 5473 5481 5493
f 5492 5809 5470
f 5428 5284 5291
f 5422 5293 5271
f 5484 5280 5494
f 5267 5274 5284
f 5285 5293 5422
f 5280 5282 5494
f 6878 5286 5276
f 5274 5287 5296
f 6887 5268 5421
f 5274 5211 5287
f 5284 5288 5291
f 6267 6279 6278
f 5495 5496 6265
f 6268 8240 8094
f 5493 5497 5473
f 5285 5806 5293
f 5423 5264 5306
f 5414 5289 6898
f 5283 5275 5281
f 5284 5274 5288
f 5414 6835 5424
f 5288 5274 5296
f 5474 5497 5500
f 5492 5491 5809
f 5425 5283 5290
f 8166 6298 6267
f 5288 5296 5291
f 5292 6898 5289
f 8215 8222 8216
f 8214 6288 8138
f 8135 6284 8173
f 6269 6270 6271
f 8016 7837 6291
f 8196 8211 8204
f 5493 5481 5498
f 5285 5470 5806
f 5484 5499 5477
f 5271 5293 5294
f 5282 5292 5303
f 5293 5806 5295
f 5283 5279 5290
f 5428 5291 5296
f 5283 5281 5279
f 5293 5295 5297
f 5289 5414 5298
f 5428 5424 6897
f 5295 5806 5297
f 5484 5808 5499
f 8193 8264 8125
f 5292 5307 5303
f 5428 5296 5287
f 5277 5419 5430
f 5277 5430 5427
f 5484 5494 5808
f 5282 5303 5494
f 5293 5297 5294
f 8175 8165 6276
f 8167 8156 6289
f 5211 5431 5287
f 5425 5290 5426
f 8032 8238 8070
f 8264 6302 8125
f 8125 6302 8226
f 6269 8217 6287
f 5497 5493 5500
f 5241 5276 5268
f 5806 5501 5297
f 5481 5489 5498
f 8135 6287 6284
f 5419 5236 5430
f 8156 8218 6289
f 6271 6270 6272
f 5279 5426 5290
f 5277 5427 5299
f 5806 5502 5501
f 8257 6273 5617
f 5192 5418 5279
f 5264 5271 5429
f 5294 5429 5271
f 8226 8219 8156
f 8156 8219 8218
f 8167 6289 6288
f 8215 8220 8192
f 8215 8216 8220
f 5456 5804 5503
f 5804 5805 5503
f 5498 5489 5504
f 5241 5170 5276
f 8180 6274 6266
f 5294 5297 5300
f 8053 8192 8223
f 7800 5586 7210
f 5418 5226 5301
f 5277 5299 5187
f 5428 5287 5424
f 8192 8220 6283
f 8264 8193 8238
f 6275 8138 8230
f 6293 8228 8229
f 8228 8053 8221
f 6275 6604 6276
f 8222 8129 8201
f 8207 6277 8183
f 5477 5499 5807
f 5808 5494 5302
f 5494 5303 5302
f 8249 6277 8207
f 7120 5505 7200
f 5304 6896 5187
f 6276 6604 8175
f 8193 8070 8238
f 8053 8223 8221
f 8220 8216 8224
f 8220 8224 6283
f 6278 6279 6280
f 8217 6269 6271
f 8163 6265 6416
f 7209 5814 5678
f 5490 5500 5507
f 8228 8221 8225
f 8260 6281 8179
f 8219 8226 8227
f 5287 5431 5424
f 5477 5514 5506
f 8221 8263 8225
f 6275 8230 6604
f 5292 5289 5307
f 8216 6283 8224
f 8228 6303 8229
f 8221 8223 8263
f 8138 6288 8230
f 8231 8173 6284
f 8260 8183 6281
f 5500 5493 5507
f 5294 5300 5429
f 5264 5432 5306
f 5836 6282 8179
f 8228 8225 6303
f 8222 6283 8216
f 8225 8263 6303
f 8230 8233 6604
f 5519 5483 5520
f 5268 5327 5421
f 8192 6283 8232
f 8032 8198 8238
f 8219 6305 8218
f 8230 6288 8233
f 8222 8201 6283
f 5483 5555 5541
f 5483 5541 5520
f 5499 5808 5807
f 5297 5515 5300
f 5302 5303 5305
f 5300 5435 5429
f 5264 5429 5432
f 8226 6295 8227
f 8219 8227 6305
f 5519 5510 5491
f 5508 5813 5509
f 5485 5477 5506
f 6287 6605 6284
f 8223 6285 8263
f 6604 8233 8175
f 8201 6286 6283
f 7120 5456 5505
f 5491 5510 5809
f 5501 5513 5297
f 5808 5302 5305
f 5427 5430 5299
f 6270 8016 6272
f 5196 5257 5286
f 8229 6303 8237
f 8227 6300 6305
f 6285 6307 8263
f 6285 8223 8232
f 8223 8192 8232
f 8232 6283 6286
f 8201 6313 6286
f 8201 8231 6313
f 6287 8217 6605
f 5511 5512 5460
f 5483 7209 5555
f 5501 5502 5513
f 8227 6295 6300
f 6288 6289 8233
f 5268 5276 5330
f 8232 6286 6297
f 8263 6307 6311
f 8218 6306 6289
f 5477 5807 5514
f 5297 5513 5515
f 5429 5435 5432
f 5236 5421 5436
f 5279 5418 5426
f 8218 6305 6306
f 8204 6290 6291
f 6278 6280 6292
f 8198 6293 8234
f 8226 8235 6295
f 6303 8263 8236
f 8179 6455 5836
f 5289 5309 5307
f 8263 6311 8236
f 6293 8237 6294
f 6293 8229 8237
f 6295 8235 6315
f 6295 6315 6296
f 6313 6297 6286
f 6267 6298 6299
f 6278 6292 8186
f 5808 5305 5338
f 5306 5432 5316
f 5806 5470 5810
f 5236 5436 5430
f 6300 6295 6296
f 8238 8198 6301
f 8238 8239 8264
f 8264 8239 6302
f 8226 6302 6327
f 8237 6303 8236
f 6289 6304 8233
f 8233 6304 8175
f 8175 6304 6299
f 8175 6299 6298
f 5307 5373 5303
f 5307 5312 5373
f 5307 5308 5312
f 5307 5309 5308
f 5519 5542 5510
f 5490 5507 5539
f 8234 6293 6294
f 6311 6310 8236
f 6296 6316 6300
f 6305 6300 6306
f 6285 8232 6307
f 6279 6267 6280
f 6271 6272 8217
f 5496 5516 5517
f 5489 5521 5504
f 5426 5310 5257
f 6896 5304 5159
f 8238 6301 8239
f 8236 6325 8237
f 5308 5311 5312
f 5518 5485 5506
f 5286 5313 5276
f 5311 5308 5309
f 5314 5322 5315
f 6272 8016 6615
f 8236 6308 6325
f 6296 6315 6316
f 6304 6289 6309
f 5805 5490 5539
f 5493 5498 5507
f 5519 5520 5542
f 5521 5485 5518
f 5316 5332 5306
f 8226 6327 8235
f 5311 5309 5317
f 8183 6277 6281
f 8237 6325 6294
f 5317 5319 5311
f 8198 8234 6301
f 8236 6310 6308
f 6310 6311 6330
f 6316 6306 6300
f 6311 6307 6330
f 6289 6306 6309
f 8231 6284 6313
f 6280 6267 6312
f 5305 5303 5373
f 5315 5322 5318
f 5226 5306 5320
f 5426 5433 5310
f 5286 5257 5313
f 5311 5319 5312
f 5306 5332 5320
f 5418 5433 5426
f 6313 6314 6378
f 5314 5315 5318
f 5317 5322 5321
f 5314 5318 5322
f 5417 5323 5431
f 6315 8235 6316
f 6316 6317 6306
f 6313 6284 6314
f 6280 6312 6292
f 6414 8163 6416
f 5511 5522 5512
f 5317 5321 5319
f 5432 5332 5316
f 5289 5298 5309
f 5320 5301 5226
f 5301 5324 5418
f 5187 5325 5304
f 6307 8232 6318
f 8016 6291 6338
f 6313 6378 6297
f 6297 6378 6319
f 5319 5321 5326
f 6316 8235 6317
f 5431 5368 5424
f 6309 6306 6320
f 6297 6321 8232
f 8234 6294 6322
f 6306 6317 6323
f 6605 8217 6324
f 5517 5516 8213
f 5586 5523 5592
f 5456 5503 5533
f 5503 5805 5533
f 5305 5373 5367
f 5318 5341 5322
f 5268 5330 5327
f 6310 6330 6308
f 5321 5322 5326
f 6308 6330 6325
f 6318 6606 6307
f 5317 5309 5328
f 6314 6346 6378
f 6267 6299 6372
f 6284 6605 6326
f 6302 8239 6363
f 6302 6363 6327
f 6284 6326 6314
f 5159 5323 5417
f 6312 6267 6328
f 5187 5348 5325
f 6324 8217 6329
f 5276 5329 5330
f 6605 6324 6326
f 6325 6330 6294
f 6330 6307 6606
f 6304 6309 6331
f 8249 6332 6336
f 8257 8094 8240
f 5513 5502 5515
f 5300 5515 5331
f 5300 5369 5435
f 5435 5395 5432
f 5312 4776 5373
f 5312 5319 4776
f 5332 5432 5395
f 5298 5414 5333
f 5414 5424 5333
f 5418 5324 5433
f 5304 5325 5334
f 5421 5335 5436
f 8232 6321 6318
f 5322 5337 5341
f 6267 6372 6328
f 6297 6351 6321
f 5361 5332 5336
f 5317 5328 5322
f 6304 6333 6299
f 6299 6334 6372
f 5322 5328 5337
f 6292 6312 6335
f 6277 8249 6336
f 8234 6322 6301
f 6297 6319 6352
f 6337 6309 6320
f 5810 5470 5809
f 8186 6332 8249
f 5276 5313 5329
f 8235 6323 6317
f 8016 6338 6339
f 6268 6614 8240
f 5507 5525 5539
f 5807 5808 5530
f 5808 5338 5530
f 5338 5305 5367
f 5322 5341 5326
f 5328 5309 5298
f 5159 5304 5334
f 6309 6337 6340
f 6309 6340 6331
f 6291 6290 6338
f 6324 6341 6326
f 6304 6331 6343
f 6297 6352 6351
f 6306 6323 6320
f 5328 5298 5339
f 5310 5340 5257
f 8239 6301 6342
f 6304 6343 6333
f 5328 5339 5337
f 8204 8211 6290
f 5159 5334 5323
f 5313 5257 5340
f 6301 6345 6344
f 5298 5333 5339
f 5341 5337 5352
f 5341 5352 5346
f 6301 6322 6345
f 6330 6606 6294
f 8235 6327 6323
f 6334 6366 6372
f 5504 5521 5524
f 5521 5518 5524
f 5806 5810 5502
f 5807 5530 5514
f 5332 5361 5342
f 5330 5329 5343
f 6292 6335 8186
f 6334 6299 6333
f 6314 6360 6346
f 6326 6341 6314
f 5320 5332 5342
f 5310 5433 5344
f 5320 5342 5301
f 6294 6347 6322
f 6294 6606 6347
f 6272 6329 8217
f 8257 8240 6273
f 5507 5498 5525
f 5510 5526 5809
f 5300 5331 5369
f 5319 5326 5345
f 5341 5346 5347
f 5341 4777 5326
f 5348 5349 5325
f 5340 5350 5313
f 5313 5350 5329
f 5510 5542 5526
f 5353 5343 5329
f 6334 6333 6607
f 5349 5334 5325
f 8016 6339 6615
f 5430 5436 5434
f 6319 6378 6348
f 6319 6348 6358
f 6277 6336 6401
f 5353 5355 5343
f 6327 6349 6323
f 5515 5365 5331
f 5435 5351 5395
f 5346 5352 5347
f 6345 6322 6347
f 5515 5502 5810
f 6320 6323 6337
f 6333 6608 6607
f 6314 6341 6360
f 6378 6350 6348
f 5353 5329 5354
f 6351 6352 6353
f 5353 5354 5355
f 6334 6607 6366
f 6359 6319 6358
f 5349 5348 4787
f 6268 6282 6614
f 6352 6319 6359
f 6359 6608 6333
f 5350 5340 5356
f 5424 5368 5357
f 5324 5358 5433
f 5515 5810 5365
f 5339 5333 5359
f 5348 5187 5360
f 6343 6331 6354
f 6372 6355 6328
f 6352 6354 6353
f 6352 6356 6354
f 6352 6359 6356
f 6359 6333 6356
f 5361 5336 5389
f 6333 6343 6356
f 5342 5361 5389
f 6335 6312 6328
f 6343 6354 6356
f 6357 6359 6358
f 6272 6615 6329
f 5814 5460 5548
f 5805 5539 5811
f 5539 5525 5540
f 5498 5504 5527
f 5498 5527 5525
f 5504 5524 5527
f 5524 5518 5527
f 5326 4777 5345
f 5301 5342 5362
f 5424 5357 4772
f 5348 5363 4787
f 5421 5327 5335
f 6359 6357 6362
f 5355 5354 5377
f 5340 5310 5356
f 6360 6361 6346
f 5430 5434 5299
f 6359 6362 6608
f 6363 8239 6342
f 5354 5329 5350
f 6354 6331 6340
f 5364 5339 5359
f 6327 6363 6349
f 6342 6301 6344
f 6342 6344 6364
f 5331 5365 5376
f 5323 5334 5366
f 5367 5532 5338
f 6318 6321 6606
f 6329 6341 6324
f 5367 5372 5532
f 5512 5534 5460
f 5367 5373 5372
f 5368 5431 5130
f 6351 6353 6321
f 6348 6383 6358
f 6350 6378 6365
f 6607 6369 6366
f 5805 5528 5533
f 5805 5811 5528
f 5525 5531 5540
f 5810 5809 5529
f 5435 5369 5351
f 5373 4776 5370
f 5319 5345 4776
f 5395 5399 5332
f 5339 5364 5337
f 5187 5299 5360
f 5343 5371 5330
f 5431 5323 5130
f 5530 5338 5514
f 5331 5376 5369
f 6360 6341 6406
f 6349 6367 6323
f 6337 6323 6368
f 5525 5527 5531
f 6366 6369 6372
f 5372 5373 5370
f 5350 5356 5354
f 5365 5810 5376
f 5514 5338 5532
f 5456 5533 5505
f 5330 5371 5327
f 5348 5360 5363
f 5299 4770 5374
f 5512 5522 5534
f 5301 5362 5375
f 5299 5374 5360
f 5424 5359 5333
f 5810 5537 5376
f 5529 5809 5535
f 5355 5386 5343
f 5355 5377 5386
f 5809 5526 5535
f 6357 6358 6383
f 6347 6606 6370
f 6607 6608 6371
f 6369 6395 6372
f 6282 5836 6614
f 5549 7200 5550
f 5555 5536 5541
f 5540 5531 5811
f 5810 5529 5413
f 5810 5413 5537
f 5341 5347 4777
f 5378 5336 5379
f 5336 5378 5389
f 5335 5327 5384
f 5518 5538 5527
f 6354 6340 6353
f 5535 5526 5543
f 5334 5349 5380
f 5526 5542 5543
f 5514 5532 5544
f 6368 6323 6367
f 5532 5372 5544
f 5343 5386 5371
f 5327 5371 5381
f 6345 6364 6344
f 5434 4770 5299
f 5527 5538 5531
f 5389 5378 5379
f 6383 6348 6365
f 6342 6373 6363
f 6321 6353 6340
f 6608 6362 6377
f 6362 6357 6383
f 6348 6350 6365
f 6378 6393 6365
f 5460 5534 5548
f 5539 5540 5811
f 5541 5552 5520
f 5520 5552 5542
f 5518 5506 5545
f 5376 5537 5369
f 5369 5537 5351
f 5336 5332 5379
f 5347 5352 4777
f 5424 4772 5359
f 5327 5381 5384
f 6401 6336 6374
f 5356 5382 5354
f 6363 6386 6349
f 5531 5538 5546
f 5360 5374 5363
f 6347 6370 6345
f 5324 5301 5375
f 5334 5380 5366
f 5381 5371 5383
f 5371 5386 5383
f 6290 6339 6338
f 6266 6375 8211
f 6363 6373 6386
f 6368 6367 6337
f 5335 5384 5385
f 6607 6371 6369
f 6346 6361 6409
f 5541 5536 5552
f 5542 5553 5543
f 5514 5544 5506
f 6608 6376 6396
f 5395 5351 5396
f 5538 5545 5546
f 6364 6373 6342
f 5543 5563 5535
f 5381 5383 5384
f 5384 5383 5385
f 5538 5518 5545
f 5374 4770 5363
f 6345 6609 6364
f 6349 6386 6367
f 6345 6370 6609
f 5324 5407 5358
f 5386 5377 5387
f 5386 5387 5383
f 5310 5344 5356
f 5531 5546 5547
f 6608 6377 6376
f 6362 6383 6377
f 6332 8186 6335
f 5542 5552 5553
f 5332 5399 5379
f 5389 5390 5342
f 5385 5402 5335
f 6329 6615 6341
f 5335 5402 5436
f 5383 5387 5385
f 5356 5344 5382
f 5534 5522 5548
f 5354 5382 4793
f 5434 5436 5388
f 5337 5364 5352
f 6608 6396 6371
f 6378 6346 6409
f 5811 5531 5547
f 5543 5553 5563
f 5546 5545 5547
f 5389 5379 5400
f 5389 5400 5390
f 5130 5323 5366
f 6337 6379 6340
f 5549 5550 5508
f 6364 6380 6373
f 6337 6367 6381
f 5363 4770 4784
f 5362 5342 5390
f 6355 6382 6328
f 6364 6609 6380
f 6386 6381 6367
f 6383 6365 6385
f 6369 6371 6397
f 6606 6384 6370
f 6376 6377 6385
f 5434 5388 5391
f 5436 5402 5388
f 5547 5545 5551
f 5434 5391 4770
f 5385 4799 5402
f 4770 4785 4784
f 5547 5559 5811
f 6337 6381 6379
f 6386 6610 6381
f 5552 5561 5553
f 6386 6373 6380
f 5130 4771 5368
f 6383 6385 6377
f 6321 6340 6612
f 6376 6385 6387
f 6371 6396 6397
f 6369 6397 6395
f 6370 6384 6609
f 6365 6388 6385
f 6265 6389 6416
f 5533 5528 5576
f 5522 5554 5548
f 5433 5392 5344
f 6361 6360 6419
f 5536 5555 5556
f 5529 5557 5413
f 5529 5535 5557
f 5372 5370 5393
f 5399 5394 5379
f 4787 5363 4784
f 6387 6385 6390
f 6387 6400 6391
f 6387 6391 6392
f 6393 6388 6365
f 6390 6385 6405
f 6391 6400 6392
f 6387 6392 6376
f 5547 5551 5559
f 6392 6400 6376
f 6386 6380 6610
f 6379 6612 6340
f 6396 6376 6400
f 6396 6400 6394
f 6399 6395 6396
f 6396 6395 6397
f 5558 5811 5559
f 6400 6402 6394
f 6398 6402 6395
f 6398 6394 6402
f 6394 6398 6396
f 6396 6398 6399
f 6399 6398 6395
f 6387 6411 6400
f 5558 5559 5560
f 6400 6411 6402
f 5553 5561 5563
f 5391 5388 5397
f 6385 6388 6405
f 4770 5391 4785
f 5324 5375 5407
f 5559 5562 5560
f 5391 4782 4785
f 6380 6609 6610
f 6321 6412 6606
f 5433 5358 5392
f 5368 4771 5357
f 5563 5552 5569
f 6281 6277 6401
f 5617 6273 6422
f 5563 5569 5562
f 5561 5552 5563
f 5562 5559 5563
f 5560 5562 5571
f 5385 5387 4799
f 5535 5563 5812
f 6402 6403 6395
f 4789 5359 4772
f 6606 6412 6384
f 6395 6404 6372
f 5509 5813 8213
f 5395 5396 5405
f 4776 5345 4777
f 5377 5354 4841
f 5528 5811 5565
f 6379 6381 6611
f 5569 5578 5562
f 6409 6417 6378
f 5562 5578 5571
f 6321 6612 6412
f 5391 5397 4782
f 5558 5560 5564
f 5388 5402 5397
f 5560 5571 5564
f 5397 5402 4782
f 6335 6425 6332
f 6393 6420 6388
f 6388 6420 6405
f 6387 6390 6411
f 6381 6610 6611
f 6379 6611 6612
f 5811 5558 5565
f 5382 5398 4793
f 5558 5564 5579
f 5564 5571 5567
f 6610 6609 6384
f 6341 6615 6406
f 5536 5556 5566
f 5564 5567 5568
f 6416 6407 6408
f 5564 5568 5579
f 6361 6419 6409
f 6374 6336 6332
f 5536 5566 5552
f 5552 5566 5569
f 5563 5559 5812
f 5551 5545 5506
f 5535 5812 5557
f 5372 5393 5544
f 5351 5537 5437
f 5395 5405 5399
f 5394 5400 5379
f 4793 4841 5354
f 5349 4787 5380
f 5544 5570 5506
f 4799 5401 5402
f 5357 4771 4772
f 6390 6405 6410
f 5351 4796 5396
f 5382 5403 5398
f 5558 5579 5565
f 5576 5528 5565
f 5344 5404 5382
f 6402 6411 6403
f 5571 5572 5567
f 6335 6328 6425
f 5366 4773 5130
f 6405 6420 6410
f 5382 5404 5403
f 6612 6610 6412
f 6395 6403 6404
f 5366 5380 4773
f 6610 6384 6412
f 6611 6610 6612
f 5401 4782 5402
f 6416 6389 6407
f 5565 5598 5576
f 5364 5359 4774
f 5576 5605 5533
f 5556 5573 5582
f 5556 5555 5573
f 6393 6378 6417
f 5592 5523 5574
f 5550 5575 5508
f 5556 5582 5566
f 5569 5566 5588
f 5506 5570 5640
f 5370 4776 4780
f 4789 4774 5359
f 6413 8240 6423
f 6360 6406 6419
f 6273 8240 6413
f 5398 5403 4793
f 6328 6382 6425
f 5380 4775 4773
f 5404 5344 5403
f 5576 5598 5605
f 4776 4777 4779
f 5130 4773 4778
f 5567 5572 5568
f 6414 6416 6415
f 6403 6411 6613
f 6416 6408 6415
f 5571 5577 5572
f 5571 5578 5577
f 5578 5569 5577
f 5569 5588 5577
f 5579 5580 5565
f 5396 4796 5405
f 4780 4776 4779
f 5394 5399 5405
f 5813 5581 8213
f 5568 5584 5579
f 6393 6417 6420
f 5344 5409 5406
f 5573 5583 5582
f 5583 5573 5618
f 5582 5583 5595
f 5375 5362 4804
f 5362 5390 4803
f 6273 6413 5643
f 5344 5392 5409
f 6411 6390 6613
f 5406 5403 5344
f 5579 5584 5580
f 5362 4803 4804
f 5568 5580 5584
f 5375 4804 5407
f 8213 5581 5585
f 5586 5592 7210
f 6410 6420 6421
f 5565 5580 5597
f 5565 5597 5598
f 5559 5647 5812
f 5592 5574 5587
f 5588 5566 5589
f 5559 5551 5647
f 5570 5544 5393
f 5370 4780 5132
f 5405 4806 5394
f 5394 4806 5400
f 4777 5352 5408
f 5401 4781 4782
f 5573 5555 7209
f 5568 5572 5590
f 5130 4778 4771
f 6406 6418 6419
f 5568 5591 5580
f 5588 5589 5577
f 5577 5589 5572
f 5592 5587 5593
f 4771 4778 4798
f 6389 6265 5646
f 6413 6423 5643
f 5585 5594 8213
f 6420 6417 6421
f 5595 5583 5618
f 5812 5648 5557
f 4775 5380 4783
f 4784 4785 4882
f 5602 4563 5585
f 5573 7209 5618
f 5602 5585 5603
f 5592 5596 7210
f 5598 5597 5599
f 5598 5599 5600
f 6273 5643 5632
f 5568 5590 5591
f 4778 4773 4800
f 5580 5591 5597
f 5572 5589 5590
f 4774 4809 5364
f 5587 5601 5593
f 5358 5407 5392
f 6273 5632 6422
f 4778 4800 4798
f 5406 5409 5403
f 4779 4777 4808
f 5405 5410 4806
f 5377 4841 5387
f 5594 5585 4563
f 6407 5633 6408
f 5643 6423 5756
f 5517 8213 5594
f 5602 5603 4563
f 5522 5604 5554
f 5605 5606 5533
f 5605 5639 5606
f 5598 5600 5605
f 5393 5370 5131
f 5351 5437 4796
f 5352 5364 5408
f 5595 5618 5582
f 5593 5596 5592
f 5585 5581 5603
f 5597 5608 5599
f 6390 6410 6430
f 8240 6614 6423
f 5589 5566 5607
f 6403 6613 6458
f 5608 5597 5591
f 5403 5409 4786
f 5587 5609 5601
f 4563 5603 5623
f 5618 5656 5582
f 5589 5610 5590
f 5413 5557 5611
f 5393 5131 5570
f 4777 5408 4808
f 4806 4791 5400
f 4773 4783 4800
f 4773 4775 4783
f 4787 4784 4788
f 5574 5523 5612
f 4772 4771 4789
f 5392 4790 5409
f 5589 5607 5610
f 4771 4798 4801
f 5599 5608 5652
f 6424 6390 6430
f 4791 4806 4792
f 4791 4792 5400
f 6389 5633 6407
f 6458 6404 6403
f 6332 6425 5875
f 7210 5604 5522
f 5656 5670 5582
f 5599 5613 5600
f 5400 4792 5411
f 5400 5411 5390
f 4793 5403 4794
f 4793 4794 4841
f 6421 6417 6426
f 5405 5412 5410
f 5405 4796 5412
f 6390 6424 6613
f 6389 5646 5633
f 5380 4788 4783
f 5408 4827 4808
f 5594 4563 4534
f 5380 4787 4788
f 5403 4786 4794
f 5813 5622 5581
f 5608 5614 5652
f 5409 4790 4786
f 6417 6409 6427
f 5599 5652 5613
f 5590 5610 5615
f 5413 5437 5537
f 5437 4795 4796
f 4797 4802 4798
f 5401 4799 4887
f 4808 4818 4779
f 4779 4818 4780
f 4798 4800 4797
f 5610 5607 5616
f 4771 4801 4789
f 4798 4802 4801
f 4803 4829 4804
f 5587 5574 5609
f 5647 5648 5812
f 5413 5611 5437
f 5517 5594 4534
f 6372 6404 6434
f 6265 5496 5646
f 5496 5517 5625
f 5523 5617 5612
f 5618 5670 5656
f 5566 5619 5607
f 5608 5591 5614
f 5591 5590 5615
f 5370 5132 5131
f 5410 4805 4806
f 4808 4827 4807
f 5410 4825 4805
f 4808 4807 4818
f 5412 4825 5410
f 5364 4809 4816
f 4841 4810 5387
f 4784 4882 4811
f 5407 4812 5392
f 4799 5387 4810
f 4789 4801 4823
f 5593 5620 5621
f 5596 5593 5621
f 5603 5622 5623
f 5412 4796 4813
f 6613 6424 6428
f 4789 4823 4774
f 7210 5596 5604
f 7209 5678 5672
f 5618 7209 5672
f 5618 5672 5670
f 5600 5613 5666
f 5566 5582 5670
f 5566 5670 5619
f 5616 5624 5610
f 4800 4814 4797
f 4800 4783 4814
f 6613 6429 6458
f 5407 4804 4812
f 5625 5517 4534
f 5591 5615 5644
f 4790 4815 4786
f 5412 4813 4825
f 5610 5624 5615
f 5668 5623 5626
f 5603 5581 5622
f 5668 5626 5627
f 4809 4830 4816
f 4802 4797 4822
f 6430 6410 6421
f 5574 5650 5609
f 5813 5508 5575
f 5550 7200 5575
f 5605 5600 5639
f 5551 5660 5641
f 5551 5641 5647
f 5648 5611 5557
f 5570 5131 4835
f 4795 4817 4796
f 5132 4780 4819
f 4780 4818 4819
f 4796 4817 4813
f 4806 4805 4820
f 4806 4853 4792
f 4774 4823 4821
f 5612 5650 5574
f 5551 5506 5660
f 5392 4812 4790
f 6429 6613 6431
f 5623 5622 5626
f 4809 4774 4821
f 4802 4822 4801
f 5626 5622 5627
f 4801 4821 4823
f 4786 4815 4794
f 4797 4814 4822
f 4804 4829 4824
f 5615 5624 5628
f 6417 6427 6426
f 4805 4825 4820
f 5596 5621 5604
f 4792 4834 5411
f 6431 6439 6429
f 4825 4813 4836
f 4794 4815 4899
f 6423 6614 6432
f 6415 6408 5832
f 6423 6432 5756
f 5617 5629 5612
f 5601 5609 5593
f 5813 5575 5630
f 5631 5639 5676
f 5639 5600 5676
f 5613 5652 5666
f 5607 5619 5616
f 5591 5644 5614
f 5437 4826 4795
f 4813 4817 4836
f 4827 5408 4828
f 4806 4820 4853
f 4829 4803 4866
f 6404 6458 6434
f 4830 4831 4816
f 4866 4824 4829
f 4830 4832 4831
f 4830 4809 4832
f 4801 4822 4832
f 4801 4832 4821
f 4866 4899 4824
f 5612 5629 5650
f 4832 4822 4831
f 6613 6428 6431
f 6266 6433 6375
f 4809 4821 4832
f 5632 5638 6422
f 4815 4824 4899
f 4804 4824 4812
f 4899 4894 4794
f 4833 4911 4831
f 4833 4822 4814
f 4822 4833 4831
f 4790 4812 4815
f 5411 4834 4853
f 4814 4911 4833
f 5548 5554 5814
f 5633 5634 5635
f 5615 5636 5644
f 5615 5628 5637
f 4812 4824 4815
f 4807 4827 4828
f 5632 5756 5638
f 5617 5638 5629
f 6414 6415 5830
f 5617 6422 5638
f 5669 5668 5661
f 5668 5627 5661
f 5622 5813 5630
f 5606 5639 5631
f 5506 5640 5660
f 5647 5641 5642
f 5647 5642 5649
f 5131 5132 4835
f 4818 4807 4844
f 4792 4853 4834
f 5390 5411 4803
f 4783 4788 4846
f 4788 4784 4811
f 5632 5643 5756
f 4818 4844 4848
f 4836 4817 4851
f 4836 4851 4825
f 4911 4814 4837
f 4911 4837 4838
f 5644 5636 5645
f 5615 5637 5636
f 4837 4814 4838
f 4838 4814 4839
f 4894 5133 4794
f 8211 6375 5853
f 5645 5642 5644
f 4820 4825 4851
f 5633 5646 5634
f 5637 5628 5636
f 4785 4782 4840
f 4794 4860 4841
f 5647 5636 5648
f 5644 5641 5614
f 4839 4814 4842
f 5625 5634 5496
f 5631 5676 5606
f 5645 5636 5647
f 5642 5645 5649
f 5645 5647 5649
f 5646 5496 5634
f 4534 5634 5625
f 5644 5642 5641
f 5650 5651 5609
f 5533 5606 5676
f 4817 4795 4851
f 4828 5408 4877
f 5411 4843 4803
f 4814 4783 4842
f 4807 4828 4844
f 5652 5614 5653
f 5641 5653 5614
f 4820 4851 4853
f 5624 5616 5628
f 6408 5633 5832
f 4818 4848 4819
f 4841 4860 4845
f 5648 5636 5628
f 4839 4911 4838
f 5635 5634 5654
f 6434 6458 6435
f 4794 5133 4860
f 4783 4846 4842
f 5619 5655 5616
f 4844 4828 4847
f 6266 6274 6433
f 6434 6443 6445
f 5616 5655 5628
f 5656 5657 5670
f 5634 4534 5654
f 6421 6426 6436
f 5635 5654 5663
f 5635 5663 5633
f 5676 5600 5666
f 4819 4848 5132
f 5628 5655 5648
f 5648 5655 5815
f 5638 5658 5629
f 4842 4850 4839
f 4844 4847 4848
f 4860 5133 4849
f 4810 4841 4845
f 4842 4862 4850
f 4850 4862 4839
f 5638 5756 5658
f 5629 5658 5650
f 5653 5641 5659
f 5648 5815 5611
f 5641 5660 5659
f 6424 6430 6616
f 6339 6483 6615
f 5666 5652 5653
f 4851 4852 4853
f 5658 5756 5650
f 5660 5640 5659
f 4860 4849 4856
f 6421 6437 6430
f 6426 6427 6438
f 5659 5679 5653
f 6427 6450 6438
f 6431 6428 6439
f 6426 6438 6452
f 4851 4795 4854
f 4781 4840 4782
f 6424 6440 6428
f 4851 4854 4852
f 4788 4857 4846
f 6421 6436 6437
f 5655 5619 5815
f 5627 5622 5661
f 5575 7200 5686
f 5570 5662 5640
f 5570 4835 5662
f 5132 4848 4864
f 5408 5364 4963
f 4810 4865 4799
f 5401 4887 4781
f 4862 4855 4868
f 4862 4859 4855
f 6424 6616 6440
f 4842 4846 4857
f 4860 4856 4861
f 6430 6437 6616
f 4810 4845 4865
f 6434 6435 6443
f 4842 4857 4862
f 4848 4847 4858
f 4855 4859 4875
f 4860 4861 4845
f 4862 4857 4859
f 4869 4868 4855
f 5654 4534 5663
f 5533 5676 5664
f 5611 5665 5437
f 4795 4826 5675
f 4795 5675 4863
f 4839 4862 4898
f 4865 4887 4799
f 4785 4840 4882
f 4848 4858 4864
f 6428 6440 6441
f 5875 6425 5873
f 6428 6441 6439
f 4861 4856 4884
f 4845 4861 4874
f 5666 5653 5679
f 4845 4874 4865
f 6438 6442 6447
f 6438 6447 6452
f 4803 4967 4866
f 4859 4857 4875
f 6443 6444 6445
f 6444 6443 6435
f 6447 6442 6446
f 6447 6453 6452
f 6446 6435 6447
f 6444 6446 6445
f 6444 6435 6446
f 6438 6450 6442
f 5659 5667 5679
f 6440 6616 6448
f 5832 5633 5663
f 5668 5669 5623
f 5505 5533 5664
f 5706 5665 5611
f 5437 5665 4826
f 5680 4835 4867
f 4835 5132 4867
f 4898 4862 4868
f 4856 4849 4906
f 4868 4869 4879
f 6439 6441 6429
f 4861 4873 4874
f 5666 5679 5671
f 4855 4875 4869
f 5619 5670 5815
f 4788 4870 4857
f 5364 4816 4963
f 4884 4873 4861
f 5666 5671 5676
f 4857 4870 4875
f 5815 5670 5672
f 5657 5670 5673
f 4875 4871 4869
f 5659 5640 5667
f 4828 4936 4847
f 6427 6409 6450
f 5674 5675 4826
f 4828 4877 4936
f 5133 4979 4849
f 4856 4906 4884
f 4868 4879 4898
f 4869 4871 4879
f 4867 4872 5680
f 5679 5677 5671
f 5671 5664 5676
f 5554 5604 5814
f 5664 5671 5677
f 4874 4891 4865
f 4873 4896 4874
f 5672 5678 5815
f 6449 6442 6450
f 5505 5664 5679
f 5683 5680 4872
f 4865 4888 4887
f 4887 4893 4781
f 5675 5674 4943
f 5680 5683 5662
f 6382 6355 6451
f 5815 5681 5611
f 4835 5680 5662
f 4865 4891 4888
f 6426 6452 6453
f 6447 6435 6453
f 6281 5837 8179
f 4875 4870 4890
f 5664 5677 5679
f 6426 6453 6454
f 6455 8179 5837
f 4871 4875 4876
f 6435 6459 6453
f 4840 4781 4880
f 6445 6446 6456
f 6448 6616 6457
f 6437 6457 6616
f 7200 5505 5686
f 5611 5681 5706
f 4877 5408 4878
f 5408 4963 4878
f 4839 4898 5138
f 4879 4871 4876
f 4874 4896 4891
f 4893 4880 4781
f 4831 4881 4816
f 4811 4882 4883
f 6435 6458 6459
f 5815 5678 5681
f 4884 4906 4873
f 4875 4890 4876
f 8211 5853 6290
f 4870 4885 4886
f 4870 4788 4885
f 4887 4888 4903
f 4788 4811 4889
f 4788 4889 4885
f 4890 4870 4892
f 4888 4891 5134
f 6436 6426 6454
f 5662 5687 5682
f 4870 4886 4892
f 4887 4902 4893
f 5662 5682 5816
f 5683 4916 5687
f 5683 5687 5662
f 4891 5135 5134
f 5674 4826 5684
f 6440 6448 6460
f 6458 6429 6441
f 6448 6457 6471
f 5505 5679 5686
f 5667 5640 5685
f 4853 4852 4924
f 4853 4843 5411
f 5133 4894 4979
f 4943 5674 5704
f 5674 5684 5704
f 6437 6436 6457
f 4882 4840 5136
f 4979 4895 4849
f 4891 4896 5135
f 4896 4873 4897
f 4873 4906 4897
f 4892 4876 4890
f 4879 4876 4898
f 6441 6440 6460
f 6446 6442 6461
f 4847 4936 4935
f 4816 4964 4963
f 4894 4899 4979
f 4892 4919 4876
f 4811 4883 4900
f 5678 5693 5681
f 4889 4901 4885
f 4893 4902 4880
f 6459 6462 6453
f 4886 4885 4929
f 4888 4910 4903
f 4876 4919 4904
f 6355 5919 6451
f 4892 4886 4919
f 4876 4904 4898
f 5135 4896 4906
f 5679 5667 5686
f 5682 5687 5688
f 5135 4905 5134
f 4896 4897 4906
f 4889 4811 4907
f 5134 4905 4888
f 4887 4908 4909
f 4889 4907 4901
f 4888 5137 4910
f 4883 4882 5136
f 4903 4908 4887
f 5620 5593 5689
f 5816 5688 5690
f 5816 5682 5688
f 4811 4900 4907
f 4840 4880 5136
f 4883 5136 4900
f 5667 5685 5686
f 4885 4901 4929
f 6458 6463 6459
f 5137 4888 4905
f 4858 4847 4935
f 4831 4911 4912
f 4904 5138 4898
f 4903 4910 4908
f 4887 4913 4902
f 4887 4909 4913
f 4907 4915 4914
f 4907 4900 4915
f 5685 5640 5694
f 4916 5683 5727
f 4867 5132 4917
f 4911 4839 4912
f 4900 5136 4918
f 4907 4914 4901
f 4904 4919 5138
f 5137 4926 4910
f 4905 4920 5137
f 5135 4920 4905
f 4909 4908 4921
f 5137 4920 4928
f 4936 4877 4945
f 4908 4910 4922
f 6274 6414 5845
f 4886 4923 4919
f 4900 4918 4915
f 5816 5690 5662
f 5688 5687 5691
f 5685 5694 5692
f 6457 6436 6617
f 5678 5814 5693
f 5687 4916 5691
f 5675 4943 4946
f 4853 4924 4843
f 4839 5138 4925
f 4920 5135 4933
f 4910 4926 4927
f 4908 4922 4921
f 5137 4927 4926
f 6459 6463 6462
f 5137 4928 4927
f 4886 4929 4923
f 5727 5683 4872
f 4906 4933 5135
f 5669 5661 5717
f 5138 4919 4923
f 6458 6618 6463
f 5685 5692 5817
f 4826 5700 5684
f 4945 4877 4878
f 4929 4901 4914
f 4929 4914 4930
f 4927 4922 4910
f 4902 4913 4880
f 4909 4921 4913
f 6453 6473 6454
f 4816 4881 4964
f 5692 5694 5703
f 6355 6372 5919
f 4854 4957 4852
f 6617 6436 6464
f 6372 6434 5919
f 5685 5817 5686
f 5694 5640 5695
f 4943 5140 4946
f 5132 4864 4953
f 4854 4795 4957
f 5143 4945 4878
f 4923 4929 4931
f 4923 4931 4932
f 5706 5708 5665
f 4826 5665 5712
f 5694 5695 5715
f 6281 6401 5837
f 5665 5708 5696
f 6615 6465 6406
f 6618 6462 6463
f 5138 4923 4932
f 5692 5703 5697
f 4933 4906 4849
f 5830 6415 5831
f 5669 5698 5623
f 5669 5717 5698
f 4858 4935 4934
f 4924 4852 4960
f 4935 4936 4945
f 4839 4925 4912
f 4826 5699 5700
f 5604 4594 5814
f 6448 6471 6460
f 4866 4967 4899
f 4899 4967 5141
f 4803 4961 4967
f 5706 5681 5701
f 4927 4928 4937
f 6415 5832 6239
f 5686 5817 5702
f 5693 5701 5681
f 4872 4938 5727
f 4872 4867 4938
f 4867 4917 4939
f 4843 4961 4803
f 5694 5715 5709
f 5694 5709 5703
f 4943 5704 5705
f 5706 5707 5708
f 5675 4940 4863
f 4880 4913 5136
f 6453 6462 6473
f 4826 5712 5699
f 5703 5709 5697
f 5692 5697 5817
f 6382 5877 6425
f 5702 5817 5710
f 5708 5707 5711
f 5708 5711 5696
f 5696 5711 5722
f 4920 4933 4941
f 4921 4942 4913
f 5706 5701 5707
f 6290 6466 6339
f 5663 6239 5832
f 5665 5696 5729
f 5665 5729 5712
f 6454 6473 6436
f 5715 5713 5709
f 6406 6465 6467
f 5710 5817 5697
f 5696 5722 5714
f 5690 5688 5691
f 4943 5705 5140
f 4864 4858 4934
f 4831 4912 4881
f 4933 4849 4956
f 6436 6473 6464
f 5715 5736 5713
f 5709 5713 5716
f 6414 5830 5845
f 5695 5818 5715
f 6290 5853 6466
f 5661 5622 5717
f 5693 5814 5774
f 5693 5774 5701
f 5640 5662 5718
f 5662 5690 5718
f 5690 5691 5719
f 5704 5684 5705
f 4843 4924 4944
f 4928 4920 5048
f 5136 5154 4918
f 5707 5701 5720
f 4945 4954 4935
f 4594 5604 5721
f 4924 4960 4944
f 5714 5722 5723
f 4945 5143 4954
f 5729 5696 5730
f 5709 5724 5697
f 5620 5689 5621
f 5707 5720 5711
f 5675 4946 4940
f 5132 4953 4917
f 4864 4934 4953
f 4944 4947 4843
f 4899 5141 4948
f 4899 4948 4979
f 5138 4949 4925
f 5814 5725 5774
f 5136 4913 5154
f 6445 6456 6468
f 5709 5716 5726
f 5609 5651 5824
f 5697 5724 5738
f 5640 5718 5695
f 5691 4916 5727
f 4938 4867 4939
f 4934 4935 4950
f 6418 6406 6467
f 4954 5143 4951
f 4534 4563 4535
f 5722 5711 5745
f 4937 4928 5048
f 5702 5710 5728
f 5697 5738 5710
f 5724 5709 5820
f 5711 5720 5732
f 5722 5745 5723
f 5729 5730 5712
f 5684 5700 5705
f 4938 4939 5727
f 4795 4863 4957
f 4852 4957 4952
f 4934 4950 4953
f 4852 4952 4960
f 4895 4941 4849
f 4849 4941 4956
f 5705 5145 5140
f 5140 5139 4946
f 5736 5716 5713
f 5736 5731 5716
f 6458 6441 6469
f 5651 5650 5824
f 5723 5734 5714
f 5714 5740 5696
f 5718 5690 5822
f 5727 5739 5691
f 5727 4939 5739
f 4863 4940 4971
f 4954 4951 4935
f 4949 5138 4932
f 4931 4929 4955
f 4863 4971 4957
f 4933 4956 4941
f 4940 4946 5139
f 5686 5702 5575
f 4930 4955 4929
f 4957 4959 4952
f 5716 5820 5726
f 4953 4958 4917
f 4953 4950 4958
f 5711 5732 5745
f 5720 5701 5733
f 5709 5726 5820
f 5723 5745 5734
f 5714 5734 5740
f 5736 5737 5731
f 5696 5740 5730
f 5818 5695 5819
f 5818 5819 5735
f 5695 5718 5819
f 5690 5719 5822
f 4957 4971 4959
f 4960 4952 5006
f 4961 4843 4962
f 4963 4964 4965
f 4964 4966 4965
f 5141 4967 5142
f 4881 4912 4968
f 5048 4920 4975
f 4939 4917 4969
f 5140 5145 5139
f 5139 4970 4940
f 4940 5144 4971
f 4970 5144 4940
f 4939 4994 5739
f 6401 6470 5837
f 6441 6460 6475
f 5593 5609 4561
f 5141 5142 4972
f 5141 4972 4948
f 5731 5737 5716
f 4963 4973 4878
f 4939 4969 4994
f 4881 4966 4964
f 4971 5144 5150
f 4917 4958 4969
f 4967 4961 4974
f 4967 4974 5142
f 6464 6473 6617
f 5720 5733 5732
f 5736 5715 5737
f 5715 5735 5737
f 5715 5818 5735
f 5730 5749 5712
f 5739 5743 5691
f 4960 5006 4947
f 4960 4947 4944
f 5143 4878 5001
f 4941 4975 4920
f 4937 4976 4927
f 4914 4915 4977
f 5139 4978 4970
f 4952 4959 5006
f 4927 4976 4922
f 4959 4971 5150
f 4958 4981 4969
f 4948 4972 4979
f 4912 4980 4968
f 4950 4981 4958
f 5006 4959 5150
f 5716 5737 5820
f 5738 5728 5710
f 6473 6503 6617
f 6415 6239 5831
f 5701 5774 5733
f 5712 5749 5742
f 5145 4978 5139
f 4950 4935 4982
f 4935 4951 4982
f 4951 5143 5001
f 4878 4973 5001
f 4949 4992 4925
f 4961 4962 5017
f 5006 4983 4947
f 4912 4925 4980
f 4994 4969 4987
f 5142 4974 4988
f 4966 4984 4965
f 5739 4985 5743
f 4994 4985 5739
f 4951 5001 4986
f 4969 4981 4987
f 4963 4965 4973
f 5142 4989 4972
f 5734 5745 5740
f 4974 4961 5017
f 4950 4982 4981
f 6471 6457 6617
f 5724 5820 5738
f 5737 5735 5741
f 5712 5742 5699
f 5719 5691 5743
f 5008 4962 4843
f 4974 5017 4988
f 4915 4918 5155
f 4895 4979 4989
f 4972 4989 4979
f 5756 6432 5833
f 5142 4988 4989
f 4985 4994 5037
f 4881 4968 4966
f 5575 5702 5744
f 4925 4992 4980
f 4970 4990 5144
f 5745 5732 5740
f 5740 5746 5730
f 5735 5764 5741
f 4951 4986 4982
f 4947 5008 4843
f 4973 4965 5020
f 4988 5017 4991
f 4965 4984 5147
f 4989 4988 5003
f 4895 5004 4941
f 4949 5010 4992
f 4932 5010 4949
f 4937 5048 4976
f 4987 4993 4994
f 4987 5039 4993
f 4966 4968 4995
f 5062 4996 5146
f 4998 4997 4999
f 5037 5825 4985
f 4998 4999 5000
f 4968 4980 4995
f 4998 5000 5062
f 4918 5154 5155
f 4895 4989 5023
f 5743 5747 5719
f 5623 5698 4549
f 5732 5733 5748
f 5820 5821 5738
f 5820 5737 5741
f 5740 5732 5746
f 5730 5746 5749
f 5819 5764 5735
f 5819 5718 5764
f 4987 4981 5039
f 4982 4986 5001
f 5008 5046 4962
f 4962 5046 5017
f 4965 5002 5020
f 4965 5147 5002
f 4984 4995 5147
f 4984 4966 4995
f 5003 5014 4989
f 4989 5014 5023
f 4941 5004 4975
f 5010 4932 4931
f 5062 5000 4996
f 5749 5750 5742
f 5743 4985 5825
f 4990 4970 5145
f 5146 4996 5012
f 4978 5145 4970
f 5000 4999 4996
f 5825 5037 5751
f 4895 5023 5004
f 4990 5145 5752
f 4992 5005 4980
f 5013 5012 5823
f 5145 5700 5758
f 5700 5145 5705
f 6450 6409 5988
f 5774 5748 5733
f 5820 5741 5821
f 5732 5753 5746
f 5741 5754 5821
f 5742 5755 5699
f 5719 5747 5822
f 5006 5150 4983
f 4981 4982 5007
f 4983 5008 4947
f 5001 4973 5020
f 5020 5002 5148
f 4988 4991 5009
f 4988 5009 5003
f 4992 5010 5005
f 4921 4922 5011
f 4915 5155 4977
f 5012 5013 5146
f 5738 5821 5728
f 5877 5873 6425
f 5650 5756 5761
f 5013 5823 5037
f 5002 5147 5148
f 5037 5823 5751
f 5014 5003 5015
f 4996 5752 5757
f 6374 6332 5875
f 5750 5749 5746
f 4995 5016 5147
f 5017 5018 4991
f 5741 5764 5754
f 4980 5005 5019
f 5575 5744 5630
f 5700 5699 5758
f 5013 4511 5146
f 4998 5062 4999
f 4982 5001 5007
f 5020 5148 5021
f 4534 5759 5663
f 5014 5022 5023
f 4995 5044 5016
f 5009 5024 5003
f 5025 5147 5016
f 5003 5024 5026
f 5003 5026 5027
f 5003 5027 5015
f 4995 4980 5028
f 5014 5015 5022
f 5024 5009 5026
f 5147 5025 5148
f 5009 4991 5029
f 5015 5027 5041
f 5016 5044 5025
f 4995 5028 5044
f 5026 5041 5027
f 5009 5029 5026
f 4594 5725 5814
f 5023 5022 5004
f 4991 5018 5030
f 5005 5010 5019
f 5044 5028 5031
f 5026 5029 5041
f 5751 5823 5825
f 4991 5055 5054
f 5825 5823 5757
f 5029 4991 5054
f 5028 4980 5149
f 4991 5030 5055
f 6274 5845 6433
f 5025 5044 5032
f 5015 5041 5033
f 5008 5034 5046
f 4980 5035 5149
f 5004 5036 4975
f 5732 5748 5753
f 5145 5758 5760
f 5650 5761 5824
f 5698 5717 4491
f 5764 5718 5762
f 5699 5755 5758
f 4511 5013 5037
f 5144 4990 5049
f 5008 4983 5034
f 4930 5038 4955
f 5746 5766 5750
f 4981 5007 5039
f 5743 5825 5747
f 5001 5020 5040
f 5004 5022 5036
f 5746 5753 5766
f 5028 5149 5031
f 5030 5018 5055
f 5054 5058 5029
f 5029 5058 5041
f 5022 5033 5053
f 5015 5033 5022
f 5021 5148 5042
f 5021 5042 5020
f 4980 5051 5035
f 4980 5019 5051
f 6450 5988 5974
f 5753 5748 5766
f 5025 5043 5148
f 5044 5031 5045
f 5017 5046 5018
f 5020 5042 5047
f 5036 5048 4975
f 5035 5051 5149
f 5750 5766 5742
f 5025 5032 5043
f 5756 5833 5761
f 5718 5822 5762
f 5145 5760 5752
f 4990 4999 5049
f 5034 4983 5050
f 5031 5149 5152
f 5010 4931 5061
f 4930 4914 5038
f 4914 4977 5038
f 5051 5060 5149
f 5019 5010 5060
f 5036 5022 5048
f 5022 5053 5048
f 5752 5763 5757
f 6434 6445 5919
f 5020 5047 5040
f 5046 5034 5052
f 5821 5754 5728
f 5053 5033 5048
f 5054 5055 5056
f 6432 5835 5833
f 5046 5052 5018
f 5019 5060 5051
f 5754 5764 5728
f 5052 5034 5050
f 5757 5763 5825
f 5001 5040 5070
f 5663 5889 6239
f 5042 5057 5047
f 6450 5974 6449
f 5148 5043 5042
f 5054 5088 5058
f 5044 5059 5032
f 5044 5045 5059
f 5031 5152 5045
f 5060 5010 5061
f 4511 5062 5146
f 5150 5151 4983
f 4983 5151 5050
f 5041 5058 5084
f 5041 5084 5033
f 5149 5060 5152
f 5040 5047 5057
f 5052 5050 5063
f 5018 5052 5068
f 5747 5825 5765
f 5717 5622 4491
f 5766 5748 5779
f 5766 5755 5742
f 4993 5039 5064
f 5007 5001 5065
f 5040 5057 5066
f 5057 5042 5080
f 5762 5822 5767
f 5042 5043 5080
f 4999 5062 5049
f 6419 5988 6409
f 5752 5760 5763
f 5825 5826 5765
f 5825 5763 5826
f 5039 5007 5065
f 5063 5050 5067
f 5070 5040 5066
f 5068 5052 5110
f 5058 5088 5084
f 5033 5069 5048
f 5060 5061 5072
f 5054 5056 5088
f 5048 5069 5083
f 5822 5747 5765
f 5043 5032 5059
f 5822 5765 5767
f 5728 5762 5702
f 5001 5070 5065
f 5774 5779 5748
f 5779 5755 5766
f 5728 5764 5762
f 4511 5037 5071
f 5070 5066 5078
f 5043 5059 5080
f 5758 5827 5760
f 5066 5057 5076
f 6462 6472 6473
f 6445 6468 5919
f 4993 5064 4994
f 5760 5827 5763
f 5070 5078 5065
f 6401 6374 6470
f 6614 5834 6432
f 5744 5702 5768
f 5702 5762 5769
f 5037 4994 5071
f 5150 4518 5151
f 5067 5110 5063
f 5063 5110 5052
f 5055 5018 5056
f 5152 5060 5072
f 5152 5072 5073
f 5048 5101 5077
f 5057 5080 5076
f 6471 6617 6474
f 4913 5074 5154
f 5018 5095 5056
f 5758 5755 5770
f 5762 5767 5772
f 5068 5110 5075
f 5066 5076 5078
f 5018 5068 5075
f 5033 5084 5069
f 5048 5083 5101
f 5072 5061 4102
f 4976 5048 5077
f 5065 5078 5102
f 5702 5769 5768
f 5758 5770 5827
f 5062 4511 4498
f 5018 5075 5095
f 4994 5064 5071
f 5150 5144 4518
f 5151 5090 5050
f 5073 5072 5079
f 5072 4102 5079
f 5076 5080 5081
f 5069 5082 5083
f 5069 5084 5098
f 5768 5769 4495
f 4913 4942 5074
f 5045 5152 5153
f 5045 5153 5085
f 5059 5086 5080
f 5087 5086 5059
f 5837 6470 5841
f 5059 5045 5087
f 5084 5088 5089
f 5084 5089 5097
f 5088 5097 5089
f 5078 5081 5102
f 5087 5045 5085
f 5056 5099 5103
f 5604 5621 4585
f 5769 5762 5775
f 5762 5772 5775
f 5039 4515 5064
f 5067 5090 5110
f 4976 5011 4922
f 4921 5011 4942
f 5056 5103 5088
f 5086 5091 5080
f 5088 5103 5097
f 5152 5092 5153
f 5086 5093 5091
f 5082 5069 5098
f 5097 5098 5084
f 5080 5091 5107
f 5073 5092 5152
f 5078 5076 5081
f 5056 5095 5099
f 5767 5765 5771
f 5081 5080 5107
f 5765 5826 5771
f 5085 5153 5104
f 4491 5782 5781
f 5086 5094 5093
f 5091 5093 5107
f 5073 5079 5092
f 5095 5075 5096
f 5097 4105 5098
f 5110 5096 5075
f 5772 5767 5773
f 5099 5095 5103
f 5087 5085 5086
f 5083 5100 5101
f 5081 5117 5102
f 5663 5759 5889
f 5774 4492 5795
f 5061 4931 4955
f 5769 5775 5828
f 5103 5095 5120
f 5153 5092 5104
f 4495 5769 5776
f 5083 5082 5100
f 5774 5795 5779
f 5763 5827 5777
f 5086 5085 5105
f 5770 5755 5777
f 5086 5105 5094
f 5095 5112 5120
f 5085 5104 4140
f 5095 5096 5112
f 6617 6503 6474
f 5769 5828 5776
f 5826 5763 5778
f 5767 5771 5773
f 5082 4106 5100
f 5065 5102 5117
f 5094 4507 5093
f 5082 5098 4106
f 5779 5780 5755
f 5604 4585 5721
f 5770 5777 5827
f 5103 5120 5106
f 5065 4515 5039
f 5107 5093 4507
f 6441 6475 6469
f 6418 6467 6476
f 5698 4491 4549
f 4491 5781 4549
f 4491 5622 5782
f 4492 5774 5725
f 5050 5090 5067
f 5103 5106 4104
f 5103 4104 5097
f 5097 4104 4105
f 5108 4102 5061
f 5077 5114 4976
f 5154 5074 5109
f 5755 5829 5777
f 5777 5778 5763
f 5772 5773 5783
f 5772 5783 5784
f 5779 5795 5780
f 5772 5784 5775
f 5096 5110 5111
f 5755 5780 5829
f 4590 5622 5785
f 6483 6465 6615
f 5826 5778 5786
f 5154 5109 5155
f 5110 4497 5111
f 6618 6472 6462
f 6432 5834 5835
f 5151 4518 4519
f 5065 5117 5116
f 5096 5111 5112
f 5105 5085 4140
f 5098 4105 4106
f 5092 5079 5113
f 5079 4102 5113
f 4977 5155 5038
f 5784 5783 5775
f 5094 5105 4507
f 5787 5796 4509
f 6419 6418 5869
f 5795 5787 4509
f 5787 5795 5796
f 5771 5826 5786
f 5988 6419 5869
f 5780 5795 5829
f 5797 4503 5788
f 5776 5828 4503
f 5797 5776 4503
f 5776 5797 4495
f 5775 5783 5828
f 5795 4509 5789
f 5105 4140 5121
f 5116 5117 4527
f 4104 5106 4092
f 4104 4092 5127
f 5104 5092 5113
f 5100 4107 5101
f 5077 5101 5114
f 5074 5115 5109
f 5788 5799 5797
f 5795 5789 5829
f 5622 5630 5785
f 5778 5777 5789
f 5777 5829 5789
f 5828 5783 4503
f 5773 5771 5783
f 5801 5789 4509
f 5786 5783 5771
f 5778 5790 5786
f 5783 5786 5800
f 5786 5790 5800
f 5778 5791 5792
f 5778 5789 5791
f 4942 5115 5074
f 5792 5791 5790
f 5792 5790 5778
f 5090 5151 4505
f 5801 5793 5789
f 5791 5789 5790
f 5783 5800 4503
f 5155 5109 5038
f 5789 5793 5790
f 4503 5800 5794
f 5836 5839 6614
f 5831 6239 5856
f 5049 4518 5144
f 4515 5065 5116
f 5090 4497 5110
f 5117 5081 5118
f 5117 5118 4527
f 4507 5105 4122
f 4140 5129 5121
f 5113 4102 4095
f 4942 4100 5115
f 4942 5011 4100
f 6503 6473 6477
f 5831 5856 5830
f 5795 4492 5796
f 5081 5107 5118
f 4092 5106 4500
f 5790 5793 4753
f 5830 5856 5849
f 4549 5781 4493
f 5781 5782 4494
f 5797 5799 5798
f 5799 5788 5798
f 5800 5790 4753
f 5116 4527 5119
f 5112 4755 5120
f 5101 4107 5114
f 6418 6476 5869
f 5788 4503 5798
f 6455 5837 5838
f 6374 5875 6478
f 5836 6455 5839
f 4495 5797 4496
f 5800 4502 5794
f 5801 5802 5793
f 5793 5802 4753
f 5151 4519 4505
f 4976 5114 4116
f 5090 4525 4497
f 5127 5126 4104
f 5121 5129 5122
f 5105 5121 5123
f 5104 5113 4096
f 5834 5843 5835
f 5049 5062 4498
f 6442 6449 6461
f 6374 6478 6470
f 5853 6375 6433
f 5835 5840 5833
f 5797 5798 4496
f 4509 4501 5801
f 5111 4755 5112
f 5100 4106 4108
f 5049 4498 4499
f 5106 5120 4500
f 5126 5128 4104
f 5122 5129 5124
f 5841 5838 5837
f 6455 5842 5839
f 4509 4536 4501
f 4513 4503 4504
f 5794 4502 4503
f 4502 5800 4753
f 5122 5125 5121
f 5108 5061 4093
f 5124 4097 5122
f 5122 4097 5125
f 5841 6470 5838
f 4502 4753 4512
f 5126 5127 4098
f 5126 4098 5128
f 6449 6479 6461
f 5796 5803 4509
f 5801 4501 5802
f 4503 4502 4508
f 4503 4508 4504
f 4505 4506 5090
f 4097 5124 4094
f 5038 5109 4115
f 5127 4092 4098
f 5842 6455 5838
f 5124 5129 4094
f 4507 4144 5118
f 6614 5839 5834
f 4502 4512 4508
f 4753 5802 4501
f 6472 6618 6488
f 5834 6243 5843
f 5796 4492 5803
f 4509 5803 4510
f 4509 4510 4536
f 4511 5071 4498
f 4505 4519 4506
f 4507 5118 5107
f 5123 5121 5125
f 5129 4147 4094
f 5061 4955 4112
f 5113 4095 4096
f 6446 6494 6456
f 4512 4753 4754
f 4097 4094 4113
f 6449 5974 6479
f 5830 5844 5845
f 5798 4503 4513
f 5049 4499 4518
f 4518 4499 4514
f 5116 5119 4515
f 5100 4108 4107
f 4976 4117 5011
f 5835 5843 5846
f 5038 4453 4955
f 6433 5845 5847
f 5622 4590 5782
f 4492 4614 5803
f 5120 4755 4516
f 4754 4508 4512
f 5839 5842 5848
f 5830 5849 5844
f 4513 4504 4508
f 5071 5064 4517
f 4518 4514 4519
f 4519 4514 4520
f 4519 4520 4506
f 4092 4101 4098
f 5128 4098 4099
f 4107 4109 5114
f 5114 4109 4116
f 5845 5844 5847
f 4753 4501 4754
f 6473 6480 6477
f 5071 4517 4498
f 5621 4587 4585
f 5835 5846 5840
f 6458 6481 6618
f 6458 6469 6481
f 5115 4100 4115
f 5011 4117 4100
f 6446 6461 6486
f 6473 6472 6480
f 5834 5839 6243
f 5798 4521 4496
f 4754 4522 4508
f 4515 5119 4523
f 4098 4101 4099
f 4095 4102 5108
f 5849 5856 5850
f 6460 6482 6475
f 4524 4498 4538
f 5128 4103 4104
f 4105 4138 4106
f 4514 4499 4532
f 4115 5109 5115
f 4493 5781 4494
f 5803 4541 4510
f 4754 4501 4522
f 5064 4515 4517
f 4144 4507 4122
f 4107 4108 4109
f 5846 5843 6240
f 4117 4110 4100
f 5839 5848 6243
f 4498 4517 4538
f 5623 4550 4563
f 4498 4524 4499
f 5842 5838 5848
f 4093 5061 4112
f 6483 6339 6466
f 5621 5689 4587
f 4506 4531 5090
f 5090 4531 4525
f 5119 4526 4523
f 4527 5118 4528
f 5129 4140 4147
f 4976 4116 4117
f 4514 4529 4520
f 5847 5851 6433
f 4515 4523 4530
f 4515 4530 4517
f 4115 4100 4111
f 5623 4549 4550
f 6484 6494 6446
f 4523 4526 4530
f 4520 4529 4531
f 4520 4531 4506
f 5846 6240 5852
f 4514 4532 4529
f 6446 6486 6484
f 6456 6485 6468
f 5853 5860 5896
f 5111 4497 4755
f 4092 4500 4126
f 4955 4453 4112
f 5846 5852 5840
f 5853 6433 5851
f 5848 5838 5854
f 4532 4499 4557
f 4499 4533 4557
f 5847 5844 5851
f 4499 4524 4533
f 4529 4539 4531
f 5759 4534 4535
f 4522 4501 4536
f 5119 4527 4528
f 5125 4097 4113
f 4094 4114 4113
f 4453 5038 4115
f 4525 4531 4545
f 4497 4525 4537
f 5838 6242 5854
f 4517 4530 4538
f 4116 4118 4117
f 4529 4545 4539
f 4529 4532 4545
f 4526 4538 4530
f 4545 4531 4539
f 5593 4596 5689
f 4526 5119 4524
f 4532 4557 4545
f 4508 4522 4540
f 5843 6243 6240
f 5849 5855 5844
f 6239 5889 5856
f 5803 4614 4541
f 4508 4540 4546
f 4508 4546 4547
f 5119 4528 4524
f 4497 4537 4542
f 4108 4106 4454
f 4109 4108 4133
f 5856 5889 5850
f 4526 4524 4538
f 4116 4109 4118
f 5853 5896 5857
f 4115 4111 4135
f 6470 5858 5838
f 5853 5857 6466
f 4133 4108 4119
f 4513 4508 4547
f 4524 4543 4533
f 4537 4544 4542
f 4497 4542 4755
f 4108 4454 4119
f 4093 4112 4120
f 5118 4566 4528
f 4525 4545 4537
f 5853 5859 5860
f 5689 4596 4598
f 4540 4522 4552
f 4117 4118 4110
f 4546 4540 4552
f 4109 4133 4118
f 4112 4453 4160
f 6486 6461 6489
f 4112 4160 4120
f 6456 6494 6485
f 5123 5125 4113
f 5108 4093 4120
f 4546 4552 4547
f 4118 4133 4121
f 4536 4548 4522
f 4522 4555 4552
f 4541 4614 4510
f 4522 4548 4555
f 4118 4121 4110
f 5108 4160 4161
f 4513 4547 4554
f 6460 6471 6482
f 5838 5858 5884
f 5838 5884 6242
f 5849 5850 5855
f 4549 4493 4550
f 5785 5630 4551
f 4122 5105 4123
f 4094 4147 4124
f 4106 4138 4454
f 5108 4125 4095
f 4552 4553 4547
f 4548 4536 4556
f 4548 4556 4555
f 4547 4553 4554
f 5104 4096 4455
f 4095 4125 4096
f 4453 4115 4160
f 4555 4553 4552
f 4110 4111 4100
f 4125 5108 4161
f 6494 6484 6487
f 4543 4524 4756
f 6618 6481 6488
f 5744 5768 4495
f 4542 4544 4755
f 4092 4126 4101
f 5128 4099 4127
f 4096 4128 4455
f 5108 4120 4160
f 4133 4145 4121
f 4513 4554 4565
f 5860 5859 5861
f 6470 5862 5858
f 5853 5851 5859
f 6489 6484 6486
f 6461 6620 6489
f 4556 4536 4562
f 6479 6490 6461
f 6479 5974 6490
f 6382 6451 5877
f 5833 5840 5863
f 5759 4535 5902
f 4533 4192 4557
f 4557 4192 4545
f 4537 4545 4186
f 5105 4129 4123
f 5105 5123 4129
f 4094 4124 4130
f 5850 5889 5855
f 6487 6484 6491
f 4566 4558 4528
f 6474 6493 6471
f 4115 4135 4131
f 4545 4192 4186
f 6478 5875 5864
f 4115 4131 4160
f 4524 4528 4559
f 6484 6489 6492
f 6466 5857 6483
f 5840 5852 5863
f 4524 4559 4756
f 6480 6498 6477
f 6472 6619 6480
f 6465 5865 6467
f 4521 5798 4513
f 4510 4560 4562
f 4510 4562 4536
f 4513 4565 4622
f 5123 4132 4129
f 5123 4113 4154
f 5123 4154 4132
f 4114 4094 4130
f 5128 4127 4103
f 4103 4155 4104
f 4133 4119 4134
f 4133 4134 4145
f 4111 4146 4135
f 5848 5854 6243
f 4111 4110 4146
f 4555 4579 4553
f 4135 4136 4131
f 4146 4110 4121
f 4160 4131 4137
f 4138 4139 4454
f 4140 5104 4148
f 4131 4136 4137
f 4510 4614 4560
f 4537 4186 4544
f 6619 6498 6480
f 5860 5866 5867
f 5860 5867 5896
f 5824 5761 4561
f 5609 5824 4561
f 4521 4513 4496
f 4556 4562 4572
f 5120 4516 4500
f 4130 4124 4141
f 4128 4096 4142
f 4104 4155 4159
f 4104 4159 4105
f 5852 6240 5868
f 5863 5852 5868
f 4146 4143 4135
f 5869 5870 5988
f 4563 4550 4564
f 5593 4561 4596
f 6484 6492 6491
f 6489 6620 6492
f 4454 4134 4119
f 4125 4142 4096
f 4755 4544 4163
f 6467 5871 6476
f 6474 6503 6493
f 6494 6495 6485
f 5869 6476 5879
f 5884 5872 6242
f 5860 5861 5866
f 4122 4123 4144
f 4154 4113 4114
f 4145 4146 4121
f 4137 4136 4160
f 4147 4140 4124
f 4454 4139 4134
f 6491 6496 6487
f 6470 6478 5862
f 5873 5874 5875
f 6491 6492 6497
f 6491 6497 6496
f 6494 6487 6495
f 5875 5874 5876
f 4101 4126 4151
f 4101 4151 4099
f 6487 6496 6495
f 5873 5877 5874
f 6243 5854 5878
f 6490 6621 6461
f 5869 5879 5870
f 5866 5861 5880
f 6240 6243 5868
f 4554 4576 4565
f 4554 4553 4576
f 5118 4144 4566
f 4099 4151 4127
f 4103 4127 4155
f 4124 4140 4148
f 4148 5104 4149
f 5104 4455 4149
f 4134 4146 4145
f 6620 6461 6621
f 5884 5887 5872
f 6483 6241 6465
f 4566 4144 4558
f 6498 6619 6499
f 4555 4556 4579
f 6478 5891 5862
f 4553 4579 4577
f 6467 5865 5871
f 4151 4126 4152
f 5833 5863 5761
f 5761 5881 4561
f 4544 4186 4163
f 4755 4150 4516
f 4141 4124 4157
f 4127 4151 4152
f 6498 6505 6477
f 5879 6476 5882
f 4134 4139 4153
f 5896 5867 5897
f 5872 5887 5883
f 6498 6500 6505
f 4130 4154 4114
f 4154 4158 4132
f 4130 4141 4154
f 5866 5880 5867
f 5875 5876 5864
f 5857 6241 6483
f 6242 5872 5883
f 5689 4598 4588
f 4550 4493 4600
f 5721 4585 4594
f 4594 4567 5725
f 4553 4577 4576
f 4528 4558 4559
f 4155 4127 4152
f 4124 4148 4157
f 4134 4156 4146
f 4494 4568 4493
f 6496 6501 6495
f 6619 6472 6502
f 6619 6502 6516
f 4141 4157 4154
f 6497 6509 6496
f 4154 4157 4158
f 5785 4569 4590
f 6497 6492 6509
f 6498 6499 6500
f 6477 6506 6503
f 4155 4152 4159
f 5884 5888 5887
f 6492 6620 6524
f 6492 6524 6504
f 6499 6619 6516
f 5887 5885 5883
f 5867 5880 5897
f 6242 5883 6244
f 5761 5863 5881
f 4561 4570 4596
f 4493 4568 4600
f 4585 4586 4594
f 4495 4496 4571
f 4614 4615 4560
f 4572 4580 4556
f 4556 4580 4579
f 4160 4136 4161
f 6620 6621 6524
f 6477 6505 6506
f 6496 6509 6507
f 6496 6507 6508
f 6496 6508 6501
f 4126 4159 4152
f 6468 6485 6539
f 4590 4575 5782
f 4142 4125 4189
f 4139 4181 4153
f 6509 6492 6510
f 4590 4573 4574
f 4590 4574 4575
f 4128 4142 4189
f 6509 6510 6515
f 6492 6524 6510
f 6482 6471 6511
f 5870 5879 5882
f 5877 6451 5886
f 5885 5887 5888
f 5897 5880 5907
f 5889 5759 5855
f 4563 4564 4535
f 4561 4635 4570
f 4568 4494 5782
f 4565 4576 4578
f 4580 4572 4581
f 4576 4577 4578
f 4158 4157 4132
f 6495 6501 6512
f 4579 4580 4581
f 6495 6512 6485
f 4579 4582 4577
f 6499 6513 6500
f 6507 6509 6514
f 4585 4587 4583
f 4585 4583 4584
f 5844 5890 5851
f 4574 4605 4575
f 4585 4584 4586
f 4587 4584 4583
f 5782 4575 4601
f 6513 6499 6622
f 6500 6513 6514
f 4575 4606 4601
f 4128 4189 4162
f 4587 5689 4588
f 4587 4588 4598
f 4587 4589 4584
f 6509 6515 6523
f 5877 5886 5874
f 4569 4573 4590
f 5782 4602 4568
f 6513 6622 6514
f 4157 4129 4132
f 6507 6514 6622
f 6502 6520 6516
f 5891 6478 5864
f 5884 5858 5888
f 5844 5855 5890
f 5785 4591 4569
f 4572 4562 4581
f 4126 4500 4159
f 4455 4162 4164
f 4455 4128 4162
f 4589 4592 4584
f 6501 6508 6512
f 6509 6523 6514
f 5882 6476 5892
f 5878 5854 6244
f 5861 5859 5966
f 6500 6517 6505
f 6508 6527 6512
f 4582 4579 4593
f 6510 6524 6515
f 4150 4755 4163
f 4586 4608 4594
f 4578 4577 4595
f 4582 4593 4595
f 4579 4581 4593
f 4587 4596 4589
f 4584 4592 4597
f 4584 4597 4586
f 4587 4598 4596
f 6512 6527 6485
f 4577 4582 4595
f 4595 4593 4581
f 6243 5893 5894
f 6243 5878 5893
f 6476 5871 5892
f 6472 6488 6521
f 6471 6493 6623
f 6505 6517 6506
f 5882 5892 5870
f 5857 5896 5895
f 5896 5897 5898
f 6243 5894 5868
f 4144 4123 4456
f 4129 4157 4148
f 4105 4159 4171
f 4105 4171 4138
f 4455 4164 4149
f 4134 4153 4156
f 4146 4156 4143
f 6242 6244 5854
f 5862 5891 5899
f 4144 4456 4558
f 5865 5900 5871
f 4589 4599 4592
f 6499 6518 6622
f 4575 4605 4606
f 4139 4165 4181
f 4592 4599 4597
f 4568 4602 4600
f 6500 6519 6517
f 5782 4601 4602
f 6500 6514 6519
f 4595 4757 4578
f 6516 6518 6499
f 6622 6518 6507
f 4139 4138 4165
f 4602 4550 4600
f 4595 4581 4603
f 6524 6523 6515
f 6502 6472 6520
f 4565 4578 4604
f 5858 6246 5888
f 5888 6245 5885
f 5885 6245 5883
f 5863 5868 5881
f 5855 5759 5901
f 5759 5902 5901
f 4123 4129 4166
f 4129 4167 4166
f 4129 4148 4167
f 4148 4149 4167
f 6493 6503 6525
f 6490 5974 6533
f 6465 5903 5865
f 6508 6507 6527
f 6507 6518 6527
f 5871 5904 5892
f 6514 6523 6519
f 4589 4596 4599
f 6468 5959 5919
f 4558 4456 4168
f 4602 4601 4550
f 4150 4163 4180
f 4516 4150 4500
f 6523 6517 6519
f 5878 6244 5905
f 5900 5865 5903
f 4605 4574 4606
f 6472 6521 6520
f 5898 5897 5906
f 4595 4603 4607
f 6517 6522 6506
f 5897 5907 5906
f 4608 4586 4613
f 5785 4551 4591
f 5630 5744 4551
f 4757 4595 4607
f 4578 4757 4604
f 4456 4123 4169
f 4166 4167 4177
f 4159 4500 4170
f 5857 5895 6241
f 4171 4172 4457
f 6523 6524 6517
f 6503 6506 6525
f 4597 4599 4609
f 5898 5906 5896
f 4171 4159 4172
f 4608 4758 4594
f 4550 4601 4564
f 4171 4457 4138
f 4123 4166 4169
f 4565 4604 4622
f 4599 4596 4621
f 4159 4170 4172
f 4149 4458 4167
f 4180 4183 4150
f 4757 4610 4604
f 4564 4601 4606
f 6475 6482 6538
f 6516 6520 6518
f 5907 5880 5910
f 5855 5901 5890
f 5868 5894 5881
f 4561 5881 4617
f 4569 4619 4573
f 4615 4611 4560
f 4757 4607 4610
f 4603 4581 4607
f 4581 4562 4607
f 4192 4612 4186
f 4169 4166 4177
f 5886 6451 5908
f 4500 4150 4183
f 5893 5878 5905
f 4567 4594 4758
f 4162 4173 4184
f 4162 4189 4173
f 4138 4457 4165
f 5862 5899 5858
f 4149 4164 4458
f 4500 4183 4174
f 4189 4184 4173
f 4164 4162 4458
f 4606 4535 4564
f 4456 4175 4168
f 4170 4500 4174
f 5876 5874 5914
f 6525 6526 6493
f 4758 4608 4613
f 4162 4184 4458
f 6471 6623 6511
f 6623 6493 6526
f 6506 6530 6525
f 6517 6524 6522
f 6527 6551 6485
f 6244 5883 5930
f 4614 4611 4615
f 5890 5909 5851
f 4167 4458 4177
f 4175 4176 4168
f 4169 4175 4456
f 4169 4177 4175
f 4177 4458 4178
f 5910 5911 5912
f 4172 4170 4174
f 4457 4172 4179
f 6520 6521 6528
f 4457 4179 4165
f 5876 5914 5913
f 4176 4182 4168
f 5910 5912 5907
f 4606 4574 4616
f 4176 4175 4178
f 6518 6520 6527
f 5874 5886 5914
f 6475 6529 6469
f 6506 6522 6530
f 5864 5876 5913
f 5888 6246 6245
f 5890 5901 5909
f 4617 4618 4561
f 4561 4618 4635
f 4573 4619 4574
f 4172 4174 4179
f 4165 4180 4181
f 5871 5900 5904
f 5883 6245 5926
f 4182 4185 4168
f 4182 4176 4458
f 4175 4177 4178
f 4184 4182 4458
f 4165 4179 4180
f 4178 4458 4176
f 4180 4179 4174
f 4174 4183 4180
f 4182 4184 4185
f 5910 5880 5911
f 5883 5926 5929
f 5894 5893 5915
f 6469 6529 6481
f 4604 4620 4622
f 5911 5916 5912
f 5907 5912 5917
f 5886 5908 5918
f 4569 4591 4619
f 6468 6539 5959
f 4496 4624 4571
f 4604 4610 4620
f 6527 6520 6551
f 4596 4570 4621
f 6451 5919 5908
f 5912 5916 5917
f 5880 5861 5920
f 5930 5883 5921
f 5894 5915 5881
f 4609 4761 4597
f 6526 6525 6531
f 6241 6000 6465
f 5883 5939 5921
f 4186 4208 4163
f 4610 4631 4620
f 5901 5902 5922
f 4620 4630 4622
f 6475 6538 6537
f 5911 5928 5916
f 6475 6537 6529
f 6621 6490 6534
f 5864 5899 5891
f 5907 5917 5906
f 4570 4635 4621
f 4614 4492 4760
f 4496 4623 4624
f 4614 4640 4611
f 4496 4513 4624
f 4168 4185 4187
f 5901 5922 5909
f 6524 6621 6522
f 5902 5923 5922
f 4535 4606 4616
f 4622 4630 4637
f 4607 4625 4626
f 4610 4607 4631
f 4607 4626 4634
f 6488 6481 6532
f 4625 4607 4627
f 6488 6532 6521
f 4551 4628 4591
f 5858 5899 6246
f 5883 5929 5939
f 4607 4634 4631
f 6621 6534 6522
f 6490 6533 6534
f 5908 5924 5918
f 6465 6000 5903
f 5895 5896 5906
f 4567 4758 5725
f 4620 4631 4630
f 5892 5925 5870
f 4184 4205 4185
f 6525 6530 6535
f 6530 6522 6535
f 4574 4619 4648
f 5903 6000 5900
f 4599 4621 4635
f 4607 4562 4627
f 5902 4535 5923
f 5926 6245 5927
f 6482 6511 6536
f 5899 6247 6246
f 5916 5928 5917
f 5881 5915 4617
f 4624 4513 4629
f 4513 4622 4629
f 4627 4641 4625
f 5926 5927 5929
f 4586 4597 4613
f 5859 5851 5978
f 4640 4614 4760
f 6529 6537 6542
f 5911 5880 5928
f 6482 6536 6538
f 5917 5928 5934
f 4630 4631 4632
f 5930 5931 6244
f 4543 4188 4533
f 4617 5915 5932
f 5918 5924 5942
f 5870 5962 6248
f 5870 5925 5962
f 5909 5978 5851
f 4168 4187 4558
f 5909 5922 5978
f 6241 5895 5933
f 5917 5934 5906
f 4761 4680 4597
f 4611 4633 4560
f 4562 4560 4643
f 4625 4652 4626
f 4626 4652 4634
f 5929 5927 5935
f 6539 6485 5936
f 4635 4618 4599
f 4616 4636 4535
f 5915 5893 5932
f 5918 5942 5996
f 6532 6481 6624
f 6520 6528 6541
f 6539 5936 5954
f 5908 5919 5924
f 6246 5943 6245
f 4617 5937 4618
f 4627 4562 4643
f 4622 4637 4663
f 6529 6540 6481
f 6520 6541 6551
f 6551 5936 6485
f 4609 4599 6024
f 5929 5938 5939
f 5929 5935 5938
f 5922 5923 5978
f 4616 4638 4636
f 4609 6024 4761
f 5923 4535 4636
f 4617 5932 5937
f 4618 5937 4599
f 5928 5880 5920
f 5924 5919 5940
f 5924 5941 5942
f 5914 5886 5951
f 6246 6247 5943
f 5930 5921 5931
f 4638 4616 4639
f 4611 4640 4633
f 4630 4632 4637
f 4634 4651 4631
f 6529 6542 6540
f 5886 5918 5951
f 4625 4641 4642
f 5859 5944 5966
f 5900 6000 5904
f 5859 5978 5944
f 6531 6525 6556
f 5892 5945 5986
f 6537 6538 6543
f 5959 6539 5955
f 5928 5946 5934
f 5988 5870 6248
f 5925 5967 5962
f 5942 5941 5996
f 5925 5892 5968
f 5899 5864 6256
f 5899 6256 6247
f 5895 5906 5933
f 6245 5943 5927
f 4560 4633 4643
f 5921 5939 5952
f 5924 5980 5941
f 4599 5937 6024
f 5905 6244 5984
f 5914 6254 5947
f 5893 5905 5948
f 5937 4644 6024
f 6542 6537 6543
f 5904 5945 5892
f 6534 6533 6555
f 6244 5931 5984
f 6624 6481 6540
f 6544 6525 6535
f 6541 6528 6550
f 6522 6549 6535
f 6522 6534 6553
f 6539 5954 5955
f 5924 5940 5980
f 5962 5967 5957
f 5968 5967 5925
f 4616 4574 4639
f 4627 4643 4641
f 4163 4238 4180
f 6542 6543 6540
f 6536 6511 6545
f 5974 6555 6533
f 5927 5943 5935
f 4205 4184 4189
f 4136 4135 4460
f 6525 6544 6556
f 5959 5955 5960
f 5905 5984 5949
f 6534 6555 6553
f 5996 5941 5950
f 4645 4631 4651
f 6526 6531 6546
f 6526 6546 6623
f 6522 6553 6547
f 5951 5918 6253
f 5939 5938 5952
f 5923 4636 5978
f 4551 5744 4628
f 4632 4631 4645
f 6535 6549 6544
f 5936 5953 5954
f 6511 6623 6545
f 5934 5946 5965
f 5905 5949 5948
f 5918 5996 6253
f 5954 5936 5955
f 4634 4652 4651
f 5941 5980 5956
f 5932 5893 5948
f 5956 5981 5941
f 5967 5973 5957
f 6547 6548 6522
f 4756 4559 4190
f 6522 6548 6549
f 5941 5981 5958
f 6541 6550 6551
f 5914 5951 6254
f 5936 6551 6552
f 6547 6553 6548
f 6544 6549 6556
f 6551 5955 6552
f 6549 6548 6556
f 5936 6552 5955
f 5955 6551 6554
f 5904 6002 5945
f 6548 6555 6556
f 6521 6554 6528
f 6553 6555 6548
f 5959 5961 5919
f 5937 5972 4644
f 6551 6550 6554
f 5959 5960 5961
f 6248 5962 5964
f 5962 5963 5964
f 5962 5957 5963
f 5906 5934 5965
f 5861 5966 5920
f 4638 4639 4646
f 4624 4629 4647
f 4641 4643 4665
f 4663 4637 4759
f 4625 4642 4652
f 4205 4189 4206
f 5955 5970 5960
f 5937 5932 5948
f 5967 5968 5969
f 6550 6528 6554
f 5956 5980 5981
f 5960 5970 5961
f 5955 6554 5970
f 5973 5971 5957
f 5973 5977 5971
f 5892 5986 6258
f 5950 5941 5958
f 5937 5948 5972
f 5967 5969 5973
f 5973 5969 5968
f 5948 5949 5972
f 5974 6008 6555
f 5973 5968 5992
f 5904 5975 6002
f 4636 4638 4646
f 5973 5976 5977
f 5944 5982 5966
f 4636 4646 5978
f 5980 5940 5979
f 6532 6554 6521
f 5931 5985 5984
f 4629 4622 4663
f 4641 4665 4642
f 4637 4632 4759
f 5980 5993 5981
f 5904 6000 5975
f 5944 5978 5982
f 5971 5983 5957
f 4619 4591 4766
f 4766 4648 4619
f 5971 5997 5983
f 5996 5950 5958
f 6555 6008 6556
f 5958 5981 6014
f 4559 4558 4191
f 5973 5992 5976
f 5957 5983 5997
f 5991 5970 6554
f 5949 5984 5985
f 5957 5997 5963
f 5979 5940 6017
f 5914 6141 5913
f 5986 5945 6258
f 5945 6002 6258
f 5935 5943 5987
f 5949 5985 5972
f 4640 4649 4633
f 4632 4645 4759
f 5988 6008 5974
f 5892 6258 5968
f 5972 5989 4644
f 4559 4191 4190
f 5914 5947 6141
f 5979 6017 5980
f 5980 6250 5993
f 5943 6052 5987
f 5906 5965 5933
f 5980 6017 6250
f 5958 6014 5990
f 5963 5997 6025
f 5970 5991 5961
f 4645 4650 4759
f 4645 4651 4650
f 4651 4652 4655
f 4642 4658 4652
f 5938 5935 5987
f 6545 6623 6546
f 5951 6253 6254
f 5992 5968 6020
f 5988 6248 5964
f 5993 5994 5981
f 5977 5995 5971
f 5992 6020 5976
f 6254 6016 5947
f 5864 5913 6256
f 6247 6256 5943
f 5921 6255 5931
f 5931 6255 5985
f 5958 5990 5996
f 5938 5987 5952
f 6536 6545 6538
f 5989 5972 5985
f 6554 6532 5991
f 5997 5971 6026
f 4658 4656 4652
f 5978 4646 5982
f 5982 5920 5966
f 6538 6563 6543
f 4759 4650 4653
f 5928 5920 5998
f 6250 6251 5993
f 4654 4650 4651
f 5913 6141 6257
f 5961 5991 5919
f 5993 6251 5994
f 6540 6625 6624
f 5996 5990 6253
f 4759 4653 4663
f 5971 5995 6026
f 5913 6257 6256
f 5921 5952 6255
f 4643 4633 4665
f 4642 4665 4658
f 4651 4656 4654
f 4655 4652 4656
f 4650 4654 4656
f 4651 4655 4656
f 6556 6008 6531
f 5994 6252 5981
f 6531 6557 6546
f 5976 5999 5977
f 6000 6001 5975
f 6025 5997 6026
f 5981 6252 6014
f 6002 6249 6003
f 6002 5975 6249
f 5985 6255 6042
f 6250 6004 6251
f 6250 6017 6004
f 6543 6558 6540
f 5963 6025 5964
f 6005 6012 6011
f 6012 6005 6006
f 6563 6538 6559
f 6007 6010 6031
f 6031 6010 6005
f 6010 6006 6005
f 6008 5988 6009
f 6560 6543 6563
f 6007 6031 6032
f 6007 6032 6010
f 6005 6011 6013
f 6012 6006 6013
f 6558 6543 6560
f 6012 6013 6011
f 5977 6038 5995
f 5999 6038 5977
f 5990 6014 6015
f 5947 6016 6141
f 4571 4624 4647
f 4665 4657 4658
f 4650 4656 4666
f 4650 4666 4653
f 4658 4660 4656
f 4163 4208 4238
f 5920 5982 6033
f 5725 4758 4659
f 6545 6559 6538
f 5976 6020 5999
f 6540 6558 6625
f 4495 4571 5744
f 5928 5998 5946
f 6624 6561 6532
f 6624 6562 6561
f 6531 6008 6557
f 5940 6096 6017
f 6017 6096 6023
f 6004 6017 6018
f 6252 6019 6014
f 6014 6019 6015
f 5968 6258 6020
f 6253 6021 6254
f 6022 6036 5987
f 6255 5952 5987
f 6532 6561 5991
f 6017 6023 6018
f 6100 6024 6261
f 4644 6261 6024
f 6251 6004 6018
f 4644 5989 6261
f 4658 4657 4660
f 5744 4571 4661
f 6025 6026 6027
f 5946 5998 6041
f 6251 6018 5994
f 5988 5964 6028
f 6008 6009 6557
f 5991 6029 5919
f 5964 6025 6030
f 6026 5995 6027
f 6252 5994 6046
f 6005 6013 6031
f 4656 4660 4666
f 6031 6045 6032
f 5982 4646 6033
f 4192 4193 4612
f 6013 6045 6031
f 6546 6626 6545
f 6624 6625 6562
f 5995 6040 6027
f 6252 6046 6019
f 6038 5999 6034
f 5999 6020 6034
f 5987 6036 6255
f 5998 5920 6041
f 4647 4629 4662
f 4663 4653 4673
f 5994 6018 6046
f 5975 6001 6035
f 5988 6028 6009
f 4543 4756 4194
f 5989 5985 6036
f 4660 4657 4664
f 6563 6559 6564
f 6560 6625 6558
f 6028 5964 6037
f 5964 6030 6037
f 5995 6038 6040
f 6253 5990 6021
f 6241 5933 6000
f 5943 6256 6052
f 6052 6051 5987
f 5987 6051 6022
f 4571 4647 4669
f 4665 4633 4657
f 4653 4666 4673
f 6038 6039 6040
f 4135 4195 4460
f 6027 6030 6025
f 6027 6040 6030
f 5920 6033 6041
f 6042 6255 6036
f 6042 6036 5985
f 6009 6043 6557
f 4591 4628 4700
f 6257 6141 6044
f 6010 6032 6045
f 6557 6204 6626
f 4666 4660 4664
f 5965 6079 5933
f 6018 6048 6046
f 6559 6565 6564
f 6546 6557 6626
f 6000 5933 6093
f 6024 6100 4761
f 5744 4700 4628
f 5946 6090 5965
f 4646 6047 6033
f 5946 6041 6090
f 4666 4667 4668
f 5919 6096 5940
f 6046 6048 6019
f 4666 4664 4667
f 4666 4668 4673
f 4647 4662 4669
f 6559 6545 6565
f 6038 6034 6039
f 6020 6087 6034
f 5990 6015 6021
f 4758 4613 4659
f 5744 4661 4700
f 4640 4670 4633
f 6040 6061 6030
f 6141 6122 6044
f 4667 4664 4671
f 6006 6102 6013
f 6001 6049 6035
f 5933 6079 6050
f 6051 6052 6053
f 6019 6048 6054
f 6256 6257 6089
f 5933 6050 6093
f 6018 6023 6096
f 6560 6566 6625
f 6018 6096 6054
f 6249 5975 6055
f 5975 6035 6055
f 4646 4639 6047
f 4662 4629 4690
f 6018 6054 6048
f 6256 6089 6052
f 6022 6051 6056
f 6081 6051 6053
f 6001 6000 6049
f 4667 4671 4668
f 6052 6089 6057
f 6051 6066 6068
f 6053 6052 6057
f 6051 6081 6058
f 4664 4657 4672
f 6051 6058 6066
f 4664 4672 4671
f 6000 6093 6049
f 6051 6068 6056
f 6066 6058 6067
f 5991 6561 6082
f 6079 6059 6050
f 6030 6084 6037
f 6050 6059 6060
f 6010 6045 6085
f 6061 6064 6084
f 6050 6063 6093
f 6560 6563 6566
f 6061 6084 6030
f 4640 4760 4670
f 4672 4657 4685
f 4673 4668 4674
f 5965 6062 6079
f 6060 6063 6050
f 6040 6039 6064
f 6040 6064 6061
f 6044 6122 6257
f 6053 6057 6065
f 6066 6067 6068
f 6059 6075 6060
f 6081 6053 6069
f 6204 6557 6043
f 6100 6261 6070
f 6060 6134 6071
f 6058 6072 6067
f 6563 6567 6566
f 6073 6039 6074
f 6039 6034 6074
f 6060 6075 6134
f 4648 4766 4768
f 4668 4671 4675
f 4668 4675 4683
f 6079 6062 6076
f 6006 6010 6077
f 6034 6078 6074
f 6036 6124 5989
f 6053 6065 6069
f 6091 6059 6076
f 4192 4533 4193
f 6079 6076 6059
f 6080 6081 6058
f 6058 6081 6099
f 4558 4187 4191
f 6058 6099 6072
f 6060 6071 6063
f 6562 6568 6561
f 5991 6082 6029
f 6064 6083 6084
f 6034 6087 6078
f 6085 6077 6010
f 6081 6069 6099
f 6015 6019 6108
f 6566 6575 6625
f 6037 6084 6136
f 6064 6039 6083
f 6019 6086 6108
f 6020 6258 6087
f 6055 6035 6103
f 6093 6063 6088
f 6063 6095 6088
f 6057 6089 6065
f 6063 6071 6095
f 5965 6090 6062
f 4186 4612 4208
f 6059 6091 6075
f 4648 4768 4574
f 4597 3053 4613
f 6093 6094 6049
f 6035 6049 6103
f 6033 6116 6041
f 6065 6092 6069
f 6093 6088 6094
f 5919 6029 6096
f 6257 6122 6089
f 6095 6098 6088
f 6019 6054 6086
f 6563 6569 6567
f 6569 6563 6564
f 6575 6570 6625
f 6565 6545 6626
f 6037 6136 6028
f 6096 6097 6054
f 6039 6073 6083
f 6089 6092 6065
f 6071 6098 6095
f 6069 6092 6099
f 6100 6070 4761
f 6088 6098 6094
f 5989 6124 6261
f 4671 4672 4676
f 4672 4685 4676
f 4125 4161 4196
f 6006 6101 6102
f 4571 4669 4677
f 6099 6114 6072
f 6049 6094 6103
f 6089 6106 6092
f 6098 6113 6094
f 6625 6570 6562
f 6562 6570 6568
f 6082 6139 6029
f 6084 6083 6104
f 6073 6259 6083
f 6016 6254 6105
f 6258 6002 6003
f 6092 6106 6107
f 6071 6134 6113
f 6022 6056 6144
f 4669 4662 4677
f 4629 4663 4690
f 4663 4673 4674
f 6071 6113 6098
f 4125 4196 4197
f 6084 6104 6136
f 6054 6097 6112
f 6015 6108 6109
f 6091 6137 6075
f 6085 6110 6077
f 6204 6043 6111
f 6054 6112 6130
f 6054 6130 6086
f 6073 6078 6259
f 6094 6113 6119
f 6072 6114 6067
f 6068 6067 6115
f 6077 6101 6006
f 6041 6116 6090
f 6092 6107 6099
f 6073 6074 6078
f 6021 6015 6109
f 6056 6068 6115
f 6094 6119 6103
f 6122 6117 6089
f 6089 6117 6106
f 6101 6077 6118
f 6103 6119 6120
f 6099 6121 6114
f 6062 6090 6076
f 6099 6107 6121
f 6107 6106 6121
f 6564 6565 6569
f 6028 6136 6260
f 6122 6142 6117
f 6028 6260 6009
f 6096 6155 6097
f 6083 6123 6104
f 6083 6259 6123
f 6036 6022 6124
f 4633 4678 4657
f 4674 4668 4683
f 4671 4676 4675
f 6113 6134 6119
f 6120 6125 6103
f 6082 6140 6139
f 6106 6117 6121
f 6117 6126 6121
f 6261 6127 6070
f 6119 6134 6125
f 6259 6078 6128
f 6120 6119 6125
f 6626 6571 6565
f 6086 6109 6108
f 6021 6109 6150
f 6568 6197 6561
f 6117 6142 6126
f 6077 6110 6118
f 4633 4670 4678
f 4657 4678 4685
f 4663 4674 4690
f 6043 6129 6111
f 6112 6097 6130
f 6086 6131 6109
f 6091 6076 6138
f 6086 6130 6131
f 6009 6260 6043
f 4756 4190 4194
f 4460 4161 4136
f 6097 6132 6130
f 6123 6133 6104
f 6087 6258 6078
f 6125 6134 6135
f 4761 4679 4680
f 6104 6133 6136
f 6561 6197 6082
f 6116 6152 6090
f 6091 6138 6137
f 6259 6133 6123
f 6109 6131 6150
f 6076 6090 6138
f 6259 6128 6133
f 6139 6140 6217
f 6122 6141 6142
f 6082 6143 6140
f 6111 6173 6204
f 6254 6021 3720
f 6056 6115 6144
f 4571 4681 4699
f 4571 4677 4681
f 4681 4677 4662
f 4674 4691 4690
f 4685 4682 4676
f 4676 4682 4675
f 6116 6033 6152
f 6565 6572 6569
f 6128 6078 6145
f 4683 4684 4686
f 4492 4763 4760
f 6136 6133 6260
f 6128 6145 6146
f 6217 6140 6143
f 4675 4684 4683
f 6134 6075 6163
f 6115 6147 6144
f 6101 6118 6148
f 6565 6571 6572
f 6128 6146 6133
f 4682 4685 4688
f 4680 4679 6149
f 4761 6189 4679
f 6097 6155 6132
f 6131 6130 6150
f 6033 6151 6152
f 4686 4687 4683
f 4683 4687 4693
f 6130 6132 6150
f 6029 6153 6096
f 6090 6152 6138
f 6146 6145 6133
f 6033 6047 6151
f 4674 4683 4691
f 4675 4688 4684
f 6133 6156 6260
f 6570 6575 6568
f 6103 6154 6055
f 6022 6144 6124
f 6096 6153 6155
f 6145 6078 6156
f 6566 6567 6575
f 4675 4682 4688
f 6145 6156 6133
f 4686 4684 4687
f 6157 6013 6102
f 4685 4689 4688
f 4156 4153 4462
f 6142 6158 6126
f 6260 6156 6043
f 4685 4678 4689
f 6132 6155 6150
f 6121 6177 6114
f 6075 6137 6159
f 6102 6101 6165
f 4492 5725 4763
f 4670 4701 4678
f 4683 4693 4691
f 4187 4185 4205
f 4161 4460 4459
f 6110 6085 6160
f 6147 6124 6144
f 4670 4717 4701
f 6150 3720 6021
f 6067 6114 6115
f 4670 4760 4717
f 4690 4691 4692
f 4693 4687 4762
f 4687 4684 4762
f 3053 4659 4613
f 4153 4181 4198
f 4125 4197 4189
f 4684 4688 4762
f 4678 4701 4694
f 4681 4695 4711
f 4681 4662 4695
f 6103 6125 6154
f 6115 6114 6166
f 6102 6165 6157
f 5725 4659 4763
f 4661 4571 4699
f 4692 4691 4710
f 4693 4762 4706
f 4691 4693 4710
f 6121 6126 6177
f 4681 4711 4699
f 4760 4716 4717
f 6261 6124 6127
f 6047 4639 6171
f 4180 4220 4199
f 6567 6569 6576
f 6575 6573 6580
f 6575 6580 6568
f 6569 6572 6574
f 6110 6160 6118
f 6118 6160 6148
f 4574 4752 4639
f 4662 4696 4695
f 4688 4689 4762
f 4693 4706 4710
f 4143 4461 4135
f 6567 6576 6575
f 6137 6138 6159
f 6262 6171 4639
f 6159 6138 6152
f 6575 6576 6628
f 4711 4695 4697
f 6173 6111 6161
f 6129 6162 6111
f 6156 6078 3319
f 6115 6166 6147
f 4689 4678 4698
f 4661 4699 4700
f 4181 4180 4199
f 6155 6153 6150
f 6569 6574 6576
f 6575 6628 6573
f 3106 4597 4680
f 4135 4461 4195
f 4689 4702 4762
f 6135 6134 6163
f 6075 6159 6163
f 6148 6160 6164
f 6101 6148 6165
f 6070 6263 4761
f 4701 4717 4694
f 4689 4698 4702
f 6568 6580 6577
f 6626 6204 6588
f 4703 4704 4699
f 6124 6147 6166
f 4639 4705 6262
f 6159 6175 6163
f 6160 6085 6167
f 6165 6148 6157
f 4181 4199 4200
f 4706 4762 4719
f 6047 6171 6151
f 6153 3720 6150
f 4143 4156 4461
f 4760 4707 4716
f 4699 4711 4703
f 4760 4708 4707
f 4706 4709 4710
f 4719 4762 4702
f 4763 4726 4760
f 4711 4697 4703
f 6164 6160 6167
f 4678 4694 4712
f 6571 6626 6588
f 6126 6158 6177
f 6085 6222 6167
f 4761 6263 6189
f 4697 4695 4696
f 4662 4690 4696
f 4678 4713 4698
f 4710 4764 4692
f 6580 6578 6577
f 6580 6581 6578
f 4180 4238 4220
f 4706 4719 4709
f 4703 4714 4704
f 6166 6127 6124
f 4699 4715 4700
f 4716 4718 4717
f 4698 4728 4702
f 4710 4709 4764
f 6114 6177 6166
f 4700 4715 4767
f 4678 4712 4713
f 6571 6588 6572
f 6573 6628 6579
f 6573 6579 6580
f 4699 4704 4715
f 6148 6222 6157
f 6070 6127 6168
f 6129 6043 6169
f 6143 6170 6217
f 6580 6579 6581
f 6148 6164 6222
f 4726 4708 4760
f 6568 6577 6197
f 6135 6179 6125
f 6171 6262 6172
f 4591 4700 4767
f 4716 4707 4718
f 4188 4201 4533
f 6582 6583 6584
f 6013 6157 6182
f 3106 3053 4597
f 6029 6139 6153
f 6125 6179 3035
f 6192 6152 6151
f 4717 4718 4694
f 4694 4718 4712
f 6167 6222 6164
f 6582 6584 6585
f 6582 6586 6583
f 6579 6627 6581
f 6173 6161 6204
f 4702 4212 4719
f 6583 6631 6627
f 6584 6583 6587
f 6574 6572 6588
f 6586 6582 6596
f 4704 4720 4715
f 6627 6579 6589
f 6172 6188 6171
f 6581 6627 6631
f 6583 6586 6631
f 6163 6175 6174
f 4713 4469 4698
f 4187 4205 4202
f 6152 6192 6159
f 6628 6590 6579
f 6582 6585 6603
f 6583 6627 6587
f 6584 6587 6585
f 6175 6191 6174
f 6579 6590 6589
f 6175 6159 6191
f 6159 6192 6191
f 6627 6589 6587
f 6578 6581 6630
f 4679 6180 6149
f 4712 4721 4713
f 6163 6174 6135
f 4720 4704 4714
f 6586 6596 6591
f 6143 6176 6170
f 6082 6176 6143
f 6589 6592 6587
f 6628 6576 6629
f 6628 6629 6590
f 6578 6196 6577
f 6166 6177 6178
f 6135 6174 6191
f 6135 6191 6179
f 6127 3058 6168
f 4766 4591 4767
f 4763 4659 4726
f 4709 4719 4764
f 4200 4199 4203
f 6070 6168 6263
f 6177 6158 6187
f 6587 6592 6585
f 6588 6198 6574
f 4707 4765 4718
f 6166 6178 6200
f 6166 6200 6127
f 6180 4679 6181
f 6577 6196 6197
f 6588 6204 6220
f 6591 6631 6586
f 6591 6593 6631
f 6157 6222 6182
f 4765 4707 4708
f 6581 6631 6630
f 6576 6574 6629
f 6591 6594 6593
f 6204 6161 6183
f 6127 6200 3058
f 4189 4197 4206
f 4181 4200 4204
f 6592 6589 6629
f 4708 4722 4765
f 6603 6585 6634
f 6593 6594 6595
f 6197 6176 6082
f 6151 6171 6184
f 4719 4723 4764
f 6139 6185 6153
f 6631 6593 6632
f 6578 6630 6196
f 6590 6629 6589
f 6186 6172 6262
f 4702 4728 4212
f 4719 4212 4723
f 6630 6631 6632
f 4726 4659 4727
f 6591 6596 6594
f 6630 6632 6196
f 4659 3053 4724
f 6629 6574 6198
f 6582 6603 6596
f 6178 6177 6187
f 6171 6188 6199
f 6172 6186 6188
f 4726 4725 4708
f 4726 4727 4725
f 4718 4327 4712
f 4728 4698 4229
f 4612 4193 4208
f 6181 4679 6189
f 6154 6249 6055
f 4708 4725 4722
f 6151 6184 6223
f 6125 3035 6190
f 6191 6192 3028
f 4696 4690 4354
f 4205 4206 4209
f 4181 4204 4198
f 6629 3661 6592
f 4212 4729 4723
f 4720 4714 4730
f 4715 4720 4731
f 6129 6169 6193
f 6149 6180 6194
f 4765 4732 4718
f 4690 4692 4354
f 6199 6188 6201
f 6593 6597 6632
f 6180 6181 6194
f 6188 6195 6201
f 6595 6597 6593
f 4720 4730 4731
f 4703 4697 4714
f 4722 4733 4765
f 6158 3304 6187
f 3058 6263 6168
f 4727 4659 4724
f 4729 4214 4723
f 4729 4734 4214
f 4729 4212 4734
f 4188 4543 4194
f 4200 4203 4204
f 6196 6599 6197
f 4765 4733 4732
f 6188 6186 6195
f 6139 6217 6185
f 6156 3319 6043
f 4722 4725 4733
f 6129 6193 6162
f 6634 6585 3660
f 6597 6633 6632
f 6111 6162 6161
f 4698 4469 4229
f 4723 4214 4764
f 4533 4201 4193
f 4193 4207 4208
f 4203 4199 4220
f 4205 4209 4202
f 6585 6592 3660
f 6594 6596 6598
f 6588 6220 6198
f 6196 6632 6599
f 3319 6078 6258
f 6199 6201 6171
f 4214 4734 4211
f 6178 6187 6200
f 4733 4725 4727
f 4462 4153 4226
f 4196 4161 4459
f 4461 4156 4462
f 6629 3671 3661
f 6254 3720 6105
f 4764 4214 4249
f 6171 6201 6184
f 4212 4728 4229
f 6598 6600 6594
f 6594 6600 6595
f 6599 6202 6197
f 6195 6203 6201
f 4734 4210 4211
f 6181 6189 6194
f 6632 6633 6599
f 6629 6198 3671
f 6596 6601 6598
f 6597 6602 6633
f 6633 6602 6599
f 6204 6183 6220
f 6169 6043 3701
f 6200 6187 3039
f 4209 4206 4202
f 4203 4220 4204
f 4153 4198 4226
f 6194 6206 6205
f 4212 4230 4734
f 6183 6161 6220
f 6189 6263 6211
f 6189 6206 6194
f 4229 4230 4212
f 4213 4459 4460
f 6201 6203 6207
f 6003 6249 3306
f 6603 6634 6596
f 6596 6634 6601
f 6595 4044 6597
f 6161 6162 6208
f 6201 6207 6184
f 6195 6186 6203
f 4731 4730 4739
f 4731 4739 4715
f 4733 4727 4738
f 4696 4735 4697
f 6597 4044 6602
f 4712 4327 4721
f 6125 6190 6154
f 4188 4465 4201
f 4210 4230 4211
f 6161 6208 6220
f 6154 6190 6209
f 4714 4697 4736
f 4734 4230 4210
f 4214 4211 4245
f 4188 4194 4215
f 4194 4190 4215
f 4208 4216 4238
f 4191 4187 4217
f 4187 4202 4217
f 4196 4218 4197
f 4208 4207 4219
f 4211 4230 4245
f 6185 6217 6210
f 6599 6602 6202
f 6206 6189 6211
f 4733 4737 4732
f 4214 4245 4249
f 4190 4191 4464
f 4204 4220 4221
f 4206 4222 4202
f 4191 4217 4223
f 4193 4466 4207
f 4195 4461 4463
f 4713 4721 4469
f 4206 4224 4222
f 4196 4459 4225
f 4216 4208 4219
f 3671 3662 3661
f 4196 4225 4218
f 4191 4223 4464
f 4462 4226 4227
f 6043 3319 3701
f 4459 4228 4225
f 6170 6176 6217
f 4733 4738 4737
f 4718 4732 4327
f 4229 4305 4230
f 4195 4463 4231
f 4460 4195 4237
f 4197 4224 4206
f 4213 4460 4237
f 4213 4237 4459
f 3671 6198 3672
f 4198 4204 4221
f 4461 4232 4463
f 4225 4228 4218
f 6601 6634 3658
f 6598 6601 3659
f 4190 4464 4215
f 6595 6600 4044
f 4232 4462 4227
f 4207 4466 4219
f 6142 3027 6158
f 6158 3027 3304
f 4766 4767 3033
f 4727 4724 4738
f 4767 4715 3033
f 4715 4743 3033
f 4465 4188 4215
f 4238 4221 4220
f 4217 4202 4222
f 4226 4198 4227
f 4198 4221 4233
f 6592 3661 3663
f 4459 4237 4228
f 4461 4462 4232
f 6186 6212 6203
f 6191 3028 6179
f 4197 4218 4224
f 4764 4249 4234
f 4193 4201 4466
f 6141 3070 6142
f 4198 4233 4227
f 6185 6210 6153
f 6205 6213 6194
f 4739 4743 4715
f 4730 4346 4739
f 4730 4714 4346
f 4230 4305 4235
f 4215 4464 4236
f 4216 4239 4238
f 4228 4237 4313
f 4237 4195 4231
f 4044 3669 6602
f 4201 4465 4466
f 3658 6634 3660
f 4238 4239 4221
f 6601 3664 3659
f 6198 3677 3672
f 6203 6212 6214
f 3660 6592 3663
f 4249 4245 4248
f 4221 4474 4233
f 6193 6169 6162
f 6207 6203 6214
f 4230 4235 4245
f 4216 4240 4239
f 4217 4222 4241
f 4222 4224 4242
f 3661 3662 3663
f 6601 3658 3664
f 4768 4766 4742
f 6598 3659 3664
f 6085 6045 6222
f 6220 3677 6198
f 4466 4465 4468
f 6197 6202 6176
f 4736 4697 4740
f 4697 4735 4740
f 4233 4243 4227
f 4692 4741 4354
f 4223 4217 4244
f 4231 4463 4467
f 4245 4246 4248
f 6213 6205 6215
f 4714 4736 4346
f 4235 4247 4245
f 4219 4240 4216
f 4224 4218 4242
f 4218 4228 4313
f 6184 3043 6223
f 3664 3665 6598
f 6217 3684 6210
f 6208 6162 6220
f 3665 3666 6598
f 4245 4247 4246
f 4248 4246 4249
f 6169 3701 6162
f 6210 6216 6153
f 4467 4313 4231
f 3658 3660 3667
f 6176 6218 6217
f 6249 6154 3026
f 6205 6206 6215
f 4466 4316 4219
f 4250 4218 4313
f 4237 4231 4313
f 3664 3658 3665
f 6598 3668 6600
f 6598 3666 3668
f 6162 3701 6220
f 4235 4305 4247
f 4246 4247 4249
f 4768 4742 4574
f 6210 3684 6216
f 6217 6218 3684
f 4465 4251 4468
f 4465 4215 4252
f 4215 4236 4252
f 4223 4244 4464
f 4233 4474 4253
f 4233 4253 4243
f 4232 4227 4243
f 4232 4467 4463
f 6602 3669 6202
f 6187 3304 6227
f 3660 3663 3667
f 4739 4346 4743
f 4464 4244 4236
f 4735 4696 4744
f 3665 3733 3666
f 4254 4288 4315
f 4288 4254 4255
f 6142 3070 3027
f 6206 6211 6215
f 4692 4764 4741
f 4240 4219 4321
f 4221 4239 4474
f 4222 4242 4241
f 4255 4254 4256
f 4265 4257 4258
f 4737 4738 4732
f 4259 4260 4261
f 4260 4262 4261
f 4275 4263 4264
f 4265 4256 4266
f 4262 4260 4283
f 4256 4254 4292
f 4259 4267 4260
f 4268 4272 4283
f 4265 4266 4274
f 4268 4269 4263
f 6182 3047 6013
f 4268 4284 4269
f 4259 4270 4271
f 4259 4261 4270
f 4283 4272 4262
f 4268 4263 4272
f 4263 4273 4264
f 4265 4274 4300
f 4275 4288 4276
f 4269 4284 4308
f 4256 4277 4255
f 4315 4330 4254
f 6176 6202 6218
f 6153 6216 4051
f 6141 3071 3070
f 4732 4745 4327
f 4247 4278 4249
f 4466 4468 4316
f 4251 4465 4252
f 4219 4316 4321
f 4236 4244 4279
f 4257 4280 4281
f 4257 4265 4280
f 4217 4241 4244
f 4241 4282 4244
f 4283 4284 4268
f 4232 4243 4467
f 4696 4354 4744
f 4288 4255 4285
f 4288 4285 4276
f 4255 4286 4285
f 6194 6213 6221
f 4270 4281 4271
f 4285 4286 4276
f 4283 4260 4287
f 4257 4270 4261
f 4286 4255 4276
f 4275 4264 4288
f 4045 4044 6600
f 4259 4271 4289
f 4261 4262 4272
f 4265 4277 4256
f 4290 4266 4256
f 4257 4281 4270
f 4265 4258 4277
f 4732 4738 4745
f 4255 4277 4291
f 4276 4255 4291
f 4276 4263 4275
f 4291 4277 4276
f 4261 4258 4257
f 4261 4272 4258
f 4277 4258 4276
f 3662 3679 3663
f 4263 4276 4272
f 4258 4272 4276
f 6194 3044 6149
f 4292 4254 4293
f 4243 4341 4471
f 3677 6220 6264
f 6179 3028 3305
f 4229 4469 4294
f 4251 4252 4295
f 4263 4269 4296
f 4253 4341 4243
f 4297 4288 4264
f 4242 4218 4250
f 4260 4267 4298
f 6263 3058 3060
f 3028 6192 6219
f 3667 3670 3658
f 3671 3672 3673
f 4280 4299 4281
f 4256 4292 4290
f 4260 4298 4287
f 4283 4287 4284
f 4280 4265 4300
f 4242 4250 4301
f 4281 4289 4271
f 4292 4293 4302
f 4289 4303 4259
f 4313 4304 4250
f 3669 4044 3674
f 6218 3676 3684
f 3701 3692 6220
f 6154 6209 3026
f 6213 6224 6221
f 4738 4724 4748
f 4247 4305 4306
f 4279 4307 4236
f 4308 4309 4269
f 4241 4242 4472
f 4241 4472 4310
f 4243 4311 4467
f 4467 4312 4313
f 4468 4251 4314
f 3667 3675 3670
f 4288 4297 4315
f 4316 4468 4317
f 4269 4309 4296
f 4292 4302 4290
f 4273 4263 4296
f 4474 4473 4253
f 4743 4749 3033
f 6182 6222 3031
f 4259 4303 4267
f 4313 4470 4304
f 6016 6105 6141
f 4312 4470 4313
f 4243 4471 4311
f 4301 4472 4242
f 4318 4319 4316
f 4239 4473 4474
f 3668 4045 6600
f 6220 4047 6264
f 3684 3688 6216
f 6220 3692 4047
f 3035 6209 6190
f 6213 6215 6224
f 4736 4746 4346
f 4327 4745 4747
f 4764 4234 4741
f 4468 4314 4317
f 4316 4319 4320
f 4316 4320 4321
f 4738 4748 4745
f 4254 4330 4293
f 6151 6223 6192
f 3676 6218 3700
f 4305 4229 4306
f 3675 3667 4046
f 6141 6105 3071
f 4251 4322 4314
f 4317 4314 4322
f 3663 4046 3667
f 4253 4473 4341
f 4239 4240 4323
f 4240 4321 4324
f 4252 4236 4295
f 3662 3671 3673
f 4316 4317 4318
f 4282 4325 4244
f 3677 6264 3678
f 3663 3679 3680
f 4471 4341 4326
f 3676 3700 3681
f 4327 4360 4721
f 4281 4299 4289
f 4280 4300 4274
f 4280 4274 4477
f 4284 4287 4328
f 4308 4329 4309
f 4315 4362 4330
f 4315 4297 4362
f 4312 4331 4470
f 4467 4332 4312
f 4321 4320 4324
f 4743 4346 4749
f 4244 4325 4279
f 4322 4251 4295
f 4745 4748 4769
f 4467 4333 4332
f 4240 4324 4334
f 4304 4335 4250
f 4467 4311 4333
f 4239 4323 4473
f 4241 4310 4282
f 4295 4236 4336
f 4278 4247 4306
f 4279 4325 4307
f 3684 3686 3688
f 4240 4334 4323
f 4236 4307 4336
f 4724 4366 4748
f 4293 4337 4302
f 4264 4273 4297
f 4312 4332 4331
f 6216 3688 4051
f 4747 4745 4769
f 4322 4318 4317
f 4304 4470 4335
f 4250 4335 4301
f 4047 4048 6264
f 6202 3700 6218
f 3679 3662 3682
f 3678 6264 4048
f 6215 6211 6224
f 4736 4740 4746
f 4322 4338 4318
f 4267 4303 4339
f 4769 4748 4366
f 4044 3683 3674
f 3677 3678 3672
f 3026 6209 6233
f 3676 3681 3684
f 6194 6221 3044
f 3044 6221 6225
f 4680 3062 3106
f 4322 4476 4338
f 4322 4295 4476
f 4336 4307 4340
f 4341 4473 4475
f 4337 4293 4330
f 4472 4301 4342
f 4333 4311 4343
f 4310 4344 4282
f 4473 4323 4475
f 4705 4639 4750
f 4749 4346 4751
f 4471 4326 4345
f 4044 4045 3683
f 3668 3685 4045
f 3684 3681 3686
f 3665 3658 3687
f 4287 4298 4397
f 3688 3686 3689
f 6207 6226 6184
f 4346 4746 4751
f 4229 4294 4306
f 4295 4336 4340
f 4299 4347 4289
f 4323 4334 4401
f 4290 4302 4348
f 4341 4349 4326
f 4296 4309 4350
f 4296 4350 4273
f 4342 4395 4472
f 4471 4345 4311
f 4325 4282 4344
f 4325 4344 4351
f 6202 3669 3690
f 4298 4267 4397
f 4290 4352 4266
f 3733 3665 3687
f 4323 4353 4475
f 3680 3679 3682
f 3692 3701 3311
f 6187 6227 3039
f 6262 6212 6186
f 4327 4747 4360
f 4354 4741 4744
f 4326 4349 4345
f 4297 4273 4408
f 4332 4355 4356
f 4705 3051 6262
f 4310 4357 4344
f 6211 6263 6228
f 3669 3696 3690
f 4307 4325 4351
f 3666 3733 4050
f 3668 3691 3685
f 3663 3680 4046
f 4047 3692 3693
f 3683 3696 3674
f 4045 3685 3683
f 3692 3694 3693
f 6214 6212 6229
f 4747 4769 4361
f 4295 4340 4476
f 4320 4358 4324
f 4307 4351 4478
f 4289 4389 4303
f 4274 4266 4423
f 4333 4343 4359
f 4333 4359 4332
f 3680 3682 4046
f 4249 4278 4234
f 6013 3251 6045
f 4319 4318 4415
f 4331 4332 4356
f 3668 3666 4049
f 3672 3695 3673
f 3674 3696 3669
f 6214 6229 6207
f 3033 4749 4452
f 4360 4747 4361
f 4740 4735 4746
f 4324 4401 4334
f 4574 4742 4752
f 4475 4349 4341
f 3658 3697 3687
f 4050 4049 3666
f 4330 4362 4337
f 4408 4420 4297
f 4749 4751 4452
f 3658 3670 3697
f 4047 3693 4048
f 3668 4049 3691
f 3694 3692 3698
f 3683 3685 3696
f 3689 3699 3688
f 3692 3311 3698
f 4360 4363 4721
f 4324 4358 4401
f 4274 4423 4477
f 4328 4400 4284
f 4284 4400 4308
f 4309 4329 4350
f 3053 3052 4724
f 4051 3688 4052
f 6222 6045 6230
f 3672 3678 3695
f 4680 6149 3062
f 6149 3044 6231
f 6262 3051 3045
f 3699 4052 3688
f 4290 4348 4352
f 4310 4395 4364
f 4338 4425 4318
f 6202 3690 3700
f 4721 4363 4469
f 4307 4478 4340
f 4303 4389 4339
f 4266 4352 4423
f 4310 4472 4395
f 4301 4335 4342
f 4345 4343 4311
f 4470 4365 4335
f 4302 4337 4348
f 4289 4347 4390
f 3670 3725 3697
f 3701 3319 3311
f 4318 4425 4415
f 3675 3725 3670
f 3675 4046 3725
f 3687 3697 3702
f 6153 4051 6232
f 6209 3035 6233
f 6179 3036 3035
f 6184 6226 3043
f 4769 4366 4361
f 4361 4367 4360
f 4319 4415 4368
f 4280 4477 4299
f 4287 4397 4328
f 4050 3733 3726
f 3703 4049 4050
f 3694 3698 3704
f 3705 3713 3729
f 3687 3702 3721
f 3705 3729 3706
f 3705 3707 3708
f 3705 3706 3707
f 3689 3709 3699
f 3707 3706 3708
f 6207 6229 6226
f 4234 4369 4741
f 4234 4278 4369
f 4299 4477 4347
f 4323 4401 4353
f 4397 4267 4377
f 3706 3729 3711
f 3686 3681 3710
f 4470 4331 4356
f 4319 4368 4320
f 3711 3742 3706
f 4469 4363 4370
f 3706 3742 3708
f 3694 3712 3693
f 3713 3724 3729
f 3708 3714 3705
f 4469 4371 4294
f 3705 3715 3713
f 4469 4370 4371
f 4741 4369 4372
f 4360 4367 4373
f 4306 4374 4278
f 3662 3673 3682
f 3695 3678 3716
f 4048 3693 4063
f 4705 4750 3051
f 4452 4751 3046
f 4735 4744 4375
f 4744 4741 4479
f 4289 4390 4389
f 4343 4345 4480
f 4335 4365 4376
f 4332 4359 4355
f 3686 3717 3689
f 3705 3714 3718
f 3705 3718 3715
f 3742 3719 3708
f 3708 3732 3714
f 6003 3306 6258
f 3720 6153 6232
f 3720 6232 3030
f 3718 3714 3715
f 4050 3726 3703
f 3714 3721 3715
f 6232 4051 3722
f 4267 4339 4377
f 4375 4744 4479
f 3713 3723 3724
f 4746 4735 4751
f 4278 4374 4369
f 4320 4385 4358
f 3725 4046 3682
f 3673 3695 3716
f 3047 6182 3031
f 6226 6229 6234
f 4306 4294 4374
f 4320 4368 4385
f 4335 4376 4342
f 4470 4356 4416
f 4360 4378 4363
f 3708 3719 3726
f 3732 3708 3726
f 4310 4364 4357
f 3689 3717 3709
f 3713 3727 3723
f 4294 4371 4379
f 3721 3714 3732
f 3694 3704 3712
f 4373 4380 4360
f 4051 4052 3722
f 3704 3698 3728
f 3713 3715 3727
f 4052 3699 4059
f 3729 3730 3711
f 3027 3070 3304
f 6227 3304 3057
f 4370 4363 4403
f 4741 4372 4479
f 4425 4338 4476
f 4351 4344 4381
f 4308 4400 4329
f 4273 4350 4408
f 4297 4420 4362
f 3311 3728 3698
f 4363 4378 4403
f 4371 4370 4409
f 4052 4059 3731
f 3702 3697 3721
f 3699 3709 4059
f 3733 3732 3726
f 4371 4409 4379
f 3715 3746 3727
f 3712 4053 3693
f 3720 3322 6105
f 3732 3733 3721
f 4735 4382 4751
f 4373 4383 4380
f 3687 3721 3733
f 4735 4375 4382
f 4374 4294 4379
f 4349 4475 4384
f 6224 6225 6221
f 4385 4368 4386
f 4340 4478 4387
f 4385 4386 4358
f 4478 4351 4388
f 4389 4390 4391
f 4351 4381 4388
f 4345 4392 4480
f 4343 4393 4359
f 4365 4394 4376
f 4470 4416 4365
f 4356 4355 4416
f 4343 4480 4393
f 3686 4054 3717
f 3703 3734 4049
f 4395 4342 4364
f 3709 3735 4058
f 3709 4058 4059
f 4340 4387 4476
f 3719 3703 3726
f 3724 3730 3729
f 4342 4411 4364
f 3704 3728 3736
f 3070 3056 3304
f 4365 4416 4394
f 4344 4357 4381
f 4053 3737 3693
f 4339 4389 4377
f 4475 4396 4384
f 3712 3738 4053
f 4397 4443 4328
f 4359 4393 4481
f 4349 4392 4345
f 4349 4384 4392
f 3700 3690 3739
f 4342 4376 4398
f 3716 3678 4048
f 6179 3305 3036
f 4369 4374 4399
f 4477 4423 4483
f 4328 4439 4400
f 4342 4398 4411
f 3710 4054 3686
f 4353 4401 4402
f 4403 4404 4370
f 4063 3693 3737
f 4355 4359 4481
f 4357 4405 4406
f 3717 3735 3709
f 4475 4353 4396
f 4375 4479 4382
f 4052 3731 3722
f 4390 4490 4407
f 4408 4350 4417
f 4401 4358 4402
f 4378 4360 4380
f 4403 4378 4404
f 3735 3717 3740
f 3712 3704 3738
f 3719 3741 3703
f 4369 4399 4488
f 4390 4407 4391
f 4374 4379 4399
f 4751 4382 4373
f 4370 4404 4409
f 4377 4448 4397
f 4373 4382 4410
f 4364 4405 4357
f 3719 3742 3741
f 4477 4483 4490
f 4398 4484 4411
f 4381 4406 4388
f 3704 3736 3738
f 4396 4353 4412
f 4381 4357 4406
f 3710 3743 4054
f 4372 4488 4479
f 4400 4439 4329
f 4364 4411 4413
f 4372 4369 4488
f 4358 4386 4402
f 4480 4482 4393
f 3028 3303 3305
f 6229 6212 6234
f 4366 4367 4361
f 4355 4481 4414
f 3691 4049 3734
f 4480 4392 4482
f 4390 4347 4490
f 4054 3740 3717
f 4368 4415 4386
f 4337 4362 4433
f 4416 4355 4394
f 4408 4417 4420
f 4402 4412 4353
f 4377 4418 4448
f 4483 4419 4490
f 4364 4413 4405
f 4420 4421 4362
f 4479 4422 4382
f 4398 4376 4484
f 4389 4391 4418
f 4352 4487 4423
f 4405 4413 4424
f 4373 4410 4383
f 3737 4053 3744
f 3724 3745 3730
f 4476 4485 4425
f 4423 4487 4483
f 4328 4426 4427
f 4751 4373 3046
f 4328 4443 4426
f 4417 4486 4420
f 4425 4428 4415
f 4439 4350 4329
f 4337 4451 4348
f 4389 4418 4377
f 4378 4380 4404
f 4476 4387 4429
f 4478 4430 4387
f 3319 3353 3311
f 4397 4448 4443
f 4411 4484 4413
f 3721 3697 3746
f 4347 4477 4490
f 3724 3723 3745
f 3703 3741 3747
f 4479 4488 4422
f 3697 3748 3746
f 4420 4486 4421
f 4482 4392 4431
f 4362 4421 4433
f 4388 4444 4478
f 4387 4430 4429
f 4476 4429 4485
f 4379 4409 4399
f 3700 3739 3681
f 3716 4048 4063
f 4406 4444 4388
f 4483 4487 4419
f 4425 4485 4428
f 4394 4355 4414
f 4409 4404 4399
f 4350 4432 4417
f 4478 4444 4430
f 3710 3681 3743
f 4376 4394 4484
f 4337 4433 4434
f 4417 4432 4486
f 3046 4373 4367
f 4337 4434 4451
f 4392 4435 4431
f 4328 4427 4439
f 4382 4422 4436
f 4406 4405 4444
f 3740 4056 3735
f 4391 4437 4418
f 4057 3735 4056
f 4392 4384 4435
f 4484 4394 4438
f 4386 4415 4428
f 4439 4440 4350
f 4393 4482 4441
f 4393 4441 4481
f 3735 4057 4058
f 4394 4414 4438
f 4404 4380 4399
f 4348 4489 4352
f 4348 4451 4489
f 4391 4407 4437
f 4402 4386 4442
f 4426 4443 4444
f 4426 4444 4427
f 4384 4396 4435
f 4410 4382 4436
f 4488 4445 4422
f 4352 4489 4487
f 4410 4446 4383
f 4350 4440 4432
f 3749 3722 3731
f 3311 3750 3728
f 4380 4383 4450
f 4488 4399 4445
f 3058 6200 3059
f 3742 3786 3741
f 4439 4424 4440
f 4484 4438 4432
f 3738 4055 4053
f 3738 3736 4056
f 3727 3746 3751
f 3715 3721 3746
f 4440 4424 4432
f 3736 3752 4056
f 4436 4422 4445
f 4484 4424 4413
f 4396 4412 4435
f 4053 4055 3753
f 4053 3754 3744
f 4402 4442 4447
f 4443 4448 4444
f 3711 3755 3742
f 4418 4437 4448
f 4436 4446 4410
f 4058 3767 4059
f 4056 3752 4057
f 4405 4424 4444
f 4441 4482 4431
f 4438 4414 4449
f 4481 4441 4414
f 3711 3730 3756
f 4429 4437 4485
f 4432 4424 4484
f 4412 4402 4447
f 4441 4431 4414
f 4058 4057 3757
f 3757 4057 3752
f 4427 4424 4439
f 4427 4444 4424
f 4436 4445 4446
f 4386 4428 4442
f 4419 4487 4447
f 4433 4421 4414
f 4433 4414 4434
f 4486 4432 4449
f 4383 4399 4450
f 4056 3758 3738
f 4438 4449 4432
f 4450 4399 4380
f 4489 4412 4487
f 4448 4437 4444
f 4487 4412 4447
f 4399 4446 4445
f 4412 4489 4451
f 4447 4442 4419
f 4407 4490 4428
f 4451 4434 4435
f 4485 4437 4407
f 4430 4444 4437
f 4485 4407 4428
f 4419 4442 4490
f 4451 4435 4412
f 4442 4428 4490
f 4486 4414 4421
f 4383 4446 4399
f 3748 3697 3725
f 3738 3759 4055
f 4435 4434 4431
f 4414 4486 4449
f 4429 4430 4437
f 3728 3750 3736
f 4431 4434 4414
f 3753 4055 3754
f 3753 3754 4053
f 4766 3033 3032
f 3738 3758 3759
f 3703 3747 3734
f 3033 4452 3046
f 3737 3744 3760
f 3757 3752 3761
f 3731 4059 3762
f 3740 3758 4056
f 3739 3690 3862
f 3737 3760 3763
f 3744 3754 3760
f 6262 3045 6212
f 3786 3742 3755
f 3044 3029 6231
f 3757 3761 4058
f 3730 3745 3764
f 3711 3756 3755
f 3736 3750 3752
f 3685 3690 3696
f 3740 4054 3758
f 3681 3765 3743
f 4063 3737 3763
f 3311 3353 3750
f 6232 3722 3030
f 3725 3766 3748
f 4058 3761 3767
f 6228 6263 3060
f 3741 3768 3747
f 3691 3769 3685
f 3754 4055 3770
f 3747 3768 3734
f 3039 6227 6235
f 3746 3779 3751
f 3750 3771 3752
f 3727 3772 4062
f 3752 3771 3761
f 3758 3773 3759
f 4055 3759 3770
f 3784 3764 3782
f 3730 3764 3784
f 3730 3784 3756
f 3722 3749 3774
f 3722 3774 3030
f 3739 3775 3681
f 4063 4065 3716
f 3727 4062 3723
f 3727 3751 3772
f 3741 4060 3768
f 6045 3251 6230
f 4724 3041 4366
f 4639 4752 4750
f 4766 3032 4742
f 3741 3786 4060
f 3720 3030 3322
f 6222 6230 3031
f 3772 3751 3776
f 3035 6236 6233
f 3761 3771 3777
f 6234 6212 6238
f 3032 3033 3034
f 3746 3748 3788
f 3755 3778 3786
f 3764 3745 3802
f 3046 4367 3041
f 3746 3788 3779
f 3767 3761 3777
f 3764 3802 3782
f 4054 3773 3758
f 3745 3723 3780
f 3775 3765 3681
f 6211 6237 6224
f 6234 6238 6226
f 3745 3780 3802
f 3756 3781 3755
f 4367 4366 3041
f 3759 3773 3770
f 3782 3783 3784
f 3691 3734 3785
f 3750 3651 3771
f 3786 3778 4060
f 3739 3862 3775
f 3743 3765 3787
f 6236 3035 3036
f 6238 6212 3037
f 3784 4061 3756
f 3751 3788 3776
f 3763 3760 3789
f 3782 3802 3783
f 3734 3790 3785
f 3756 4061 3781
f 4059 3767 3762
f 3767 3777 3762
f 3749 3731 3791
f 3772 3776 3792
f 3039 3059 6200
f 3768 4060 3734
f 6211 6228 6237
f 3784 3783 3793
f 3750 3353 3651
f 3784 3794 4061
f 3784 3793 3794
f 3731 3762 3791
f 3783 3802 3795
f 3734 3796 3790
f 3748 3766 3788
f 6238 3037 6226
f 3794 3793 4061
f 3779 3788 3751
f 4060 3796 3734
f 3725 3797 3766
f 6233 6236 3038
f 3039 6235 3059
f 6237 3040 6224
f 3037 6212 3045
f 3776 3788 3798
f 3802 3799 3795
f 4724 3052 3041
f 6225 6224 3044
f 3754 3800 3760
f 3766 3797 3788
f 4054 3801 3773
f 3723 4062 3780
f 3793 3836 4061
f 3682 3797 3725
f 4054 3743 3787
f 3755 3781 3778
f 3774 3749 3791
f 3026 6233 3038
f 6149 6231 3062
f 3044 6224 3040
f 3781 4061 4064
f 3802 3780 3799
f 4061 3836 4064
f 3303 3028 6219
f 6249 3026 3042
f 3685 3769 3690
f 3762 3325 3791
f 4063 3763 3803
f 3673 3804 3682
f 3778 3781 3805
f 3673 3716 3804
f 3690 3806 3862
f 3793 3783 3807
f 3793 3807 3836
f 6226 3037 3043
f 3783 3808 3807
f 3808 3783 3795
f 3788 3797 3809
f 3691 3785 3769
f 3770 4067 3754
f 3771 3651 3777
f 3785 3790 3796
f 3799 3780 3810
f 3781 4064 3805
f 3754 4067 3800
f 3770 3773 3811
f 3774 3791 3346
f 3040 3029 3044
f 3037 3045 3043
f 3773 3801 3811
f 3810 3812 3799
f 3799 3812 3795
f 3836 3807 3813
f 3030 3312 3322
f 3046 3034 3033
f 3716 3814 3804
f 3805 4064 3815
f 3788 3809 3798
f 3306 6249 3042
f 3760 3800 3789
f 3785 3816 3769
f 3778 3805 3829
f 3772 3792 4062
f 4060 3817 3796
f 3682 3804 3818
f 3814 3716 4065
f 3785 3796 3816
f 3808 3795 3819
f 3777 3820 3762
f 3780 4062 3810
f 3808 3813 3807
f 6013 3047 3251
f 3040 6237 3048
f 4062 3821 3810
f 3813 3808 3819
f 3049 3046 3041
f 3778 3822 4060
f 3862 3823 3775
f 3304 3050 3057
f 4062 3792 3824
f 3810 3821 3825
f 4063 3803 4065
f 4064 3836 3815
f 3812 3810 3825
f 3809 3797 3826
f 3809 3826 3827
f 3045 3051 3064
f 3795 3812 3828
f 3862 3845 3823
f 4062 3824 3821
f 3815 3829 3805
f 3052 3053 3054
f 3305 3303 3055
f 3795 3828 3819
f 3050 3304 3056
f 3690 3769 3806
f 4054 3787 3801
f 3798 4072 3776
f 3813 3819 3830
f 3821 3824 3840
f 3796 3817 3816
f 3775 3823 3765
f 6227 3057 6235
f 3305 3055 3036
f 3051 4750 3064
f 3040 3048 3029
f 3798 3827 4072
f 3682 3818 3797
f 3820 3777 3651
f 3792 3776 4072
f 3058 3059 3060
f 4742 3061 4752
f 6105 3313 3071
f 3825 3821 3831
f 3828 3832 3819
f 3798 3809 3827
f 4742 3032 3061
f 3062 6231 3063
f 3815 3833 3829
f 3353 3319 3314
f 3812 4068 3828
f 3819 3832 3830
f 3821 3840 3831
f 3803 3763 4066
f 3762 3820 3325
f 3029 3048 6231
f 3829 3833 3778
f 3787 3765 3834
f 3797 3818 3826
f 3763 3789 4066
f 3804 3814 3854
f 3845 3835 3823
f 3813 3830 3836
f 3814 4065 3837
f 6237 6228 3048
f 3045 3064 3043
f 4065 3803 3838
f 3053 3106 3054
f 3800 3839 3789
f 3824 3792 3840
f 3837 4065 3838
f 3825 3841 3812
f 3817 4060 3890
f 3811 3801 3842
f 3828 4068 3832
f 3770 3811 4067
f 3774 3346 3030
f 3800 4067 3839
f 4068 3812 3843
f 3836 3830 4069
f 3825 3831 3841
f 3815 3844 3833
f 3778 3894 3822
f 3862 3835 3845
f 3026 3038 6236
f 3836 3846 3815
f 3312 3317 3322
f 3801 3787 3842
f 3836 4069 3846
f 3791 3325 3346
f 3830 3832 4069
f 3832 4068 3847
f 4067 4070 3839
f 3804 4076 3818
f 3812 3841 3843
f 3815 3846 3844
f 4067 3811 4070
f 3325 3820 3315
f 3811 3848 4070
f 3832 3847 4069
f 3844 3849 3833
f 3787 3850 3842
f 3787 3834 3850
f 3803 4066 3838
f 3804 3854 4076
f 3843 3841 3852
f 3831 3840 4073
f 3840 3851 4073
f 3778 4075 3894
f 3820 3650 3315
f 3026 6236 3065
f 3057 3050 6235
f 3811 3842 3848
f 6258 3306 3066
f 3861 3817 3890
f 3846 4069 4077
f 4068 3843 3852
f 3778 3833 4075
f 3769 3816 3853
f 3312 3316 3317
f 4066 3789 4071
f 3055 3303 3036
f 3853 3806 3769
f 3814 3837 3854
f 3071 3313 3318
f 3062 3063 3106
f 3050 3067 6235
f 4068 3852 3847
f 3840 3792 3851
f 4072 3827 3869
f 3343 3316 3312
f 3314 3319 3320
f 3056 3067 3050
f 6236 3036 3068
f 3838 4066 3855
f 4060 3822 3890
f 3839 4070 3856
f 3789 3839 4071
f 3317 3316 3321
f 4076 3854 3857
f 3841 3858 3852
f 3835 3859 3823
f 3765 3860 3834
f 3820 3651 3650
f 3314 3320 3362
f 3322 3323 6105
f 4072 3869 3879
f 3319 3331 3320
f 3316 3343 3321
f 3320 3331 3362
f 3343 3334 3321
f 3067 3056 3069
f 3056 3070 3069
f 3834 3860 3850
f 3319 3324 3331
f 3321 3335 3317
f 3816 3817 3861
f 3862 3806 3835
f 3854 3837 3863
f 3325 3315 3326
f 3325 3326 3346
f 3071 3369 3070
f 3036 3303 3072
f 6223 3043 3073
f 3059 6235 3104
f 3334 3335 3321
f 3319 3327 3328
f 3319 3328 3324
f 3317 3329 3322
f 3328 3327 3352
f 3856 4070 3864
f 3328 3330 3324
f 3839 3856 4071
f 3352 3330 3328
f 3842 3865 3848
f 3327 3319 3352
f 3827 3826 3818
f 3816 3861 3853
f 3857 3854 3863
f 3331 3332 3362
f 3331 3324 3332
f 3324 3330 3332
f 4066 4071 3866
f 4070 3848 3864
f 3844 3846 4077
f 3844 4077 3867
f 3835 3806 3859
f 3847 3852 3868
f 3827 3818 3869
f 3823 3860 3765
f 3315 3650 3333
f 3326 3351 3346
f 3332 3330 3349
f 3334 3337 3335
f 3070 3369 3069
f 3848 3865 3864
f 3335 3337 3336
f 3844 3867 3849
f 3841 4073 4082
f 3841 3831 4073
f 3859 3860 3823
f 3334 3343 3337
f 3069 3369 3067
f 3650 3364 3333
f 3315 3333 3326
f 4066 3866 3855
f 4071 3856 3866
f 3061 3074 4752
f 3792 4072 3870
f 3852 3858 3868
f 3837 3838 3871
f 3833 3849 4075
f 3851 3792 3872
f 3818 3893 3869
f 3861 3878 3873
f 3861 3873 3853
f 3650 3651 3364
f 6236 3068 3078
f 3067 3077 6235
f 3871 3838 3855
f 3326 3333 3338
f 3326 3338 3351
f 3339 3340 3338
f 3338 3340 3351
f 3333 3341 3356
f 3868 3874 3847
f 3338 3356 3339
f 3333 3364 3341
f 3338 3333 3356
f 3048 6228 3075
f 3048 3075 6231
f 3064 4750 3043
f 3869 3893 3892
f 3850 3875 3842
f 3858 3841 4082
f 3343 3312 3359
f 3337 3342 3336
f 3879 3869 3892
f 3822 3894 3876
f 3865 3842 3877
f 3842 3875 3877
f 3851 3872 4073
f 3865 3877 3864
f 3861 3890 3878
f 4072 3879 3880
f 3337 3343 3342
f 3349 3330 3350
f 3065 6236 3076
f 3369 3077 3067
f 3332 3344 3362
f 3061 3032 3074
f 4076 3897 3818
f 3855 3866 3871
f 3871 3881 3837
f 3837 3881 3863
f 3882 3890 3822
f 3879 3892 3880
f 6235 3077 3307
f 6231 3075 3063
f 4069 3847 3874
f 4076 3857 4074
f 3871 3866 3883
f 3353 3314 3354
f 3857 3863 4074
f 3340 3339 3373
f 3356 3373 3339
f 3330 3352 3345
f 3076 6236 3078
f 3036 3072 3079
f 3072 3303 3079
f 3856 3864 3884
f 3868 3858 3885
f 3344 3332 3349
f 3049 3080 3046
f 3346 3351 3370
f 3036 3081 3068
f 3036 3079 3081
f 6235 3307 3104
f 3041 3080 3049
f 3359 3312 3347
f 3853 3873 3886
f 4750 3073 3043
f 4072 3880 3870
f 3856 3884 3887
f 3873 3878 3886
f 3872 3792 3888
f 3818 3896 3893
f 3859 3889 3860
f 3079 3091 3081
f 3303 6219 3079
f 3866 3856 3887
f 3890 3891 3878
f 3880 3892 3893
f 3046 3080 3082
f 3866 3887 3883
f 3878 3891 3886
f 3894 4075 3876
f 3806 3853 3895
f 3336 3342 3348
f 6192 6223 6219
f 3085 4752 3074
f 3356 3449 3373
f 3342 3343 3359
f 3030 3346 3371
f 3349 3350 3367
f 3863 3881 3871
f 3853 3886 3895
f 3030 3347 3312
f 3792 3870 3888
f 3046 3082 3083
f 3859 3806 3889
f 3872 3888 4073
f 3351 3340 3355
f 3314 3362 3354
f 3335 3375 3317
f 3352 3319 3345
f 3046 3084 3034
f 3893 3896 3880
f 3353 3354 3651
f 3319 3372 3345
f 4076 4074 3897
f 3864 3877 3919
f 3041 3098 3080
f 3886 3891 3895
f 3046 3083 3084
f 3858 4082 3898
f 3876 3899 3822
f 3336 3348 3375
f 3026 3065 3076
f 3074 3032 3085
f 3060 3059 3104
f 3884 3864 3900
f 3874 3868 3885
f 4075 3849 3901
f 3876 4075 3899
f 3822 3899 3882
f 3344 3349 3367
f 3350 3330 3345
f 3054 3086 3052
f 3032 3034 3087
f 3347 3030 3371
f 3351 3355 3370
f 3034 3084 3087
f 6219 3088 3079
f 3891 3902 3895
f 3084 3083 3089
f 3818 3897 3896
f 3336 3375 3335
f 3369 3307 3077
f 3060 3103 6228
f 3858 3898 3885
f 3806 3895 3905
f 3883 3903 3871
f 3356 3341 3652
f 6228 3090 3075
f 3871 3904 3863
f 3880 4078 3870
f 3896 3914 3880
f 3317 3375 3365
f 3322 3329 3323
f 3081 3091 3068
f 3060 3104 3103
f 6228 3103 3090
f 6223 3092 6219
f 3052 3098 3041
f 3084 3089 3087
f 3651 3357 3364
f 3884 3921 3887
f 3877 3875 3919
f 3900 3921 3884
f 3864 3921 3900
f 3883 3887 3903
f 3895 3902 3905
f 3092 6223 3073
f 3902 3891 3906
f 3882 3899 3913
f 3342 3359 3348
f 6230 3093 3031
f 3899 4075 3907
f 3080 3094 3095
f 3887 3921 3908
f 3875 3850 3920
f 3367 3366 3344
f 3905 3918 3806
f 3897 4074 3909
f 3350 3345 3367
f 3307 3096 3104
f 3106 3063 3097
f 3098 3052 3099
f 3079 3108 3091
f 3080 3098 3094
f 3864 3919 3921
f 3052 3086 3099
f 3887 3908 3903
f 3449 3417 3373
f 6219 3092 3100
f 3090 3103 3101
f 3874 3910 4069
f 3880 3914 4078
f 3083 3082 3089
f 3087 3089 3308
f 3097 3063 3102
f 3104 3096 3105
f 4073 3888 3911
f 4075 3901 3907
f 3891 4081 3906
f 6230 3143 3093
f 6219 3100 3088
f 3091 3108 3068
f 3103 3104 3105
f 3897 3909 3912
f 3106 3097 3054
f 6258 3066 3319
f 3890 3882 3891
f 3098 3099 3094
f 3085 3032 3107
f 3806 3918 3889
f 3899 3907 3913
f 3897 3923 3896
f 3347 3358 3359
f 3086 3054 3109
f 3032 3087 3308
f 3308 3089 3309
f 3914 3896 3923
f 3089 3082 3309
f 3080 3095 3082
f 3356 3652 3449
f 3079 3088 3108
f 3099 3109 3094
f 3092 3073 3100
f 3867 4077 3915
f 4074 3863 3909
f 3348 3359 3363
f 3367 3345 3360
f 4752 3113 4750
f 3086 3109 3099
f 3097 3110 3054
f 3919 3875 3920
f 3897 3912 3923
f 3031 3111 3183
f 3871 3903 3916
f 3032 3308 3107
f 3075 3090 3112
f 3085 3107 3121
f 4752 3085 3113
f 4073 3911 4082
f 3849 3867 3915
f 3090 3101 3112
f 3924 3913 3907
f 3860 3917 3850
f 3850 3917 3920
f 3871 3916 3904
f 3885 3898 3874
f 3054 3133 3109
f 4069 3910 4077
f 3113 3085 3114
f 3921 3939 3908
f 3107 3308 3115
f 3366 3360 3344
f 3905 3902 3918
f 3094 3109 3125
f 3054 3116 3133
f 3031 3117 3111
f 3075 3112 3063
f 3116 3054 3118
f 3919 3920 3921
f 3133 3116 3119
f 3068 3120 3078
f 3031 3093 3117
f 3651 3354 3361
f 3085 3121 3114
f 3103 3105 3101
f 3114 3122 3113
f 4750 3113 3122
f 3920 3922 3921
f 3902 3906 4081
f 3912 3909 3923
f 3354 3362 3344
f 3348 3363 3375
f 3360 3345 3378
f 3026 3076 3123
f 3369 3382 3307
f 3076 3078 3120
f 3913 3924 3882
f 3874 3898 3925
f 4750 3124 3073
f 3109 3133 3125
f 3341 3364 3652
f 3107 3115 3126
f 3101 3105 3134
f 3115 3308 3126
f 3891 3882 4081
f 3121 3107 3127
f 3133 3128 3125
f 4750 3122 3124
f 3849 4086 3901
f 3882 3924 3926
f 3914 3923 4078
f 3323 3313 6105
f 3122 3114 3129
f 3308 3309 3126
f 3118 3054 3110
f 3921 3922 3939
f 3126 3309 3160
f 3114 3130 3129
f 3111 3117 3183
f 3095 3094 3131
f 3924 3907 3926
f 3918 3902 3927
f 3317 3365 3329
f 3918 3927 3889
f 3364 3357 3652
f 3116 3118 3132
f 3121 3130 3114
f 3107 3126 3127
f 3119 3128 3133
f 3094 3125 3131
f 3105 3096 3134
f 3097 3102 3110
f 3102 3135 3110
f 3916 3903 3928
f 3118 3110 3132
f 3366 3367 3360
f 3902 4081 3927
f 3923 3909 3929
f 3909 3863 3929
f 3359 3379 3363
f 3363 3379 3375
f 3123 3076 3120
f 3860 3930 3917
f 3126 3162 3127
f 3093 3143 3175
f 3903 3908 3928
f 3119 3140 3136
f 3121 3150 3130
f 3121 3127 3150
f 3125 3152 3131
f 3110 3135 3137
f 3132 3110 3138
f 3132 3138 3116
f 3116 3138 3137
f 3110 3137 3138
f 3116 3137 3119
f 3126 3160 3162
f 3124 3122 3223
f 3140 3145 3136
f 3141 3139 3147
f 3140 3119 3137
f 3145 3141 3142
f 3143 6230 3251
f 3309 3082 3144
f 3309 3144 3160
f 3915 4077 3910
f 3063 3112 3102
f 3145 3146 3141
f 3147 3148 3141
f 3127 3162 3149
f 3127 3149 3150
f 3147 3150 3148
f 3150 3147 3130
f 3082 3095 3144
f 3908 3931 3928
f 3145 3140 3137
f 3145 3137 3151
f 3125 3128 3152
f 3119 3136 3128
f 3150 3149 3148
f 3889 3927 3932
f 3145 3142 3136
f 3922 3920 3939
f 3888 3870 3936
f 3863 3933 3929
f 3108 3088 3153
f 3860 3889 3932
f 3860 3932 3930
f 3929 3933 3934
f 3102 3154 3135
f 3152 3155 3131
f 3929 3934 3923
f 3907 3901 3926
f 3923 3934 3935
f 3346 3370 3371
f 3152 3128 3155
f 3141 3156 3142
f 3145 3157 3146
f 3129 3130 3122
f 3071 3368 3369
f 3141 3148 3158
f 3139 3159 3147
f 3908 3939 4079
f 3128 3136 3155
f 3136 3142 3155
f 3100 3199 3088
f 3141 3159 3139
f 3141 3158 3144
f 3141 3144 3156
f 3923 3935 4078
f 3882 3926 3937
f 3096 3176 3134
f 3148 3149 3161
f 3863 3904 3933
f 3149 3162 3161
f 3160 3144 3161
f 3160 3161 3162
f 3158 3148 3161
f 3158 3161 3144
f 3916 3928 3904
f 3142 3156 3131
f 3145 3151 3163
f 3145 3163 3157
f 3370 3389 3371
f 3151 3137 3163
f 3157 3163 3146
f 3137 3135 3164
f 3156 3144 3131
f 3142 3131 3155
f 3095 3131 3144
f 3026 3123 3042
f 3915 3952 3849
f 3888 3936 3911
f 3926 3901 3937
f 3357 3651 3361
f 3378 3345 3374
f 3345 3372 3374
f 3108 3153 3171
f 3102 3112 3154
f 3163 3137 3164
f 3920 3917 3938
f 3176 3101 3134
f 3088 3199 3153
f 3159 3130 3147
f 3122 3130 3223
f 3939 3920 4079
f 3930 3932 3940
f 3927 4080 3932
f 3925 3898 3941
f 3849 3952 4086
f 3124 3200 3073
f 3143 3251 3238
f 3163 3164 3146
f 3146 3165 3141
f 3933 3904 3934
f 3175 3143 3166
f 3874 3925 4085
f 3154 3164 3135
f 3898 4082 3941
f 3319 3066 3372
f 3071 3318 3368
f 3108 3171 3173
f 4079 3920 3938
f 3932 4080 3940
f 3908 4079 3931
f 3340 3373 3355
f 3120 3068 3167
f 3374 3372 3378
f 3223 3200 3124
f 3093 3175 3117
f 3940 3942 3930
f 4081 3882 3970
f 3910 3874 4085
f 3927 4081 4080
f 3365 3375 3376
f 3372 3377 3378
f 3379 3359 3380
f 3940 4080 3942
f 3378 3377 3344
f 3146 3164 3165
f 3931 4079 3943
f 3375 3379 3376
f 3141 3168 3159
f 3108 3173 3169
f 3376 3379 3380
f 3376 3380 3365
f 3378 3344 3360
f 3176 3177 3101
f 3934 3904 3945
f 3904 3928 3944
f 3365 3380 3329
f 3141 3165 3168
f 3223 3130 3216
f 3153 3199 3171
f 3930 3942 3917
f 3031 3183 3170
f 3945 3935 3934
f 3168 3165 3159
f 3372 3344 3377
f 3358 3380 3359
f 3175 3166 3187
f 3068 3108 3167
f 3372 3066 3344
f 3183 3117 3180
f 3928 3931 3943
f 3173 3171 3210
f 3073 3200 3172
f 3904 3959 3945
f 3073 3172 3100
f 3911 3936 3946
f 3882 3937 3949
f 3882 3949 3970
f 3173 3210 3174
f 3175 3187 3186
f 3177 3176 3178
f 3177 3178 3202
f 3199 3100 3172
f 3101 3177 3180
f 3917 3947 3938
f 3177 3179 3180
f 3130 3181 3182
f 3130 3182 3216
f 3117 3175 3215
f 3183 3180 3196
f 3130 3159 3181
f 3904 3944 3959
f 4079 3938 3948
f 3175 3186 3182
f 3358 3381 3380
f 3358 3347 3381
f 3166 3238 3187
f 3937 3901 3949
f 3369 3368 3382
f 3179 3177 3184
f 3190 3185 3187
f 3165 3233 3159
f 3187 3185 3186
f 3917 3942 3947
f 3187 3238 3190
f 4081 3970 3985
f 3185 3189 3221
f 3185 3190 3189
f 3189 3188 3221
f 3191 3182 3186
f 3189 3190 3236
f 3347 3371 3386
f 3108 3169 3167
f 3199 3191 3171
f 3928 3943 3950
f 3185 3221 3186
f 3173 3174 3169
f 3180 3192 3193
f 3191 3194 3171
f 3176 3195 3178
f 3354 3344 3404
f 3143 3238 3166
f 3183 3196 3240
f 3180 3179 3184
f 3180 3184 3192
f 3101 3230 3112
f 3944 3928 3950
f 3959 3944 3951
f 3188 3189 3236
f 3193 3197 3180
f 3096 3307 3400
f 3199 3224 3191
f 3915 3910 3952
f 3223 3216 3214
f 3193 3220 3197
f 3165 3198 3233
f 4079 3948 3943
f 3180 3213 3196
f 3112 3230 3229
f 3180 3197 3213
f 3947 3948 3938
f 3944 3950 3951
f 3172 3200 3199
f 3112 3229 3154
f 3200 3201 3199
f 3925 3941 3953
f 3329 3380 3323
f 3178 3207 3202
f 3181 3159 3203
f 4080 4081 3954
f 4080 3954 3955
f 3380 3381 3397
f 3344 3066 3383
f 3123 3120 3384
f 3170 3183 3240
f 3188 3205 3221
f 3177 3202 3184
f 3191 3186 3204
f 3031 3170 3047
f 3188 3236 3205
f 3178 3206 3207
f 3213 3197 3208
f 3223 3209 3200
f 3180 3117 3101
f 3178 3195 3206
f 3197 3220 3208
f 3171 3194 3210
f 3211 3159 3233
f 3165 3164 3212
f 3200 3209 3201
f 3164 3154 3229
f 3354 3385 3361
f 3226 3101 3198
f 3213 3240 3196
f 3224 3214 3191
f 3199 3201 3224
f 3203 3215 3181
f 3191 3216 3182
f 3236 3190 3217
f 3169 3174 3218
f 3386 3371 3387
f 3925 3953 4085
f 3942 4080 3955
f 3380 3397 3323
f 3384 3120 3167
f 3400 3176 3096
f 3170 3240 3219
f 3220 3193 3192
f 3191 3204 3194
f 3204 3186 3221
f 3221 3205 3222
f 3354 3653 3385
f 3223 3224 3209
f 3223 3214 3224
f 3225 3165 3226
f 3101 3117 3198
f 3101 3226 3230
f 3182 3181 3215
f 3347 3386 3387
f 3190 3238 3217
f 3215 3203 3211
f 3224 3227 3209
f 3209 3227 3201
f 3159 3211 3203
f 3165 3226 3198
f 3165 3212 3226
f 3212 3228 3226
f 3164 3229 3230
f 3212 3164 3228
f 3164 3230 3228
f 3347 3387 3381
f 3191 3214 3231
f 3159 3232 3233
f 3231 3214 3216
f 3231 3216 3191
f 3215 3175 3182
f 3215 3211 3233
f 3215 3233 3117
f 3117 3233 3198
f 3227 3224 3201
f 3228 3230 3226
f 3947 3963 3948
f 3169 3218 3234
f 3387 3388 3381
f 3949 3901 3956
f 4078 3935 3957
f 3935 3945 3958
f 3945 3959 3958
f 3371 3389 3387
f 3449 3652 3520
f 3354 3392 3390
f 3354 3391 3392
f 3354 3404 3391
f 3344 3383 3404
f 3167 3169 3235
f 3948 3963 3943
f 3174 3210 3218
f 3354 3390 3653
f 3950 3943 3967
f 3950 3967 3951
f 3236 3217 3237
f 3251 3217 3238
f 3213 3239 3240
f 3387 3389 3393
f 3387 3393 3388
f 3251 3047 3252
f 3901 4086 3956
f 4078 3957 4083
f 3947 3942 3960
f 3357 3361 3394
f 3313 3323 3395
f 3184 3241 3192
f 3208 3259 3213
f 3242 3249 3047
f 3242 3243 3249
f 3242 3047 3243
f 3249 3244 3047
f 3262 3245 3244
f 3244 3245 3047
f 3246 3237 3247
f 3246 3247 3248
f 3248 3247 3252
f 3213 3258 3239
f 3249 3261 3244
f 3397 3396 3323
f 3251 3237 3217
f 3244 3261 3262
f 3258 3253 3250
f 3943 3963 3961
f 3247 3237 3252
f 3251 3252 3237
f 3240 3239 3219
f 3213 3259 3258
f 3243 3047 3170
f 3245 3252 3047
f 3252 3421 3248
f 3252 3245 3421
f 3243 3170 3249
f 3250 3260 3249
f 3250 3249 3170
f 3250 3170 3258
f 3943 3961 3967
f 3258 3170 3239
f 3236 3237 3264
f 3253 3258 3254
f 3958 3957 3935
f 3239 3170 3219
f 3246 3255 3269
f 3246 3269 3237
f 3961 3963 3967
f 3404 3383 3423
f 3397 3398 3399
f 3169 3234 3235
f 3307 3382 3400
f 3246 3248 3256
f 3397 3399 3396
f 3262 3266 3245
f 3258 3257 3254
f 3066 3401 3383
f 3258 3259 3257
f 3248 3421 3256
f 3253 3254 3265
f 3260 3267 3249
f 3261 3266 3262
f 3947 3962 3963
f 3394 3402 3357
f 3066 3306 3423
f 3395 3411 3313
f 3306 3042 3403
f 3208 3257 3259
f 3218 3210 3263
f 3236 3264 3205
f 3391 3404 3415
f 3404 3405 3415
f 3404 3406 3405
f 3391 3415 3407
f 3256 3255 3246
f 3250 3253 3265
f 3323 3396 3395
f 3401 3066 3423
f 3245 3266 3421
f 3415 3405 3406
f 3404 3423 3412
f 3404 3412 3406
f 3255 3274 3269
f 3249 3267 3261
f 3401 3423 3383
f 3396 3399 3395
f 3250 3265 3260
f 3942 3955 3960
f 3269 3291 3237
f 3237 3291 3264
f 3274 3268 3269
f 3357 3402 3652
f 3241 3184 3202
f 3970 3949 3972
f 3946 3936 3964
f 3384 3167 3270
f 3384 3270 3123
f 3397 3408 3398
f 3390 3409 3653
f 3123 2297 3042
f 3382 3368 3410
f 3382 3280 3400
f 3400 3271 3176
f 3176 3271 3195
f 3195 3271 3273
f 3202 3207 3272
f 3195 3273 3206
f 3255 3275 3274
f 3255 3256 3275
f 3402 3520 3652
f 3399 3411 3395
f 3399 3398 3411
f 3361 3653 3394
f 3361 3385 3653
f 3206 3273 3207
f 3265 3254 3274
f 3954 4081 3965
f 3388 3393 3381
f 3370 3393 3389
f 3370 3355 3427
f 3265 3274 3275
f 3406 3412 3413
f 3398 3408 3414
f 3415 3406 3413
f 3958 3959 3966
f 3946 3998 3911
f 3963 3962 3967
f 3967 3962 3968
f 3397 3381 3416
f 3355 3373 3417
f 3414 3411 3398
f 3313 3411 3318
f 3274 3254 3268
f 3204 3221 3276
f 3947 3960 3962
f 3393 3370 3452
f 3381 3393 3424
f 3370 3418 3452
f 3397 3416 3408
f 3382 3410 3280
f 3370 3427 3418
f 3391 3407 3392
f 3415 3413 3407
f 2297 3123 3287
f 3954 3965 3955
f 3958 3969 3957
f 3970 3972 3971
f 3270 3287 3123
f 3210 3277 3263
f 3949 3956 3971
f 3972 3949 3971
f 3958 3966 3969
f 3409 3390 3419
f 3390 3392 3419
f 3265 3275 3267
f 3265 3267 3260
f 3221 3222 3276
f 3234 3218 3263
f 3936 3870 3964
f 3955 3965 3973
f 3407 3413 3392
f 3235 3234 3263
f 3394 3653 3420
f 3402 3394 3420
f 3962 3960 3974
f 3911 3998 4082
f 4078 4083 3870
f 4081 3985 3965
f 3167 3235 3278
f 3421 2360 3256
f 3207 3273 3288
f 3208 3220 3279
f 3167 3278 3270
f 3220 3192 3279
f 3280 3426 3400
f 3235 3263 3278
f 3957 3969 4083
f 3653 3409 3422
f 3400 3426 3271
f 3194 3204 3276
f 3270 3278 3287
f 3653 3422 3420
f 3280 3410 3426
f 3192 3241 3281
f 3268 3282 3269
f 3962 3975 3968
f 3967 3968 3951
f 3423 3306 3403
f 3269 3282 3291
f 3283 3208 3279
f 3210 3194 3277
f 3420 3431 3402
f 3271 3288 3273
f 3951 3968 3966
f 3278 3263 3287
f 3955 3973 3960
f 3426 3288 3271
f 3946 3964 3998
f 3959 3951 3966
f 3424 3416 3381
f 3257 3208 3283
f 3257 3283 3284
f 3192 3281 3296
f 3962 3974 3975
f 4085 3976 3910
f 3194 3285 3277
f 3969 3977 4083
f 3969 3966 3978
f 3419 3392 3425
f 3392 3413 3425
f 3194 3276 3299
f 3960 3973 3974
f 3979 3974 3973
f 3282 3268 3286
f 3870 3977 3964
f 3870 4083 3977
f 3985 3980 3965
f 3355 3417 3427
f 3457 3413 3412
f 3410 3368 3426
f 3205 3264 3293
f 3205 3293 3222
f 3973 3965 3980
f 3202 3281 3241
f 3452 3418 3427
f 3452 3427 3430
f 3970 3971 3981
f 3268 2310 3286
f 3416 3429 3408
f 3968 4084 3966
f 3964 3989 3998
f 3427 3475 3428
f 3409 3419 3422
f 3412 3423 3435
f 3318 3411 3434
f 3287 3263 2297
f 3256 3438 3275
f 3268 3254 2310
f 3968 3975 3982
f 3971 3991 3981
f 3975 3974 3979
f 3981 3980 3970
f 3952 3910 3976
f 3941 3983 3953
f 3941 4082 3984
f 3422 3419 3425
f 3416 3424 3429
f 3427 3417 3475
f 3202 3272 3281
f 3425 3413 3454
f 3970 3980 3985
f 3430 3427 3428
f 3402 3431 3520
f 3971 3956 4087
f 3991 3971 4087
f 4082 3998 3984
f 3417 3449 3432
f 3266 3261 3615
f 3980 3986 3973
f 3973 3987 3979
f 3207 3288 3272
f 3968 3982 4084
f 3966 4084 3978
f 3969 3978 3988
f 3989 3964 3977
f 3973 3986 3987
f 4086 4087 3956
f 3414 3516 3460
f 3457 3412 3435
f 3411 3433 3434
f 3435 3423 3403
f 2310 3254 3257
f 3953 3983 4085
f 3393 3452 3424
f 4086 3952 3990
f 3975 3979 3982
f 3449 3436 3432
f 3981 3991 3993
f 3425 3454 3437
f 3256 2360 3438
f 3983 3941 3984
f 4086 3990 4087
f 3991 4087 3992
f 3991 3992 3993
f 3433 3439 3434
f 3421 3266 2360
f 3282 2349 3291
f 3267 3275 3438
f 3979 3987 3982
f 3452 3440 3424
f 3288 3426 2304
f 3417 3432 3475
f 3432 3436 3475
f 3978 4084 3988
f 3368 2304 3426
f 3993 3994 3981
f 3452 3430 3441
f 3414 3433 3411
f 3425 3437 3442
f 3422 3425 3442
f 3460 3516 3493
f 3282 3286 2349
f 3194 3299 3285
f 3980 3981 3994
f 3420 3444 3431
f 3990 3952 3995
f 4087 3996 3992
f 3408 3429 3443
f 3420 3422 3444
f 3976 3997 3952
f 3424 3440 3445
f 3446 3413 3457
f 3460 3433 3414
f 3434 3494 3318
f 3286 2290 2349
f 3257 3284 2310
f 3283 3279 3289
f 3284 3283 3289
f 3408 3443 3414
f 3452 3441 3654
f 3989 3977 4000
f 3988 4084 4012
f 4087 3990 3996
f 3449 3447 3436
f 3980 3994 3986
f 3998 3989 4001
f 3444 3422 3442
f 3520 3448 3449
f 3449 3448 3453
f 3318 3450 3368
f 3475 3436 3451
f 3952 3997 3995
f 3431 3444 3467
f 3276 3222 3299
f 3998 3999 3984
f 3452 3462 3440
f 3977 3969 4000
f 3447 3449 3453
f 3442 3437 3454
f 3998 4001 3999
f 3485 3457 3455
f 4000 4002 3989
f 3993 4005 3994
f 3993 3992 4007
f 3444 3442 3456
f 3414 3443 3464
f 3454 3413 3446
f 3457 3485 3508
f 3447 3453 3458
f 3460 3493 3459
f 3436 3447 3451
f 3430 3428 3441
f 3994 4016 3986
f 4085 4089 4003
f 3993 4007 4005
f 4085 4003 3976
f 3987 4011 3982
f 4085 3983 4089
f 3460 3459 3461
f 3997 3976 4004
f 3452 3654 3462
f 3460 3461 3433
f 3989 4002 4001
f 3463 3448 3520
f 3414 3464 3516
f 3457 3435 3465
f 3279 3192 3290
f 3192 3296 3290
f 3990 3995 3996
f 3444 3456 3467
f 3994 4005 4016
f 3459 3493 3466
f 3995 3997 4004
f 3982 4011 4084
f 2297 3263 3562
f 3969 3988 4006
f 3969 4006 4000
f 3459 3466 3477
f 3984 3999 4088
f 3318 3494 3450
f 3986 4008 3987
f 3520 3431 3467
f 3983 3984 4088
f 4002 4009 4001
f 3424 3445 3429
f 3448 3476 3453
f 3433 3461 3439
f 3434 3439 3494
f 3454 3468 3442
f 3042 3469 3403
f 3477 3478 3459
f 3477 3470 3474
f 3470 3471 3474
f 3992 3996 4007
f 3520 3467 3472
f 3986 4016 4008
f 4011 3987 4008
f 3471 3470 3473
f 4000 4015 4002
f 3470 3477 3473
f 3477 3474 3496
f 3288 2304 3272
f 3467 3655 3472
f 3475 3451 3518
f 3471 3473 3474
f 3457 3465 3455
f 3458 3453 3476
f 3368 3450 3501
f 3995 4004 3996
f 3477 3466 3473
f 3477 3496 3478
f 3983 4088 4089
f 3442 3468 3482
f 3485 3487 3479
f 4005 4007 4016
f 3441 3428 3480
f 3428 3481 3480
f 3456 3442 3482
f 3428 3475 3518
f 3463 3483 3448
f 3435 3509 3465
f 3495 3042 2297
f 3291 2349 3264
f 3440 3462 3484
f 3429 3464 3443
f 4001 4009 3999
f 3264 3292 3293
f 4084 4011 4020
f 3403 3469 3435
f 3485 3486 3487
f 3501 3450 3488
f 3487 3486 3489
f 3485 3455 3490
f 3429 3445 3464
f 4015 4000 4006
f 3485 3479 3491
f 3479 3487 3491
f 3988 4010 4006
f 3462 3654 2648
f 3450 3492 3488
f 3299 3222 3295
f 3473 3499 3474
f 3493 3498 3466
f 3455 3465 3490
f 3485 3490 3486
f 3450 3494 3492
f 4009 4002 4090
f 3440 3484 3445
f 3263 3277 3562
f 3042 3495 3469
f 4011 4021 4020
f 3462 2648 3484
f 4006 4010 4015
f 4011 4008 4016
f 3459 3496 3461
f 3459 3478 3496
f 4007 3996 4034
f 3988 4012 4013
f 4011 4016 4021
f 4007 4014 4016
f 3368 3497 2304
f 3988 4013 4026
f 3988 4026 4010
f 3458 3476 3546
f 4004 4034 3996
f 3466 3498 3473
f 3499 3500 3474
f 4015 4010 4091
f 3468 3454 2578
f 3501 3488 3368
f 4002 4015 4090
f 3428 3518 3481
f 3447 3502 3451
f 3502 3447 3458
f 3487 3489 3491
f 3494 3439 3503
f 3368 3488 3497
f 3264 2349 3301
f 4016 4014 4019
f 3492 3494 3504
f 4084 4020 4012
f 4007 4034 4014
f 3494 3503 3504
f 3486 3490 3489
f 4016 4019 4017
f 4088 4018 4089
f 4010 4027 4091
f 4027 4019 4091
f 3468 2578 3482
f 4016 4017 4020
f 4016 4020 4021
f 4027 4022 4026
f 3473 3498 3499
f 4013 4012 4028
f 4010 4022 4027
f 4015 4091 4090
f 4009 4090 4023
f 4019 4014 4024
f 4091 4019 4025
f 3484 3656 3445
f 3445 3656 3505
f 3458 3546 3506
f 3439 3533 3503
f 3277 3285 3562
f 3222 3293 3295
f 3485 3507 3508
f 4010 4026 4022
f 4027 4029 4019
f 4019 4029 4017
f 4026 4029 4027
f 4088 3999 4018
f 4013 4028 4029
f 4013 4029 4026
f 4028 4012 4029
f 4012 4020 4017
f 3492 3504 3488
f 4009 4018 3999
f 3435 3469 3509
f 3491 3507 3485
f 4003 4089 4030
f 3508 3510 3457
f 4012 4017 4029
f 4019 4024 4025
f 3264 3301 3292
f 3562 3285 3299
f 3279 3290 3294
f 3976 4003 4031
f 4014 4034 4041
f 3508 3507 3510
f 3482 2578 3511
f 4089 4018 4030
f 4014 4041 4024
f 3976 4032 4004
f 4004 4033 4034
f 3518 3451 3512
f 3438 2291 3267
f 4091 4025 4035
f 3474 3513 3496
f 3457 3510 3581
f 3507 3538 3510
f 3500 3499 3498
f 3518 3512 3514
f 3445 3505 3464
f 4004 4032 4033
f 4003 4030 4031
f 3472 3655 3515
f 3451 3502 3512
f 3518 3514 3553
f 3489 3490 3524
f 3516 3517 3493
f 4091 4035 4090
f 3441 3480 3654
f 3481 3518 3553
f 3476 3448 3546
f 3474 3500 3513
f 3503 3533 3504
f 3289 3279 3294
f 3293 3292 3295
f 4034 4033 4041
f 3491 3489 3559
f 3491 3528 3507
f 3488 3504 3534
f 3507 3528 3538
f 4009 4023 4036
f 4032 3976 4031
f 4030 4037 4031
f 3461 2592 3439
f 3493 3517 3498
f 4023 4090 4038
f 4009 4036 4018
f 3294 3290 3296
f 4023 4039 4036
f 4025 4024 4042
f 4024 4041 4042
f 4023 4038 4039
f 3538 3519 3657
f 3296 3281 2299
f 4090 4035 4038
f 4025 4040 4035
f 4036 4039 4038
f 3520 3472 3521
f 3456 3482 3522
f 3480 3481 2598
f 3502 3458 3506
f 3483 3523 3448
f 3559 3489 3524
f 3465 3509 2301
f 3533 3525 3504
f 2592 3461 3496
f 4030 4018 4036
f 3272 3310 3281
f 3495 3526 3469
f 4041 4033 4042
f 3467 3456 3527
f 3538 3657 3510
f 4037 4032 4031
f 4025 4042 4040
f 3655 3467 3527
f 4036 4038 4037
f 4042 4033 4040
f 3469 3526 3509
f 3482 3511 3522
f 3286 2454 2290
f 3496 3531 2592
f 4038 4035 4043
f 3512 3583 3514
f 3491 3559 3528
f 3500 3529 3513
f 3496 3513 3548
f 2297 3530 3495
f 4035 4040 4043
f 4036 4037 4030
f 3496 3548 3531
f 3490 3532 3524
f 3297 3296 2299
f 4032 4037 4043
f 4032 4043 4033
f 4038 4043 4037
f 3294 3296 3297
f 3439 2592 3533
f 4033 4043 4040
f 3294 3297 3289
f 3490 3465 2563
f 3534 3504 3550
f 3480 3535 3654
f 3464 2559 3516
f 3500 3536 3529
f 3528 3537 3538
f 3528 3559 3537
f 3525 3533 2592
f 3655 3539 3515
f 3272 3298 3310
f 2592 3531 2572
f 3562 3299 3599
f 3481 3553 3555
f 3480 2598 3535
f 3490 2563 3532
f 3500 3498 3536
f 3267 2291 3542
f 3655 3527 3539
f 3299 3295 3300
f 3520 2660 3463
f 3292 3301 3295
f 2578 3454 3446
f 3553 3514 3540
f 3514 3583 3540
f 3512 3541 3583
f 3512 3502 3541
f 3446 3457 2555
f 3448 3523 3546
f 3506 3546 3596
f 3504 3525 3550
f 3497 2303 2304
f 3261 3267 3542
f 2310 2454 3286
f 3472 3515 3521
f 3559 3524 3560
f 3505 3543 3464
f 3656 3543 3505
f 3544 3545 3546
f 3536 3498 3593
f 3538 3544 3523
f 3538 3523 3519
f 3536 3547 3529
f 3544 3546 3523
f 3281 3310 2299
f 3513 3529 3548
f 3531 3548 3569
f 3531 3549 3571
f 3534 3550 3488
f 3536 3593 3551
f 3531 3552 3549
f 3531 3572 3552
f 3538 3537 3544
f 3295 3301 3300
f 3553 3540 3604
f 3456 3522 3558
f 3555 3553 3554
f 3553 3604 3554
f 3502 3579 3541
f 3502 3506 3579
f 3497 3488 2303
f 3484 2648 3656
f 3529 3569 3548
f 3571 3549 3552
f 3524 3532 3563
f 3509 3526 2301
f 3555 3556 3481
f 3465 2583 2563
f 3536 3551 3547
f 3593 3498 3557
f 3544 3537 3545
f 3558 3522 3511
f 3531 3569 3572
f 3554 3604 3585
f 3596 3546 3545
f 3506 3596 3579
f 3495 3530 3526
f 3520 3521 2660
f 3456 3558 3527
f 3559 3560 3561
f 3465 2301 2583
f 3555 3554 3585
f 3289 3297 2354
f 3272 2304 3298
f 2297 3562 2307
f 3457 3581 2555
f 2598 3481 3556
f 3539 2706 3515
f 3551 3573 3547
f 3524 3563 3560
f 3573 3551 3565
f 2572 2627 2592
f 3488 3564 2303
f 3551 3593 3565
f 3555 3610 3566
f 3555 3585 3610
f 3541 3567 3583
f 3529 3568 3569
f 3301 2349 3300
f 2299 2354 3297
f 3519 3523 3632
f 3464 3543 2559
f 3552 3570 3571
f 3569 3568 2554
f 3572 3569 2557
f 3573 3565 3547
f 3563 3532 3574
f 3537 3575 3545
f 3519 3632 3657
f 3299 3300 2295
f 3299 2295 2293
f 3299 2293 3599
f 3531 3571 2572
f 3547 3576 3529
f 3552 3572 3577
f 3555 3566 3556
f 3561 3578 3559
f 3529 3576 3568
f 3579 3596 3523
f 3579 3523 3580
f 3545 3575 3616
f 3569 2554 2557
f 3510 3657 3581
f 3563 3574 3560
f 3541 3579 3567
f 3576 3582 3568
f 3523 3616 3632
f 3289 2354 3284
f 3540 3583 3584
f 3446 2555 2578
f 3463 3607 3483
f 3610 3585 3600
f 3604 3540 3624
f 3560 3586 3561
f 3521 3515 3602
f 3580 3587 3579
f 3568 3582 3588
f 2297 2296 3530
f 3579 3587 3567
f 3585 3604 3589
f 3587 3590 3567
f 3587 3591 3590
f 3583 3625 3584
f 3550 3626 3488
f 3590 3591 3567
f 3561 3586 3578
f 3583 3567 3625
f 3559 3575 3537
f 3559 3578 3575
f 3566 3610 3649
f 3566 3649 3592
f 3586 3560 2564
f 3547 3593 3576
f 2554 3568 3588
f 3560 3574 2564
f 3580 3523 3483
f 3586 3594 3578
f 3576 3593 3588
f 3592 3649 3595
f 3545 3616 3596
f 3587 3580 3591
f 3582 3576 3588
f 3552 3577 3570
f 3596 3616 3523
f 3586 2564 3594
f 3547 3565 3593
f 3595 3649 2995
f 3657 3632 2571
f 3564 3488 3626
f 3594 3597 3578
f 3580 3627 3591
f 3593 3598 3588
f 3562 3599 2307
f 3585 3589 3600
f 3591 3625 3567
f 3654 3601 2648
f 3298 2304 3310
f 3572 2557 3577
f 3580 3483 3627
f 3602 2660 3521
f 3570 3630 3571
f 3624 3540 3584
f 3575 3578 3603
f 3530 2296 3526
f 3604 3624 3589
f 3517 3557 3498
f 3592 3612 3566
f 3592 3595 3607
f 3591 3605 3625
f 3578 3597 3603
f 3598 3593 3613
f 3600 3589 3618
f 3588 3598 3613
f 3612 3606 3566
f 3592 3607 3612
f 3558 3511 3608
f 3574 2591 2564
f 3570 3577 3630
f 3606 3612 3556
f 3606 3556 3566
f 3591 3627 3605
f 3588 3613 3609
f 3610 3611 3649
f 3463 3612 3607
f 2554 2997 2557
f 3593 3557 3613
f 3516 3614 3517
f 3535 2598 3000
f 2559 2608 3516
f 3607 2577 3483
f 2608 3614 3516
f 3483 3634 3627
f 3266 3615 2360
f 3438 2292 2291
f 2293 2295 2294
f 3300 2463 2295
f 3632 3616 3637
f 3594 2564 2998
f 3511 2578 3608
f 3526 2296 2301
f 2564 2591 3617
f 3601 3654 3535
f 3610 3600 3618
f 3610 3618 3611
f 2554 3588 2586
f 3575 3619 3616
f 3625 3605 3633
f 3532 2563 2562
f 3532 2562 3574
f 3577 2557 3630
f 3556 3612 2585
f 3581 3657 2556
f 3517 3614 3557
f 3588 3609 3620
f 3595 2995 3607
f 2583 3621 2563
f 2299 3302 3622
f 3656 3623 3543
f 3607 2995 3644
f 3483 2577 3634
f 3624 3584 3646
f 3584 3625 2593
f 3584 2593 3646
f 3550 3525 3626
f 2360 3615 2361
f 2290 2374 2349
f 2997 2554 3640
f 3543 2560 2559
f 3627 3634 3636
f 3627 3636 3628
f 2299 3310 3302
f 3627 3628 3605
f 3575 3603 3629
f 3571 3630 2617
f 3630 2557 2558
f 3613 3557 2614
f 3571 2617 2572
f 3619 3575 3629
f 3588 3620 2586
f 3611 3618 3631
f 3589 3631 3618
f 2572 2617 2573
f 2555 3581 2556
f 3628 3636 3637
f 3636 3632 3637
f 3527 3558 2606
f 3612 3463 2585
f 3589 3624 3631
f 3607 3644 2577
f 3605 3628 3633
f 3634 2611 3636
f 3625 3633 2593
f 3558 3608 2606
f 2557 2997 2558
f 3597 3635 3603
f 2559 2560 2561
f 3594 2999 3597
f 3619 2596 3616
f 3574 2562 2591
f 3632 3636 2596
f 3632 2596 2571
f 3621 2562 2563
f 3613 2604 3609
f 3616 2596 3637
f 2564 2565 2998
f 2706 3539 3638
f 2565 2564 3617
f 3597 2999 3635
f 3656 2648 2569
f 3619 3629 3639
f 3619 3639 2596
f 3636 2611 2596
f 3525 2592 2568
f 3603 3635 3629
f 3623 3642 3543
f 3624 3646 2582
f 3633 3628 2584
f 3634 2577 2611
f 2554 2586 3640
f 3438 2360 2292
f 2296 2297 2307
f 3633 2584 2593
f 3631 3624 2566
f 3602 3515 2632
f 3608 2578 2619
f 3594 2998 2999
f 3617 2591 2567
f 3525 2568 3626
f 2304 3302 3310
f 3646 3643 2614
f 2596 2581 3637
f 3613 2605 2604
f 2619 2578 3641
f 3539 3527 2642
f 3539 2642 2629
f 3656 2569 3623
f 3527 2606 2642
f 3543 3642 2560
f 2636 3556 2585
f 2614 3643 3613
f 2583 2301 2570
f 3622 2298 2299
f 2571 2667 3657
f 3613 3643 2605
f 3609 2595 3620
f 3609 2604 2595
f 2573 2617 2635
f 3646 2593 3643
f 3599 2293 2312
f 2572 2573 2635
f 2598 3556 2636
f 3539 2629 3638
f 2617 3630 2558
f 3564 2300 2303
f 2591 2594 2574
f 3535 3000 2653
f 3644 2995 3645
f 3644 3645 2577
f 3564 3626 2300
f 3608 2619 2606
f 2571 2596 2667
f 2617 2558 2615
f 3635 2999 2575
f 3645 2576 2577
f 2574 2567 2591
f 3602 2632 2660
f 2578 2555 3641
f 2598 2636 2579
f 3624 2582 2566
f 3628 2580 2584
f 2580 3628 2581
f 2582 3646 3647
f 2583 2570 3621
f 2301 2302 2570
f 2303 2300 2304
f 3515 2706 2632
f 3601 2656 3648
f 3601 3535 2656
f 3628 3637 2581
f 2584 2580 2621
f 3617 2567 2565
f 2636 2585 2637
f 2586 3620 2587
f 3657 2667 2588
f 3635 2589 3629
f 2574 2594 2590
f 2304 2300 2305
f 2591 2562 2594
f 2568 2592 2627
f 3646 2614 3647
f 3601 3648 2648
f 3599 2312 2306
f 3599 2306 2307
f 2584 2996 2593
f 2594 2328 2590
f 2304 2305 3302
f 2572 2635 2326
f 2587 3620 2595
f 2611 2667 2596
f 3535 2597 2656
f 2598 2579 3000
f 2577 2576 2611
f 2593 2599 3643
f 2567 2574 2590
f 3261 3542 3615
f 3284 2354 2308
f 2586 2587 2600
f 2594 2562 2328
f 2596 2601 2581
f 2586 2600 3640
f 2296 2302 2301
f 2296 2307 2302
f 3557 3614 2602
f 2660 2638 3463
f 3639 3629 2589
f 2593 2996 2599
f 2995 3631 2603
f 2560 3642 2561
f 2580 2581 2612
f 3657 2588 2556
f 2572 2326 2627
f 2300 2309 2305
f 2604 2605 2595
f 2606 2619 2607
f 2603 3631 2582
f 2566 2582 3631
f 2306 2312 2302
f 3626 2568 2300
f 3614 2608 2602
f 2328 2562 2609
f 3621 2570 2610
f 2611 2576 2612
f 2611 2612 2667
f 2561 2613 2559
f 3535 2653 2597
f 2614 3557 2646
f 2596 3639 2601
f 2997 3640 2695
f 2558 2997 2695
f 2617 2615 2616
f 2617 2616 2635
f 3621 2610 2562
f 2606 2607 2642
f 2307 2306 2302
f 2607 2618 2642
f 3647 2614 2646
f 2305 2309 3302
f 2310 3284 2311
f 2607 2619 2618
f 3557 2602 2646
f 3638 3001 2706
f 3302 2309 2300
f 2556 2588 2643
f 2619 2620 2618
f 3463 2638 2585
f 2621 2996 2584
f 2589 3635 2622
f 2587 2595 2696
f 2622 3635 2575
f 2600 2692 3640
f 2999 2998 2623
f 2565 2624 2998
f 2558 2625 2615
f 2567 2590 2626
f 2627 2337 2568
f 2627 2326 2325
f 2312 2293 2302
f 2590 2328 2628
f 2559 2613 2608
f 3647 2646 2582
f 2313 2316 2314
f 2313 2628 2320
f 2590 2628 2640
f 2314 2329 2313
f 2314 2315 2323
f 2628 2317 2640
f 2313 2320 2330
f 2316 2313 2330
f 2628 2313 2317
f 2316 2315 2314
f 2317 2313 2640
f 3638 2629 3001
f 3639 2589 2630
f 2579 2631 3000
f 2632 2657 2660
f 2619 3641 2620
f 2612 2659 2667
f 2612 2581 2633
f 3643 2688 2605
f 3639 2630 2601
f 2587 2634 2600
f 2565 2567 2624
f 2615 2625 2674
f 2615 2674 2616
f 2314 2323 2322
f 2314 2322 2329
f 2313 2329 2318
f 2628 2319 2320
f 2315 2316 2321
f 3622 3302 2546
f 2695 2625 2558
f 2323 2324 2322
f 2635 2331 2326
f 2570 2302 2327
f 2635 2644 2331
f 2326 2331 2332
f 2636 2631 2579
f 2323 2315 2324
f 2637 2638 2636
f 2585 2638 2637
f 2318 2640 2313
f 2999 2623 2639
f 2629 2673 3001
f 2590 2640 2641
f 2325 2326 2332
f 2590 2682 2626
f 2629 2642 2673
f 2556 2643 2555
f 2612 2633 2659
f 2599 2688 3643
f 2581 2601 2680
f 2605 2676 2595
f 2600 2634 2692
f 2570 2327 2610
f 2328 2334 2628
f 2329 2322 2333
f 2320 2319 2330
f 2568 2337 2300
f 2300 2546 3302
f 3622 2546 2298
f 2322 2332 2331
f 2322 2324 2332
f 2635 2666 2644
f 2602 2608 2645
f 2331 2644 2640
f 2646 2602 2647
f 2638 2669 2636
f 2605 2688 2676
f 2640 2644 2339
f 2648 2663 2569
f 2331 2640 2333
f 2649 2657 2656
f 2318 2333 2640
f 2642 2618 2650
f 2318 2329 2333
f 2562 2610 2358
f 2657 2651 2660
f 2331 2333 2322
f 2599 2996 2688
f 2631 2636 2652
f 2315 2321 2324
f 3000 2631 2653
f 2567 2626 2624
f 2645 2608 2613
f 2595 2676 2696
f 2696 2634 2587
f 2999 2654 2575
f 2999 2639 2654
f 2695 3640 2692
f 2998 2624 2623
f 2635 2616 2666
f 2325 2364 2627
f 2328 2609 2334
f 2325 2332 2369
f 2628 2334 2319
f 2321 2316 2330
f 2622 2575 2654
f 2657 2649 2655
f 2656 2597 2655
f 2656 2657 2658
f 2302 2335 2327
f 2678 2659 2996
f 2996 2659 2688
f 2590 2641 2682
f 2649 2656 2655
f 2636 2669 2652
f 2638 2660 2669
f 2651 2657 2655
f 2658 2661 2656
f 2658 2657 2662
f 2658 2662 2661
f 2336 2337 2627
f 2569 2663 3623
f 2650 2618 2664
f 2613 2665 2645
f 2641 2640 2690
f 2644 2666 2339
f 2582 2646 2716
f 2588 2667 2709
f 2659 2678 2667
f 2633 2688 2659
f 2633 2581 2680
f 2589 2622 2630
f 2640 2339 2690
f 2562 2384 2609
f 2332 2324 2356
f 2300 2337 2546
f 2321 2330 2338
f 2293 2294 2302
f 2597 2653 2655
f 2646 2647 2668
f 2660 2671 2669
f 2648 3648 2663
f 2656 2661 2662
f 2651 2655 2670
f 2618 2620 2719
f 2660 2651 2671
f 2671 2651 2652
f 2670 2652 2651
f 2671 2652 2669
f 2653 2631 2670
f 2631 2652 2670
f 2678 2709 2667
f 2602 2672 2647
f 2657 2632 2662
f 2653 2670 2655
f 2650 2673 2642
f 2674 2675 2616
f 2641 2690 2682
f 2676 2688 2677
f 2327 2358 2610
f 2582 2704 2709
f 2582 2709 2678
f 2339 2340 2690
f 2325 2341 2364
f 2332 2356 2369
f 2561 3642 3002
f 2561 3002 2679
f 2334 2609 2342
f 2321 2338 2324
f 2616 2675 2666
f 2650 2664 2673
f 2632 2706 2662
f 2680 2601 2741
f 2345 2347 2343
f 2343 2344 2345
f 2680 2741 2633
f 2344 2356 2345
f 2647 2672 2668
f 2339 2666 2346
f 2347 2345 2353
f 2347 2353 2348
f 2347 2348 2340
f 2347 2340 2343
f 2622 3007 2630
f 2741 2601 2681
f 2343 2340 2344
f 3300 2349 2350
f 2626 2682 2355
f 3001 2707 2706
f 3001 2683 2707
f 3001 2673 2683
f 2676 2677 2684
f 3642 3623 3002
f 2618 2719 2664
f 2719 2620 2685
f 2620 3641 2685
f 2555 2643 2686
f 2588 2687 2643
f 2704 2582 2716
f 2688 2633 2699
f 2330 2319 2334
f 2292 2360 2351
f 2292 2351 2291
f 3284 2352 2311
f 2674 2625 3005
f 2339 2346 2340
f 3648 2656 2662
f 2706 2689 2662
f 2690 2348 2682
f 3648 2691 2663
f 2654 3008 3007
f 2633 2741 2699
f 2345 2371 2353
f 2353 2357 2348
f 2623 2624 2726
f 2623 2726 2639
f 2690 2340 2348
f 2704 2688 2699
f 2699 2709 2704
f 2348 2342 2682
f 2692 2634 2693
f 2654 3007 2622
f 2354 2299 2298
f 2602 2645 2672
f 2609 2384 2355
f 2601 2630 2681
f 2688 2716 2677
f 2646 2668 2694
f 2695 2733 2625
f 2330 2334 2372
f 2675 2674 3005
f 2639 3003 2654
f 2344 2340 2346
f 2344 2346 2356
f 2353 2371 2357
f 2634 2696 2693
f 2348 2357 2342
f 2663 2714 3623
f 3641 2555 2697
f 2687 2588 2710
f 2709 2710 2588
f 2325 2369 2341
f 2609 2355 2342
f 2327 2335 2358
f 2338 2330 2544
f 2330 2372 2544
f 2696 2676 2698
f 2676 2684 2698
f 2346 2666 2341
f 2741 2709 2699
f 2624 2626 2355
f 2666 2675 2364
f 2624 2700 2726
f 2695 2692 2701
f 2682 2359 2355
f 2639 2724 3003
f 2630 3007 2702
f 2630 2702 2681
f 2682 2342 2359
f 2726 2724 2639
f 2700 2703 2726
f 2695 2701 2733
f 3284 2308 2352
f 2677 2716 2711
f 2625 2733 3005
f 2688 2704 2716
f 2702 2705 2681
f 2706 2707 2728
f 3623 2714 3004
f 3623 3004 3002
f 2643 2687 2686
f 2646 2694 2716
f 2360 2361 2362
f 2459 2335 2302
f 2663 2691 2708
f 2355 2359 2342
f 2709 2741 2710
f 2677 2711 2717
f 2702 3007 2712
f 2693 2713 2692
f 2342 2357 2363
f 2696 2698 2693
f 2692 2722 2701
f 2355 2384 2624
f 2692 2713 2722
f 2702 2712 2705
f 2666 2364 2341
f 2712 3007 2705
f 2675 3005 2364
f 2624 2384 2700
f 2363 2357 2365
f 2689 2706 3014
f 3300 2350 2463
f 2662 2691 3648
f 2663 2708 2714
f 2681 3009 2741
f 2668 2672 2737
f 2716 2717 2711
f 2683 2673 2715
f 2673 2664 2720
f 2561 2679 2613
f 2645 2737 2672
f 2384 2562 2366
f 2627 2364 2727
f 2346 2369 2356
f 2342 2367 2334
f 2372 2373 2544
f 2371 2544 2368
f 2346 2341 2369
f 2719 2685 2720
f 3008 2654 3003
f 2703 2700 2384
f 2716 2694 2717
f 2684 2742 2698
f 2342 2380 2367
f 2684 2677 2717
f 3002 3004 2679
f 2673 2720 2718
f 2664 2719 2720
f 2665 2613 2721
f 2555 2686 2697
f 2645 2756 2737
f 2705 3009 2681
f 2722 2713 2723
f 3003 2724 2725
f 2726 2703 2399
f 2366 2562 2358
f 2365 2370 2363
f 2357 2371 2382
f 2372 2334 2373
f 2290 2454 2374
f 2365 2357 2382
f 2365 2382 2370
f 2724 2726 2725
f 2364 3005 2727
f 2706 2728 2736
f 2334 2380 2373
f 2381 2378 2375
f 2294 2459 2302
f 2381 2368 2378
f 3014 2706 2736
f 2368 2381 2371
f 2349 2374 2379
f 3641 2697 2685
f 2728 2707 2729
f 2708 2730 2714
f 2714 2730 2731
f 2714 2732 3004
f 2714 2731 2732
f 2673 2718 2715
f 2645 2665 2756
f 2686 2687 2745
f 2687 2710 2745
f 2717 2742 2684
f 2722 2723 2701
f 3005 2376 2727
f 2627 2727 2376
f 2342 2363 2380
f 2334 2367 2380
f 2368 2544 2377
f 2544 2373 2377
f 3005 2733 2734
f 2371 2381 2382
f 2741 3009 2735
f 2736 2728 2729
f 2378 2387 2375
f 2361 3615 2362
f 2546 2337 2386
f 2668 2737 2694
f 2378 2368 2396
f 2730 2708 3006
f 2707 2683 2738
f 3004 2732 2739
f 2665 2721 2756
f 2742 2740 2698
f 2713 2693 2723
f 2703 2384 2399
f 2349 2379 2350
f 2373 2380 2389
f 2381 2375 2382
f 2741 2735 2710
f 2710 2735 2745
f 2387 2382 2375
f 2387 2395 2382
f 2717 2694 2742
f 2708 2691 3006
f 2358 2335 2383
f 2720 2685 2697
f 3003 2725 2743
f 2384 2385 2366
f 2337 2336 2386
f 2380 2363 2370
f 2387 2378 2395
f 2370 2382 2388
f 2368 2377 2396
f 2693 2698 2744
f 2686 2745 2746
f 2745 2747 2746
f 2694 2737 2748
f 2373 2389 2398
f 2546 2390 2298
f 3007 2749 2705
f 2745 2735 2747
f 2380 2370 2391
f 2613 2679 2721
f 2735 3009 3010
f 3008 3003 2750
f 2693 2751 2723
f 2701 2723 2734
f 2701 2734 2733
f 3005 2400 2376
f 2380 2391 2389
f 2395 2378 2392
f 2378 2396 2392
f 2377 2393 2396
f 2398 2377 2373
f 2394 2390 2546
f 3009 2705 3010
f 2726 2399 2752
f 2662 2753 2691
f 2395 2392 2382
f 2679 3004 2739
f 2694 2748 2766
f 2382 2392 2396
f 2731 2730 2732
f 2389 2391 2397
f 2382 2396 2388
f 3007 3008 2754
f 2718 2720 2697
f 2705 2749 3010
f 3003 2743 2750
f 2389 2397 2398
f 2393 2377 2388
f 2691 2753 3006
f 2694 2766 2742
f 2370 2388 2391
f 2697 2686 3011
f 2746 2747 2781
f 2391 2388 2397
f 3008 2750 2754
f 2396 2393 2388
f 2546 2386 2394
f 2377 2398 2388
f 2729 2707 2738
f 2679 2739 2755
f 2679 2755 2721
f 2749 3007 2754
f 2725 2726 2752
f 3005 2734 2400
f 2399 2384 2366
f 2397 2388 2398
f 2737 2756 2761
f 2737 2761 2758
f 2742 2766 2757
f 2748 2737 2758
f 2748 2758 2759
f 2693 2744 2751
f 2732 2730 2801
f 2732 2801 2739
f 2721 2760 2756
f 2756 2760 2761
f 2686 2746 2762
f 2735 3010 2747
f 2698 2740 2744
f 2723 2763 2734
f 2743 2725 2764
f 2627 2376 2336
f 2360 2362 2351
f 2749 2754 2765
f 2748 2759 2766
f 2662 3014 2753
f 2662 2689 3014
f 2742 2757 2767
f 2376 2400 2336
f 2715 2768 2683
f 2739 2801 2769
f 2739 2769 2755
f 2740 2742 2767
f 2725 2752 2764
f 2734 2770 2400
f 2399 2366 2401
f 2683 2768 2738
f 2718 2697 2771
f 2715 2718 2771
f 2751 2744 2772
f 2766 2759 2780
f 2744 2740 2772
f 2749 2765 3010
f 2765 2754 2773
f 2723 2751 2774
f 2723 2774 2763
f 2752 2775 2764
f 2754 2750 2776
f 2697 3011 2771
f 2762 2746 2777
f 2734 2763 2770
f 2762 2777 2778
f 2762 2778 2686
f 2753 3021 3006
f 2753 3014 3021
f 2715 2771 2779
f 2760 2721 2755
f 3011 2686 2778
f 2752 2399 2402
f 2766 2780 2757
f 2746 2781 2782
f 2746 2782 2777
f 2764 2783 2743
f 2454 2413 2374
f 2801 2800 2769
f 2750 2743 2776
f 2738 2768 2729
f 2760 2755 2784
f 2760 2784 2761
f 2758 2761 2785
f 2781 2747 2786
f 2747 3010 2786
f 3010 2765 2786
f 2740 2787 2772
f 2754 2776 2773
f 2366 2414 2401
f 2366 2403 2414
f 2366 2358 2403
f 2759 2758 2785
f 2755 2769 2800
f 2764 2775 2783
f 2752 2402 2775
f 2399 2408 2402
f 2770 2406 2400
f 2715 2779 2768
f 2767 2757 2789
f 2751 2772 2788
f 2751 2788 2774
f 2743 2783 2776
f 2358 2383 2403
f 2787 2740 2789
f 2765 2790 2786
f 2765 2773 2790
f 2336 2404 2386
f 2730 3006 2791
f 2771 2792 2779
f 2771 3011 2792
f 2761 2793 2785
f 2408 2399 2401
f 2761 2784 2810
f 2768 2794 2729
f 2768 2795 2794
f 2768 2797 2795
f 2796 2798 3011
f 2755 2800 2822
f 2740 2767 2789
f 2295 2463 2294
f 2755 2822 2853
f 2768 2779 2797
f 3011 2798 2792
f 2763 2799 2770
f 2786 2790 2781
f 2336 2400 2404
f 2335 2418 2383
f 2757 2827 2789
f 2755 2853 2784
f 2800 2801 2802
f 2774 2799 2763
f 2779 2792 2803
f 2796 3011 2804
f 2772 2787 2788
f 2400 2407 2404
f 3542 2291 2405
f 2310 2311 2454
f 2781 2805 2782
f 2781 2790 2805
f 2779 2803 2797
f 2853 2806 2784
f 2792 2798 2803
f 2770 2799 2406
f 3011 2778 2804
f 2787 2789 2807
f 2400 2406 2407
f 2790 2808 2805
f 2810 2784 2809
f 2810 2809 2823
f 2784 2806 2809
f 2761 2810 2793
f 2777 2811 2778
f 2777 2782 2811
f 2773 2812 2790
f 2788 2787 2807
f 2788 2813 2774
f 2776 2783 2825
f 2402 2814 2775
f 2402 2408 2814
f 2408 2401 2409
f 2403 2383 2418
f 2386 2410 2394
f 2757 2780 2827
f 2790 2834 2808
f 2809 2806 2823
f 2798 2797 2803
f 2806 2853 2823
f 2403 2412 2414
f 2736 2729 1699
f 2759 2785 2780
f 2788 2815 2833
f 2776 2830 2773
f 2774 2816 2799
f 2406 2799 2816
f 2408 2409 2814
f 2311 2352 2308
f 2790 2812 2834
f 2386 2404 2410
f 2805 2808 2821
f 2351 2405 2291
f 2810 2823 2824
f 2798 2796 2817
f 2785 2818 2780
f 2788 2807 2815
f 2812 2773 2830
f 2776 2825 2830
f 2774 2813 2816
f 2783 2775 2819
f 2406 2816 2416
f 2406 2416 2411
f 2406 2411 2407
f 2409 2401 2415
f 2401 2414 2415
f 2354 2298 2461
f 3542 2405 2426
f 2805 2821 2782
f 2782 2821 2820
f 2808 2834 2821
f 2783 2819 2825
f 2788 2833 2813
f 2775 2814 2819
f 2403 2418 2412
f 3615 3542 2426
f 2379 2374 2413
f 2810 2824 2861
f 2789 2827 2807
f 2414 2412 2424
f 2415 2414 2424
f 2416 2417 2411
f 2730 2791 2801
f 2800 2802 2822
f 2823 2861 2824
f 2810 2861 2793
f 2796 2856 2817
f 2811 2782 2820
f 2825 2819 2826
f 2418 2335 2459
f 2418 2419 2412
f 2812 2839 2834
f 2411 2417 2404
f 2411 2404 2407
f 2814 2423 2420
f 2814 2409 2423
f 2415 2424 2421
f 2404 2417 2422
f 2424 2436 2423
f 2424 2423 2421
f 2423 2436 2420
f 2423 2415 2421
f 2422 2417 2432
f 2422 2432 2404
f 2404 2432 2410
f 2415 2423 2409
f 2801 2791 2802
f 2807 2827 2828
f 2834 2829 2821
f 2424 2425 2436
f 2424 2430 2425
f 2830 2825 2831
f 2425 2430 2436
f 2412 2419 2424
f 2362 3615 2426
f 2825 2832 2831
f 2807 2828 2815
f 2821 2829 2820
f 2417 2416 2432
f 2413 2454 2427
f 2362 2426 2451
f 2424 2431 2428
f 2424 2428 2430
f 2424 2429 2431
f 2815 2828 2833
f 2794 2795 2899
f 2795 2797 2899
f 2796 2804 2856
f 2812 2830 2839
f 2816 2443 2434
f 2820 2829 2835
f 2430 2428 2431
f 2813 2833 3012
f 2834 2835 2829
f 2833 2842 3012
f 2424 2419 2429
f 2432 2416 2433
f 2814 2420 2819
f 2432 2441 2410
f 2419 2418 2438
f 2828 2827 2843
f 2816 2434 2416
f 2843 2833 2828
f 2419 2438 2429
f 2830 2831 2845
f 2793 2861 2849
f 2420 2436 2826
f 2834 2839 2835
f 2826 2847 2825
f 2813 3012 2816
f 2833 2843 2842
f 2816 3012 2443
f 2831 2832 2836
f 2831 2836 2845
f 2819 2420 2826
f 2416 2434 2433
f 2830 2845 2839
f 2839 2837 2835
f 2797 2798 2838
f 2429 2435 2431
f 2436 2430 2437
f 2436 2437 2826
f 2429 2438 2435
f 2418 2439 2438
f 2837 2839 2845
f 2837 2845 2835
f 2836 2832 2847
f 2832 2825 2847
f 2439 2440 2438
f 2439 2418 2440
f 2354 2461 2308
f 2441 2442 2410
f 2431 2437 2430
f 2441 2432 2442
f 2434 2443 2444
f 3012 2840 2443
f 2433 2434 2444
f 2804 2778 2841
f 2432 2433 2452
f 2362 2445 2351
f 2842 2843 2844
f 2842 2844 3012
f 2845 2836 2846
f 2418 2459 2440
f 2394 2410 2442
f 2836 2847 2846
f 2845 2846 2848
f 2826 2437 2446
f 2379 2413 2449
f 2311 2308 2448
f 2443 2455 2444
f 2413 2427 2447
f 2311 2457 2454
f 2798 2817 2838
f 2811 2820 2858
f 2843 2827 2850
f 3012 2844 2854
f 3012 2854 2840
f 2431 2435 2437
f 2804 2841 2856
f 2379 2449 2350
f 2457 2311 2448
f 2413 2447 2449
f 2778 2811 2841
f 2442 2450 2394
f 2843 2850 2878
f 2848 2846 2874
f 2362 2451 2445
f 2432 2452 2453
f 2454 2457 2427
f 2793 2849 2785
f 2780 2850 2827
f 2845 2848 2876
f 2443 2854 2455
f 2433 2444 2455
f 2394 2450 2390
f 2350 2449 2463
f 2844 2851 2854
f 2447 2462 2449
f 2449 2462 2456
f 2820 2835 2852
f 2459 2460 2440
f 2785 2849 2860
f 2457 2458 2427
f 2457 2448 2458
f 2823 2853 2861
f 2405 2351 2472
f 2442 2432 2453
f 2459 2294 2460
f 2308 2461 2465
f 2456 2462 1940
f 2308 2275 2448
f 2449 2456 1940
f 2449 1940 2463
f 2899 2797 2866
f 2835 2845 2876
f 2463 1946 2464
f 2822 2802 2853
f 2840 2854 2443
f 2448 2275 2458
f 2818 2785 2860
f 2861 2853 2862
f 2461 2468 2465
f 2294 2463 2464
f 2817 2856 3013
f 2447 2427 2466
f 2435 2438 2110
f 2435 2110 2549
f 2817 3013 2838
f 2818 2855 2780
f 2427 2458 1995
f 1940 2462 2547
f 2463 1940 1939
f 2275 2308 2467
f 2390 2450 2043
f 2856 2857 3013
f 2435 2549 2437
f 2308 2465 2467
f 2853 2802 2862
f 2858 2820 2863
f 2848 2874 2876
f 2427 1995 2466
f 2390 2043 2298
f 2849 2859 2860
f 2463 1939 1946
f 2480 2847 2481
f 2861 2862 2849
f 2461 2298 2468
f 2547 2462 1949
f 2859 2849 2862
f 2811 2858 2863
f 2820 2852 2863
f 2856 2841 2857
f 2294 2464 2469
f 2850 2780 2864
f 2450 2442 2044
f 2294 2469 2460
f 2458 2275 1944
f 3021 3014 3015
f 2433 2455 2452
f 2043 2450 2044
f 2797 2838 2866
f 1995 2458 1944
f 2447 1949 2462
f 2464 1946 1951
f 1940 2547 2276
f 2467 2465 1943
f 1939 1940 1941
f 2811 2865 2841
f 2460 2469 1942
f 2838 3013 2866
f 2455 2854 2470
f 2438 2440 2110
f 2465 2468 1981
f 1946 1945 1951
f 2465 1981 1943
f 2847 2480 2846
f 1940 2276 1941
f 2843 2878 2844
f 1699 2729 2794
f 2847 2826 2481
f 1944 2275 1950
f 2811 2867 2865
f 2811 2863 2867
f 2442 2453 2044
f 2464 1951 2469
f 1939 1945 1946
f 1939 1941 1947
f 2466 2472 2447
f 2275 2467 1943
f 2275 1943 1948
f 1941 2276 1968
f 3013 2868 2866
f 2472 2351 2476
f 2445 1992 2351
f 2405 2472 2492
f 2298 2043 2468
f 2452 2455 2471
f 3013 2857 2868
f 2440 2460 2110
f 2859 2898 2860
f 2841 2865 2857
f 2472 2476 2477
f 2826 2446 2481
f 2472 2477 2447
f 2466 1995 2472
f 2276 2547 1949
f 1949 2447 1998
f 1939 1947 1945
f 1948 1950 2275
f 1942 2469 1951
f 2276 1949 1968
f 2844 2878 2851
f 2472 2473 2477
f 2472 2477 2474
f 2473 2472 1983
f 2473 1983 2475
f 2780 2855 2864
f 2446 2437 2549
f 2452 2471 2453
f 2426 2405 2046
f 2859 2862 2869
f 2477 2476 2475
f 2477 2473 2474
f 2477 2475 2474
f 2473 2475 2474
f 1944 1950 1952
f 2869 2862 2870
f 2818 2994 2855
f 1948 1943 1973
f 2835 2876 2852
f 2874 2846 2480
f 2451 2426 2023
f 2472 2474 2492
f 1983 2472 1995
f 1951 1945 1953
f 2859 2869 2898
f 2474 2475 2492
f 1948 1954 1950
f 2868 2857 2871
f 2818 2860 2994
f 1966 1955 1956
f 1941 1957 1947
f 1941 1968 1957
f 1956 1955 1958
f 1956 1958 1966
f 1966 2277 1955
f 1959 2277 1970
f 1959 1970 1960
f 1966 1958 1971
f 2736 1699 3014
f 1960 2277 1959
f 1958 1955 1961
f 1960 1962 1963
f 1960 1963 2277
f 1970 1964 1960
f 1961 1965 1958
f 2277 1969 1955
f 1963 1962 2277
f 1955 1969 1961
f 1958 1965 1971
f 2852 2888 2863
f 2851 2484 2854
f 2854 2484 2470
f 2475 2476 2478
f 2447 2477 2478
f 2475 2478 2492
f 2477 2475 2478
f 2851 2878 2872
f 1966 1970 2277
f 1966 1971 1970
f 2277 1962 1969
f 2405 2492 2479
f 2475 1983 2478
f 1961 1989 1965
f 1961 1969 1989
f 1965 584 1971
f 1960 1964 1977
f 1962 1960 2279
f 1960 1977 1979
f 2480 2481 2873
f 1960 1979 2279
f 1945 1947 1967
f 1981 1986 1943
f 2480 2873 2874
f 2478 2476 2487
f 2862 2802 2870
f 2851 2872 2484
f 2405 2482 2046
f 2405 2479 2482
f 2351 1992 2476
f 1968 2047 1957
f 1945 1967 1953
f 1950 1954 2278
f 1962 2279 1969
f 1964 1970 584
f 1970 1971 584
f 1943 1986 1973
f 2492 1983 2478
f 1969 1972 1989
f 1947 1957 1967
f 2481 2446 2483
f 2484 2485 2470
f 2470 2486 2455
f 2484 2872 2875
f 2484 2875 2485
f 2481 2483 2887
f 2876 2874 2873
f 2876 2873 2877
f 2492 2478 2487
f 2868 2871 2866
f 2487 2476 1997
f 1969 2279 1972
f 2451 2023 2445
f 2445 2023 1992
f 2447 2478 2487
f 2447 2487 1998
f 2852 2876 2888
f 2878 2879 2872
f 2850 2880 2878
f 2478 1983 2487
f 2486 2470 2548
f 2446 2511 2483
f 2485 2875 2872
f 2470 2485 2548
f 2880 2881 2882
f 1948 1973 2020
f 2880 2850 2881
f 2455 2486 2488
f 2888 2876 2877
f 2489 2455 2488
f 2481 2887 2873
f 2486 2490 2488
f 2879 2902 2872
f 2485 2872 2548
f 2872 2902 2548
f 1964 584 610
f 2877 2889 2888
f 2460 1942 2110
f 2545 2495 2491
f 2880 2882 2878
f 2471 2455 2489
f 2446 2549 2497
f 2492 2487 1991
f 1944 1952 1974
f 1949 2006 1968
f 1951 1953 1975
f 1973 1986 1976
f 1950 2278 1952
f 1977 1978 1979
f 1948 2020 1954
f 2491 2493 2545
f 2878 2882 2879
f 1977 1964 1980
f 2881 2883 2882
f 2887 2483 2511
f 2490 2486 2903
f 2490 2903 2488
f 2486 2548 2903
f 2879 2882 2902
f 2883 2884 2882
f 2883 2881 2884
f 2877 2892 2885
f 2877 2873 2892
f 2873 2886 2892
f 2468 2043 1981
f 2877 2885 2889
f 2548 2902 2903
f 2446 2494 2511
f 2873 2887 2886
f 2487 1991 1998
f 1977 1980 1978
f 2886 2887 2892
f 2487 1997 1991
f 2491 2495 2496
f 2023 2426 1982
f 1983 1995 2487
f 1967 1957 1984
f 1989 1972 1985
f 2446 2497 2498
f 1981 2043 1986
f 2518 2499 2500
f 2888 2889 2890
f 2499 2501 2500
f 2489 2488 2550
f 2865 577 2857
f 2499 2502 2501
f 2495 2513 2496
f 2279 1987 1972
f 1989 1985 1988
f 2894 2857 577
f 2867 2863 2891
f 2863 2888 2891
f 2892 2887 2893
f 2453 2471 2503
f 2491 2496 2493
f 2504 2505 2500
f 1944 1974 1993
f 1973 1976 2020
f 1953 1967 2055
f 1967 1984 2055
f 1980 1964 1999
f 1989 1988 1965
f 2857 2894 2871
f 2513 2495 2514
f 2446 2498 2494
f 2506 2501 2504
f 2471 2489 2503
f 2504 2501 2507
f 1991 1990 1998
f 1942 1951 1975
f 2507 2501 2000
f 2507 2000 2504
f 1991 1997 2492
f 2497 2549 2048
f 3014 2895 3015
f 3014 2943 2895
f 2867 2891 2896
f 2850 2864 2881
f 2884 2897 2882
f 2885 2892 2893
f 2502 2499 2521
f 2496 2508 2493
f 2493 2508 2518
f 2496 2513 2508
f 2500 2505 2514
f 2476 1992 1997
f 2487 1995 1991
f 1944 1993 2029
f 2047 1968 2071
f 1978 2279 1979
f 2514 2505 2041
f 2994 2860 2898
f 3021 3015 1689
f 2044 2453 2509
f 2494 2510 2511
f 1968 2006 2071
f 2899 2866 2794
f 2867 2896 2865
f 2887 2511 2512
f 2499 2065 2521
f 2502 2521 2501
f 2513 2514 2041
f 1992 1994 1997
f 1990 1991 1995
f 1975 1953 2002
f 2888 2890 2891
f 2497 2048 2551
f 2497 2551 2498
f 1965 1996 584
f 2881 2900 2884
f 1990 1997 2005
f 1990 2005 1998
f 1978 1980 1999
f 1997 1990 2014
f 2881 2909 2900
f 2889 2885 2901
f 2882 2897 2902
f 2902 3019 2903
f 2501 2521 2515
f 2000 2515 2001
f 2029 1993 2009
f 1953 2055 2002
f 1957 2047 1984
f 1985 1972 2003
f 2881 2864 2909
f 1996 1965 1988
f 2489 2550 2516
f 1964 610 1999
f 2908 2904 2905
f 2906 2904 2921
f 2906 2921 2907
f 2498 2525 2494
f 2905 2919 2908
f 2896 2891 2865
f 2908 2920 2904
f 1997 2004 2005
f 2897 3019 2902
f 2488 2903 2517
f 2549 2027 2048
f 2508 2513 2524
f 2521 2039 2515
f 2426 2012 1982
f 1998 2036 1949
f 2006 1949 2007
f 2006 2010 2071
f 2006 2007 2010
f 1974 1952 2161
f 1954 2020 2278
f 2426 2046 2272
f 2518 2508 2519
f 2855 2994 2909
f 2864 2855 2909
f 2907 2921 2915
f 2905 2904 2919
f 2921 2910 2930
f 1988 1985 2030
f 2426 2041 2505
f 2426 2272 2041
f 2911 2912 2884
f 2906 2907 2915
f 2904 2906 2919
f 2921 2930 2915
f 2498 2551 2525
f 2489 2516 2520
f 2884 2900 2911
f 2525 2076 2494
f 2426 2505 2012
f 2494 2076 2510
f 2009 1993 1974
f 2014 2021 1997
f 1995 1944 2008
f 2884 2912 3016
f 2499 2518 2065
f 1994 2004 1997
f 1990 1995 2014
f 2278 2161 1952
f 2865 2913 2923
f 2009 1974 2010
f 2891 2890 2913
f 2906 2915 2919
f 2009 2010 2016
f 2802 2791 1735
f 2503 2489 2520
f 1942 1975 2011
f 2890 2914 2913
f 2521 2552 2280
f 2915 2918 2916
f 2919 2915 2916
f 2908 2919 2920
f 2885 2893 2901
f 2511 2510 2512
f 2550 2488 2522
f 2503 2523 2453
f 2521 2280 2039
f 2515 2039 2001
f 2513 2041 2524
f 2041 2272 2505
f 2504 2000 2001
f 2505 2272 2012
f 1994 1992 2004
f 2479 2492 2013
f 2492 2021 2013
f 2492 1997 2021
f 2021 2014 2022
f 2005 2021 1998
f 2005 2004 2021
f 2014 1995 2015
f 2014 2015 2022
f 1944 2058 2008
f 2010 2007 2016
f 1986 2043 2017
f 2020 2281 2018
f 2020 2018 2278
f 1978 1999 2019
f 2508 2524 2519
f 2031 2279 1978
f 1976 1986 2281
f 1976 2281 2020
f 2530 2525 2551
f 1975 2002 2011
f 2912 2911 2900
f 2865 2891 2913
f 2903 3019 2517
f 2055 2049 2002
f 1998 2021 2022
f 2503 2520 2523
f 1992 2023 2024
f 2022 2025 2036
f 2552 2521 2065
f 2007 2026 2016
f 2900 2909 2917
f 2918 2915 2952
f 2919 2942 2920
f 2915 2930 2952
f 2904 2929 2921
f 2920 3018 2904
f 2027 2549 2109
f 2504 2001 2505
f 2012 2035 1982
f 2013 2021 2004
f 1995 2008 2028
f 2036 2274 1949
f 1944 2029 2058
f 2029 2009 2026
f 2010 1974 2071
f 1985 2003 2030
f 2031 1987 2279
f 1999 610 2052
f 2012 2272 2035
f 2017 2281 1986
f 2520 2516 2526
f 2016 2026 2009
f 2023 1982 2032
f 2530 2552 2525
f 2520 2526 2519
f 2519 2527 2520
f 2023 2032 2024
f 2520 2527 2050
f 2004 1992 2032
f 2032 1982 2035
f 2110 1942 2033
f 2004 2032 2034
f 2479 2013 2035
f 2036 2037 2274
f 2280 2038 2039
f 2024 2032 1992
f 2912 2900 2917
f 2281 2017 2040
f 2524 2041 2042
f 2526 2516 2528
f 2043 2044 2045
f 2048 2529 2551
f 2920 2914 3018
f 2919 2916 2922
f 2865 2923 577
f 2910 2921 2929
f 2914 2924 3018
f 2914 2890 2924
f 2889 2901 2890
f 2550 2522 2528
f 2550 2528 2516
f 2519 2063 2518
f 2482 2035 2046
f 2482 2479 2035
f 1995 2028 2015
f 1949 2273 2007
f 2058 2029 2026
f 2055 1984 2073
f 2011 2033 1942
f 2032 2035 2034
f 2914 2925 2913
f 2280 2552 2038
f 2530 2551 2531
f 2004 2035 2013
f 2552 2530 2038
f 2025 2015 2028
f 2551 2529 2531
f 2524 2042 2519
f 2025 2028 2008
f 2927 2912 2926
f 2930 2927 2928
f 2017 2043 2045
f 2901 2924 2890
f 2904 3018 2929
f 2912 2927 3016
f 3016 2897 2884
f 2887 2512 2893
f 2525 2532 2076
f 2526 2528 2519
f 2519 2528 2063
f 2552 2532 2525
f 2552 2065 2532
f 2518 2063 2065
f 2453 2523 2509
f 2041 2505 2042
f 1949 2274 2273
f 2007 2273 2026
f 2047 2061 1984
f 2161 2278 2018
f 2027 2529 2048
f 2912 2917 2926
f 2530 2531 2038
f 2002 2100 2011
f 2910 2929 2930
f 2049 2055 2056
f 2914 2938 2925
f 2050 2527 2533
f 2050 2533 2520
f 2909 2994 2917
f 2523 2520 2533
f 1978 2051 2031
f 2002 2049 2100
f 2049 2056 2100
f 2930 3017 2927
f 2922 2916 2931
f 2929 3017 2930
f 2488 2517 2522
f 2519 2042 2527
f 2019 1999 2052
f 2920 2942 2938
f 2274 2037 2053
f 1988 2030 2054
f 2913 2947 2923
f 2055 2073 2056
f 1972 1987 2003
f 2523 2533 2092
f 1974 2161 2173
f 2924 3020 3018
f 2071 1974 2057
f 2510 2076 2534
f 2923 2947 577
f 2018 2281 2161
f 2925 2932 2913
f 2951 3016 2927
f 2517 2535 2522
f 2509 2523 2092
f 2037 2008 2053
f 2058 2026 2067
f 2051 2059 2031
f 2925 2938 2949
f 1978 2019 2051
f 2927 2926 2928
f 2030 2064 2054
f 2913 2932 2947
f 3017 2951 2927
f 2925 2948 2932
f 2549 2110 2109
f 2071 2060 2047
f 2047 2060 2061
f 2930 2928 2952
f 3018 2949 2929
f 2528 2062 2063
f 584 1996 601
f 3017 2929 2933
f 3019 2897 2934
f 2897 2935 2934
f 2030 2283 2064
f 2522 2536 2528
f 2065 2063 2066
f 2058 2067 2008
f 3016 2935 2897
f 2017 2068 2040
f 601 1996 1988
f 2510 2534 2512
f 2924 2936 3020
f 2952 2928 2937
f 2938 2942 2949
f 2925 2949 2948
f 2039 2038 2069
f 2008 2079 2053
f 2026 2273 2070
f 2044 2128 2045
f 2071 2057 2060
f 2030 2003 2283
f 2100 2072 2166
f 3017 2933 2939
f 2056 2072 2100
f 2056 2073 2072
f 2281 2122 2074
f 2076 2077 2534
f 3016 2951 2935
f 2074 2075 2281
f 2074 2122 2075
f 2901 2893 2940
f 3019 2950 2517
f 2924 2941 2936
f 2893 2512 2136
f 2076 2532 2077
f 2929 2949 2942
f 2536 2522 2535
f 2943 3014 1699
f 2866 2871 1726
f 2928 2944 2951
f 2065 2066 2078
f 2027 2109 569
f 2079 2008 2080
f 2008 2067 2080
f 2017 2045 2068
f 2031 2059 1987
f 2951 3017 2952
f 2065 2078 2532
f 1984 2061 2073
f 2100 2101 2011
f 2929 2942 2933
f 2075 2122 2087
f 2075 2083 2281
f 2075 2081 2083
f 2075 2087 2081
f 2281 2083 2161
f 2083 2081 2082
f 2083 2082 2161
f 2122 2281 2040
f 2082 2081 2087
f 2082 2087 2095
f 2536 2084 2528
f 2044 2112 2128
f 2095 2087 2086
f 2086 2072 2073
f 2063 2062 2085
f 2073 2061 2086
f 2087 2122 2086
f 3018 3020 2956
f 3018 2956 2949
f 2019 2052 2051
f 601 1988 2054
f 2062 2528 2084
f 3019 2934 2945
f 2532 2078 2077
f 2937 2928 2951
f 2095 2086 2088
f 3021 2791 3006
f 2869 2946 2898
f 2916 2918 2931
f 2947 2932 978
f 2928 2926 2917
f 2948 2949 2956
f 2039 2069 2001
f 2112 2044 2509
f 2080 2067 2099
f 2067 2089 2099
f 2273 2106 2070
f 2033 2011 2090
f 2038 2531 2091
f 2924 2940 2941
f 2092 575 2509
f 3017 2939 2952
f 3019 2945 2950
f 2535 2517 2151
f 2051 2052 2093
f 2090 2011 2101
f 2512 2534 2537
f 2534 2077 2094
f 2901 2940 2924
f 2086 2122 2072
f 2066 2063 2085
f 2086 2061 2088
f 2951 2944 2935
f 2088 2061 2095
f 2893 2540 2940
f 2095 2061 2104
f 2951 2952 2937
f 2942 2953 2933
f 2096 2079 2097
f 2096 2097 2098
f 2099 2116 2080
f 2534 2094 2537
f 2535 2538 2536
f 2950 2539 2517
f 2893 2136 2540
f 2533 575 2092
f 2089 2026 2117
f 2026 2070 2117
f 2060 2130 2061
f 2101 2287 2090
f 2100 2166 2101
f 2166 2102 2101
f 2512 2537 2136
f 2094 2077 2103
f 2080 2097 2079
f 2095 2104 2082
f 2099 2089 2116
f 2096 2098 2105
f 2106 2105 2107
f 2802 1711 1710
f 2003 1987 2143
f 2941 2954 2936
f 2116 2089 2117
f 2802 1710 2870
f 2898 708 2994
f 3020 2955 2956
f 3020 2957 2955
f 3020 2936 2957
f 2950 2945 2539
f 2517 2539 2151
f 2085 2108 2066
f 2509 2177 2112
f 2109 2110 2111
f 2112 2177 2179
f 2110 2113 2114
f 2057 1974 2173
f 2173 2161 2160
f 2535 2151 2538
f 2098 2131 2105
f 2082 2135 2161
f 2952 2939 2958
f 2078 2115 2103
f 2919 3022 2942
f 2122 2040 2282
f 2080 2116 2097
f 2040 2068 2282
f 2097 2131 2098
f 2105 2131 2107
f 2116 2117 2118
f 2116 2118 2131
f 2061 2129 2104
f 2119 2120 2157
f 2121 2120 2119
f 2121 2124 2120
f 2097 2116 2131
f 2122 2187 2072
f 2110 2114 2111
f 2124 2121 2123
f 2179 2127 2112
f 2124 2123 2120
f 2072 2163 2166
f 2107 2119 2106
f 2802 1735 1711
f 2933 2953 2939
f 2948 2955 2932
f 2945 2934 2959
f 2941 2940 2954
f 2537 2094 2125
f 2077 2078 2103
f 2531 2529 2219
f 2085 2126 2108
f 2078 2066 2115
f 2112 2127 2128
f 2070 2106 2117
f 2128 2190 2045
f 2057 2173 2130
f 2130 2129 2061
f 2895 2960 3015
f 2918 2952 2991
f 2060 2057 2130
f 601 2054 2146
f 2179 2131 2132
f 2111 2114 2121
f 2107 2131 2119
f 2187 2122 2282
f 2119 2157 2106
f 2179 2132 2127
f 2118 2155 2131
f 2121 2114 2123
f 2155 2132 2131
f 2123 2114 2133
f 2114 2113 2120
f 2114 2120 2133
f 2123 2133 2120
f 2160 2180 2173
f 2132 2155 2127
f 2957 2936 2954
f 2958 2961 2952
f 2958 2939 2961
f 2052 2134 2093
f 2082 2104 2135
f 2118 2117 2106
f 2948 2956 2955
f 2540 2136 2541
f 2136 2137 2138
f 2136 2537 2137
f 2537 2125 2137
f 2001 667 2505
f 2509 2286 2177
f 2109 2140 2226
f 2109 2111 2140
f 2131 2212 2119
f 2139 2093 2134
f 2111 2121 2140
f 2121 2119 2212
f 2003 2164 2141
f 2118 2106 2155
f 2127 2155 2148
f 2157 2120 2113
f 2527 2289 2533
f 2104 2129 2142
f 2072 2187 2163
f 2164 2003 2143
f 2939 2953 2961
f 2928 2917 2944
f 2945 2553 2539
f 2151 2539 2553
f 2084 2536 2144
f 2084 2144 2062
f 2062 2145 2085
f 2085 2145 2126
f 2038 2091 2069
f 2066 2108 2115
f 2045 2190 2288
f 2054 2064 2146
f 2003 2141 2147
f 2283 2003 2147
f 2093 2139 2051
f 2536 2538 2144
f 2128 2127 2190
f 2135 2162 2161
f 2148 2190 2127
f 3015 2960 2964
f 2109 2226 569
f 2187 2282 2149
f 2960 2962 2964
f 1987 2059 2150
f 2146 2268 601
f 2131 2206 2212
f 2952 2961 2991
f 2935 2944 2963
f 2151 2152 2538
f 2094 2103 2153
f 2062 2154 2145
f 2527 2042 2175
f 2131 2179 2206
f 2155 2224 2214
f 2155 2106 2224
f 2101 2102 2156
f 2187 2169 2163
f 2166 2163 2184
f 2148 2155 2190
f 2964 2962 2973
f 2964 2973 3015
f 2141 2164 2170
f 2962 2965 2968
f 2969 2966 2962
f 2962 2966 2973
f 2962 2967 2969
f 2968 2967 2962
f 2965 2960 2968
f 2962 2960 2965
f 2966 2969 2970
f 2969 2967 2970
f 2147 2141 2285
f 2973 2966 2974
f 2113 2209 2157
f 2509 2158 2286
f 2106 2157 2159
f 2935 2959 2934
f 2184 2141 2170
f 2160 2161 2162
f 2973 2971 3015
f 2163 2141 2184
f 2164 2171 2170
f 2164 2184 2171
f 2947 978 577
f 2954 2940 2972
f 2940 2540 2972
f 2094 2153 2125
f 2113 2110 2165
f 2102 2166 2192
f 2166 2184 2192
f 2059 2051 2284
f 1987 2167 2143
f 2966 2970 2974
f 2110 2168 2165
f 2967 2968 2970
f 2164 2143 2184
f 2973 2974 2971
f 2052 609 2134
f 2163 2169 2141
f 2170 2171 2184
f 2945 2959 2543
f 2106 2159 2202
f 1987 2150 2167
f 2169 2187 2199
f 2179 2172 2206
f 2173 2180 2174
f 2953 2975 2961
f 2953 2942 2975
f 2942 2976 2975
f 2944 2977 2963
f 2935 2963 2959
f 2957 2954 2978
f 2553 2945 2543
f 2136 2138 2541
f 2152 2151 2542
f 2062 2144 2154
f 2527 2175 2289
f 2103 2115 2176
f 2108 2126 2115
f 2177 2178 2179
f 2121 2212 2140
f 2113 2186 2209
f 2155 2214 2190
f 2202 2224 2106
f 2130 2173 2203
f 2130 2181 2129
f 2160 2162 2180
f 2129 2181 2142
f 2033 2090 2261
f 2287 2101 2156
f 2102 2182 2156
f 2283 2229 2064
f 2141 2169 2183
f 2141 2183 2285
f 2283 2147 2229
f 2184 2196 2192
f 2184 2143 2196
f 2284 2051 2139
f 2139 2134 2185
f 2113 2165 2186
f 2794 1922 1699
f 2103 2176 2153
f 2149 2234 2187
f 2187 2188 2199
f 2159 2157 2209
f 2172 2179 2178
f 2961 3023 2991
f 2961 2975 3023
f 2553 2542 2151
f 2538 2152 2144
f 2126 2145 2189
f 2190 2214 2191
f 2173 2174 2203
f 2104 2142 2204
f 2104 2204 2135
f 2102 2192 2182
f 2187 2234 2188
f 2064 2228 2146
f 2183 2169 2285
f 2169 2199 2285
f 2542 587 2152
f 2968 2960 2979
f 2942 3022 2980
f 2942 2980 2981
f 2944 2917 2977
f 2957 2978 2955
f 2540 2541 2972
f 2126 2189 2193
f 2126 2193 2194
f 2126 2176 2115
f 2140 2215 2226
f 2177 2286 2178
f 2110 2033 2168
f 2045 2288 605
f 2162 2250 2180
f 2135 2195 2162
f 2156 2231 2287
f 2282 2068 2242
f 2149 2282 2234
f 2143 2167 2196
f 2178 2197 2172
f 2212 2211 2198
f 2176 2126 2194
f 2942 2981 2976
f 2145 2154 2189
f 2140 2212 2215
f 2285 2199 2188
f 2954 2972 2978
f 2543 2959 596
f 2125 2153 2200
f 2186 2165 2201
f 2202 2159 2216
f 2130 2203 2181
f 2162 2195 2250
f 2150 2196 2167
f 2147 2285 2229
f 2142 2181 2204
f 2959 2963 596
f 2505 667 568
f 2211 2216 2198
f 2197 2178 2205
f 2197 2205 2172
f 2206 2224 2212
f 2159 2207 2216
f 2172 2205 2208
f 2209 2210 2213
f 2214 2208 2191
f 2201 2210 2209
f 2209 2186 2201
f 2212 2217 2210
f 2211 2212 2224
f 2178 2191 2205
f 2172 2218 2206
f 2209 2213 2159
f 2212 2213 2217
f 2214 2224 2223
f 2212 2210 2215
f 2211 2202 2216
f 2217 2213 2210
f 2178 2286 2191
f 2213 2212 2159
f 2198 2207 2212
f 2172 2208 2214
f 2191 2208 2205
f 2210 2201 2215
f 2159 2212 2207
f 2198 2216 2207
f 2172 2214 2218
f 2191 2286 2190
f 2218 2224 2206
f 3023 2975 2982
f 3021 1689 2791
f 2531 2219 2091
f 2042 2505 568
f 2033 2220 2168
f 2068 2045 2221
f 2192 2196 2233
f 2214 2223 2218
f 2211 2224 2202
f 2064 2229 2228
f 2189 2154 683
f 2176 2222 2153
f 2223 2224 2218
f 2138 2137 2225
f 2226 2215 2165
f 2201 2165 2215
f 2285 2188 2227
f 2228 2229 2146
f 2960 2983 2979
f 2138 2225 2541
f 2125 578 2137
f 2176 2194 2222
f 2285 2227 2229
f 2225 977 2541
f 2286 2288 2190
f 2144 2230 2154
f 2137 578 2225
f 2974 2970 2984
f 2975 2976 2982
f 2553 2543 2240
f 2226 2165 569
f 2203 2244 2181
f 2204 2195 2135
f 2090 2287 2261
f 2156 2182 2231
f 2282 2232 2234
f 2182 2192 2233
f 2150 2059 2284
f 2963 2977 571
f 2189 681 2193
f 2153 2222 634
f 634 2200 2153
f 2542 2553 587
f 2972 2541 2235
f 2972 2985 2978
f 2963 571 596
f 2188 2234 2227
f 2203 2245 2244
f 2196 2150 2233
f 2204 2181 2237
f 2977 3023 2986
f 2125 2200 578
f 2144 589 2230
f 3015 2971 2987
f 2866 1726 2794
f 2980 3022 2981
f 2955 2978 2989
f 2541 977 2235
f 2203 2174 2245
f 2180 2236 2174
f 2180 2250 2236
f 2185 2134 609
f 2955 2989 3025
f 2182 2233 2253
f 2194 2193 2222
f 683 681 2189
f 2146 2229 2238
f 2154 2230 683
f 2976 2988 2982
f 3025 2989 2990
f 2986 571 2977
f 2139 2243 2284
f 2981 3024 2976
f 2955 3025 3024
f 3023 2982 2986
f 2931 2918 2991
f 2181 2244 2237
f 2146 2238 2268
f 2898 1729 708
f 2978 2985 2989
f 2287 2231 2261
f 2981 3022 3024
f 2204 2237 2195
f 2144 2152 589
f 2543 596 2240
f 2972 2235 2985
f 2174 2236 2245
f 2152 587 589
f 2229 2239 2238
f 2970 2968 2979
f 2553 2240 587
f 578 2200 634
f 2250 2195 2241
f 2282 2242 2232
f 2139 2185 2243
f 1689 3015 2987
f 2045 605 2221
f 2976 3024 2988
f 2244 2245 2246
f 2244 2246 2237
f 2068 2247 2242
f 2237 2246 2195
f 2195 2246 2248
f 2195 2248 2241
f 2229 2227 2239
f 2245 2248 2246
f 2227 2234 2232
f 2182 2253 2249
f 2243 2185 2252
f 575 2533 2289
f 2042 568 2175
f 2068 2221 2247
f 2231 2182 2249
f 2284 2243 2150
f 2227 2232 2239
f 2241 2248 2250
f 2245 2236 2251
f 2236 2250 2251
f 2165 2168 569
f 2248 2245 2250
f 2250 2245 2251
f 2529 2027 621
f 2509 575 574
f 2252 2185 609
f 2974 2984 1707
f 3024 3025 2988
f 575 2289 594
f 2932 2955 978
f 2150 2253 2233
f 2895 2983 2960
f 2150 2254 2253
f 2231 2258 2261
f 2231 2249 2258
f 2242 2255 2232
f 2249 2253 2258
f 3022 2919 2922
f 621 2027 628
f 2232 2255 2239
f 2219 2529 621
f 609 2052 610
f 569 2168 585
f 605 2288 2256
f 2239 2247 2238
f 2870 1710 2869
f 3022 607 3024
f 2220 2033 2263
f 2255 2242 2257
f 2239 2257 2247
f 2239 2255 2257
f 2509 574 2158
f 2150 2243 2254
f 2258 2253 2259
f 2175 2260 2289
f 2261 2258 2259
f 2247 2257 2242
f 2286 2158 2288
f 2259 2253 2261
f 2261 2253 2254
f 2931 2991 2993
f 2033 2261 2263
f 2254 2243 593
f 2247 2262 2238
f 2971 2974 2987
f 2794 1726 1922
f 2985 2235 570
f 578 634 579
f 2288 582 2256
f 2871 2894 1685
f 2261 2254 2263
f 2247 2221 2262
f 2254 593 2264
f 2982 2988 979
f 2869 1710 2946
f 571 2986 572
f 2069 618 2001
f 605 592 2221
f 2221 592 2262
f 2254 2264 2263
f 2262 2266 2238
f 2263 2264 2220
f 2243 2252 593
f 2262 2265 2266
f 2168 2220 591
f 2238 2266 2268
f 2982 573 2986
f 2266 2265 592
f 2262 592 2265
f 574 575 576
f 577 978 642
f 607 2992 3024
f 578 579 580
f 2264 593 591
f 585 2168 2267
f 591 2220 2264
f 601 2268 598
f 2895 2943 2983
f 2989 581 2990
f 2871 1685 1726
f 2266 598 2268
f 573 2982 979
f 586 585 2267
f 2256 582 583
f 584 272 610
f 569 585 586
f 2974 1688 2987
f 587 588 589
f 2955 3024 2992
f 2922 673 3022
f 2989 2985 581
f 2260 2175 590
f 2267 2168 591
f 2252 609 2269
f 2993 2922 2931
f 592 605 2266
f 593 2252 2269
f 575 594 576
f 621 628 595
f 2240 596 597
f 2266 605 598
f 594 2271 599
f 977 2225 744
f 598 600 601
f 2175 568 590
f 576 594 604
f 605 602 598
f 2288 2158 582
f 2069 2091 2270
f 576 614 603
f 604 599 614
f 2271 594 2289
f 2271 2289 976
f 576 603 574
f 628 2027 629
f 2027 569 629
f 2256 612 605
f 2267 591 606
f 604 614 576
f 604 594 599
f 591 593 606
f 607 3022 608
f 2091 2219 2270
f 2158 583 582
f 609 610 700
f 2983 1686 2979
f 2984 2970 2979
f 606 611 2267
f 1688 2974 1707
f 605 612 602
f 614 599 615
f 606 593 613
f 2991 3023 626
f 583 631 2256
f 614 615 603
f 574 603 2158
f 569 586 616
f 2256 631 612
f 598 602 617
f 2069 2270 618
f 578 619 2225
f 593 2269 613
f 586 2267 616
f 1689 2987 1687
f 3025 2990 620
f 2219 621 622
f 2225 623 744
f 596 571 624
f 598 617 600
f 583 2158 625
f 2991 626 2993
f 606 627 611
f 1688 1693 2987
f 976 2289 2260
f 621 628 629
f 621 629 622
f 2791 1689 1687
f 606 613 627
f 2990 581 630
f 2990 630 620
f 977 744 2235
f 617 639 600
f 1707 2984 2979
f 596 624 597
f 599 2271 615
f 2219 622 645
f 603 646 2158
f 602 612 639
f 602 639 617
f 612 631 632
f 603 615 646
f 1686 2983 1697
f 622 633 645
f 2222 984 634
f 1687 2987 1693
f 1687 1693 1691
f 634 984 635
f 2922 2993 673
f 1699 1690 2943
f 615 2271 976
f 625 631 583
f 2267 611 636
f 646 615 643
f 1691 1692 1687
f 2955 2992 978
f 1691 1693 1692
f 616 2267 637
f 1688 1707 1693
f 2979 1695 1707
f 2219 645 650
f 2219 650 2270
f 569 616 641
f 2267 636 637
f 631 981 632
f 632 638 612
f 612 638 639
f 611 627 640
f 611 640 647
f 629 633 622
f 2988 3025 979
f 1687 1692 1694
f 569 641 629
f 2943 1705 2983
f 1692 1693 1694
f 2158 646 625
f 616 637 641
f 577 642 2894
f 640 627 647
f 978 2992 712
f 2894 642 1685
f 647 627 687
f 976 643 615
f 638 632 677
f 646 643 644
f 645 633 651
f 645 651 650
f 2979 1686 1695
f 646 644 655
f 646 655 625
f 578 580 619
f 2983 1696 1697
f 626 3023 663
f 629 641 980
f 629 980 633
f 611 647 671
f 633 980 651
f 632 648 677
f 644 643 655
f 636 611 649
f 638 677 729
f 2986 573 572
f 650 651 652
f 3025 653 979
f 590 568 656
f 643 654 655
f 655 658 625
f 2791 1687 1698
f 611 671 649
f 590 656 2260
f 632 981 648
f 1699 1922 1700
f 663 3023 657
f 641 637 980
f 1707 1695 1701
f 1696 2983 1705
f 601 850 584
f 625 658 631
f 652 659 650
f 1707 1749 1693
f 1694 1693 1749
f 658 660 631
f 1699 1700 1690
f 637 636 672
f 1701 1702 1707
f 654 643 661
f 658 655 660
f 651 980 652
f 647 687 671
f 661 643 679
f 654 661 662
f 661 679 662
f 655 654 660
f 650 659 2270
f 2222 2193 984
f 637 715 980
f 2993 626 663
f 634 635 579
f 638 729 639
f 652 980 664
f 652 664 659
f 1698 1703 2791
f 2985 570 581
f 654 662 660
f 2225 619 623
f 981 631 665
f 1687 1694 1704
f 1687 1704 1698
f 980 715 664
f 636 670 672
f 3023 2977 666
f 643 976 679
f 981 665 648
f 2001 618 667
f 1701 1709 1702
f 649 671 636
f 671 687 709
f 589 588 668
f 2898 2946 1729
f 2917 2994 708
f 608 3022 669
f 670 671 672
f 670 636 671
f 589 668 2230
f 2943 1690 1705
f 637 672 715
f 648 665 677
f 1697 1696 1706
f 1686 1701 1695
f 3022 673 669
f 1706 1696 1714
f 712 705 978
f 1697 1706 1686
f 671 709 672
f 673 2993 669
f 1702 1709 1707
f 2240 597 674
f 1709 1701 1708
f 2917 666 2977
f 663 675 2993
f 618 2270 676
f 272 584 850
f 2917 708 946
f 1704 1694 1923
f 1707 1709 1749
f 1710 1718 2946
f 2270 659 676
f 669 2993 675
f 1710 1711 1718
f 677 875 729
f 1705 1690 1712
f 1696 1705 1712
f 1696 1712 1714
f 2240 674 587
f 1718 1713 2946
f 1706 1714 1715
f 1690 1700 1712
f 979 678 573
f 631 660 665
f 1704 1722 1698
f 2791 1703 1716
f 1726 1723 1730
f 1713 1717 2946
f 662 679 660
f 1922 1726 1730
f 1713 1718 1719
f 976 680 679
f 681 682 2193
f 1923 1722 1704
f 1708 1720 1709
f 1700 1721 1712
f 1718 1711 1719
f 639 836 600
f 1922 1730 1743
f 1698 1722 1703
f 1723 1724 1730
f 683 2230 684
f 1709 1720 1725
f 679 680 660
f 681 683 682
f 1749 1709 1725
f 1713 1719 1717
f 1726 1685 1924
f 1720 696 1725
f 1723 1726 1925
f 1724 1723 1925
f 2946 1717 1727
f 979 653 678
f 2260 656 685
f 1708 1754 1720
f 1722 1923 1728
f 624 571 686
f 571 572 686
f 1729 2946 692
f 1724 1740 1730
f 1724 1925 1740
f 1715 1714 1731
f 1725 696 693
f 1726 1924 1925
f 1725 693 1732
f 1703 1722 1716
f 687 627 704
f 688 693 694
f 691 694 982
f 1725 1732 1733
f 1734 1708 1740
f 1734 1740 1739
f 1735 1736 1711
f 1734 1739 1708
f 1715 1731 1706
f 1720 1754 696
f 1708 1739 1754
f 1727 692 2946
f 694 689 688
f 691 689 694
f 694 697 982
f 1735 2791 1765
f 1694 1737 1923
f 2230 690 684
f 691 982 689
f 1754 982 696
f 1729 692 1746
f 1719 1738 1717
f 693 696 695
f 1685 642 706
f 1719 1711 1738
f 1922 1757 1700
f 1754 1739 1740
f 669 698 608
f 2992 607 765
f 689 1741 1754
f 3025 620 653
f 693 695 694
f 1741 689 982
f 1741 982 1754
f 694 695 696
f 1714 1712 1731
f 694 696 697
f 1740 1708 1742
f 982 697 696
f 1731 1712 1706
f 1740 1742 1730
f 1922 1743 1757
f 1701 1686 1742
f 1701 1742 1708
f 675 698 669
f 607 608 699
f 1685 706 1924
f 1717 1732 1727
f 272 700 610
f 676 659 716
f 1732 1717 1733
f 1711 1736 1738
f 1729 1746 708
f 2260 701 976
f 1923 1926 1728
f 683 684 682
f 1717 1738 1733
f 1740 1925 1744
f 1924 1745 1925
f 1746 692 1747
f 1733 1738 1748
f 690 2230 702
f 1725 1733 1749
f 1743 1730 1750
f 675 703 698
f 687 704 709
f 1694 1749 1737
f 1923 1737 1926
f 1924 706 1745
f 642 978 705
f 1712 1751 1706
f 663 657 675
f 1751 1752 1706
f 2235 744 570
f 642 1753 706
f 706 1753 1745
f 1765 1736 1735
f 1754 1740 1744
f 1746 707 708
f 607 699 765
f 656 568 685
f 672 709 710
f 1730 1742 1750
f 1727 1747 692
f 1747 707 1746
f 664 715 659
f 698 717 608
f 635 711 579
f 1742 1755 1750
f 976 701 680
f 1752 1751 1756
f 1751 1712 1756
f 1733 1748 1749
f 765 712 2992
f 1728 1926 1759
f 1728 1809 1722
f 1757 1743 1758
f 1749 1748 1763
f 1728 1759 1809
f 360 609 700
f 613 720 627
f 1722 1809 1716
f 1706 1760 1686
f 3023 666 657
f 1760 1706 1752
f 2917 946 666
f 579 711 580
f 1686 1781 1761
f 1755 1762 1750
f 1743 1750 1758
f 1742 1761 1755
f 1712 1721 1756
f 1738 1763 1748
f 666 756 657
f 708 1011 946
f 1686 1761 1742
f 1809 1759 1764
f 1749 1763 1928
f 1926 1932 1759
f 675 657 703
f 665 831 677
f 667 618 738
f 1738 1736 1763
f 1755 1761 1762
f 1757 1791 1700
f 1758 1750 1927
f 674 713 587
f 1757 1758 1927
f 1759 1932 1764
f 1749 1928 1737
f 678 653 714
f 1927 1750 1762
f 1736 1765 1763
f 1721 1700 1931
f 587 713 588
f 1744 1806 1754
f 668 702 2230
f 1721 1766 1756
f 660 680 800
f 659 715 716
f 1686 1760 1818
f 1686 1818 1781
f 698 703 717
f 1716 1809 1767
f 1766 1721 1768
f 1760 1752 1756
f 2791 1716 1765
f 1928 1763 1769
f 1744 1925 1770
f 1760 1756 1771
f 1809 1764 1772
f 2260 685 701
f 1773 1792 1774
f 1774 1775 1776
f 1774 1778 1775
f 1774 1776 1773
f 1778 1929 1777
f 1775 1778 1776
f 618 676 718
f 1778 1779 1777
f 1778 1777 1776
f 1716 1815 1765
f 1776 1777 1780
f 1928 1769 1737
f 568 667 719
f 1929 1790 1777
f 1764 1932 1772
f 1781 1782 1761
f 714 653 620
f 1773 1783 1793
f 715 672 269
f 627 720 704
f 1763 1784 1769
f 1773 1793 1792
f 1783 1773 1785
f 682 721 2193
f 1773 1776 1786
f 1716 1767 1840
f 1765 1784 1763
f 573 747 572
f 620 630 988
f 1785 1773 1786
f 1786 1776 1930
f 1776 1780 1930
f 1925 1787 1770
f 1761 1782 1762
f 1767 1809 1788
f 1786 1930 1780
f 1768 1721 1931
f 699 608 722
f 1790 1780 1777
f 1778 1774 1929
f 1809 1817 1788
f 581 570 760
f 608 717 722
f 630 581 988
f 623 619 748
f 619 580 986
f 2193 721 984
f 1929 1789 1790
f 1791 1757 1927
f 1809 1772 1932
f 1774 1792 1793
f 1774 1793 1794
f 1732 1795 1727
f 1840 1815 1716
f 1925 1745 1787
f 693 688 1796
f 1790 1866 1780
f 714 723 678
f 674 985 713
f 744 623 724
f 588 725 668
f 580 711 986
f 690 987 684
f 572 747 686
f 729 875 845
f 570 744 760
f 1927 1762 1797
f 1762 1782 1797
f 1800 1756 1766
f 1754 999 689
f 714 620 726
f 702 745 727
f 702 727 690
f 1744 1770 1806
f 678 723 573
f 986 711 728
f 639 729 845
f 1798 1793 1783
f 1790 1789 1802
f 1789 1929 1799
f 1789 1799 1802
f 1926 1737 1932
f 1756 1800 1771
f 1766 1801 1800
f 1790 1802 1866
f 1784 1803 1769
f 668 745 702
f 1737 1769 1807
f 597 624 730
f 674 730 985
f 711 635 728
f 721 750 984
f 624 686 731
f 714 726 723
f 1771 1804 1760
f 573 723 732
f 1793 1798 1805
f 609 360 2269
f 1754 1806 999
f 1769 1803 1807
f 682 684 721
f 1700 1791 1931
f 1771 1800 1804
f 723 726 732
f 674 597 730
f 620 988 726
f 713 985 588
f 986 748 619
f 1783 1785 1786
f 1929 1774 1808
f 1809 1932 1831
f 686 747 731
f 703 657 733
f 684 987 721
f 728 635 984
f 623 748 724
f 1783 1810 1798
f 1768 1931 1811
f 1794 1793 1805
f 1927 1797 1812
f 1784 1934 1803
f 1774 1794 1808
f 1804 1800 1813
f 1760 1804 1837
f 624 731 730
f 1798 1814 1805
f 765 699 990
f 732 726 983
f 581 760 988
f 668 725 745
f 1800 1824 1813
f 1800 1801 1824
f 1765 1815 1784
f 693 1796 1816
f 715 269 716
f 1809 1831 1817
f 1840 1767 1788
f 1798 1933 1814
f 732 983 573
f 588 734 725
f 728 984 735
f 573 983 736
f 690 727 987
f 1801 1766 1811
f 1782 1812 1797
f 1825 1817 1831
f 1929 1808 1799
f 588 985 737
f 588 737 734
f 1781 1818 1782
f 1798 1810 1933
f 1766 1768 1811
f 699 722 990
f 573 736 747
f 984 750 735
f 618 718 738
f 1786 1819 1783
f 1825 1831 1832
f 1786 1780 1820
f 704 710 709
f 1927 1826 1791
f 726 739 983
f 986 728 740
f 728 735 740
f 735 741 740
f 725 734 742
f 1794 1805 1821
f 1745 1753 1822
f 724 743 744
f 727 745 746
f 726 988 739
f 642 1822 1753
f 2269 360 294
f 1824 1801 1811
f 1803 1934 1807
f 717 703 733
f 1807 1934 1737
f 1786 1820 1832
f 1783 1823 1824
f 1820 1780 1825
f 1927 1812 1826
f 1783 1824 1829
f 1817 1825 1788
f 747 768 731
f 1799 1808 1827
f 1808 1794 1821
f 748 986 749
f 986 740 749
f 1783 1829 1810
f 1760 1837 1818
f 1824 1823 1813
f 1804 1813 1837
f 1780 1866 1828
f 985 730 737
f 750 741 735
f 983 739 736
f 1824 1845 1829
f 1820 1825 1832
f 1783 1819 1823
f 750 721 751
f 987 727 752
f 1780 1828 1825
f 1737 1830 1932
f 747 753 756
f 1813 1823 1819
f 1784 1815 1934
f 730 731 737
f 1831 1932 1838
f 1831 1838 1832
f 988 754 758
f 739 755 736
f 1825 1836 1788
f 747 756 757
f 712 758 705
f 677 831 875
f 1737 1934 1833
f 737 731 759
f 1931 1791 1834
f 768 747 757
f 1832 1835 1819
f 1832 1819 1786
f 987 752 721
f 1791 1826 1834
f 727 746 752
f 760 761 762
f 1828 1836 1825
f 755 763 736
f 742 764 725
f 747 736 753
f 988 765 739
f 760 762 754
f 722 717 990
f 756 666 757
f 760 754 988
f 1819 1837 1813
f 748 749 766
f 751 741 750
f 742 734 767
f 1782 1818 1812
f 988 712 765
f 1819 1835 1837
f 1811 1845 1824
f 1832 1838 1835
f 724 766 743
f 724 748 766
f 733 770 717
f 685 568 719
f 990 739 765
f 731 768 781
f 1837 1839 1818
f 672 710 884
f 989 761 760
f 600 836 837
f 736 763 657
f 725 764 769
f 725 769 745
f 712 988 758
f 733 657 770
f 657 756 753
f 731 781 759
f 760 744 989
f 764 742 767
f 751 771 741
f 734 737 767
f 736 657 753
f 741 772 740
f 745 769 746
f 744 743 989
f 721 752 751
f 717 770 773
f 719 667 774
f 1727 1795 1747
f 737 775 767
f 1830 1737 1833
f 1788 1836 1840
f 766 749 776
f 757 781 768
f 758 754 777
f 752 771 751
f 1811 1846 1845
f 1841 1842 1835
f 1747 1885 707
f 755 739 778
f 763 779 657
f 749 740 776
f 761 780 762
f 739 990 778
f 705 758 787
f 757 666 781
f 759 781 782
f 767 783 764
f 989 743 784
f 804 743 766
f 746 785 752
f 741 786 772
f 1835 1842 1853
f 1837 1835 1853
f 758 777 787
f 1836 1828 1843
f 666 788 781
f 754 762 777
f 759 782 737
f 737 782 775
f 740 772 789
f 989 805 761
f 741 771 786
f 746 769 785
f 613 2269 294
f 1842 1841 1853
f 1806 1861 999
f 1835 1844 1841
f 761 805 780
f 1845 1846 1829
f 1835 1838 1844
f 1811 1931 1846
f 1931 1834 1847
f 1810 1829 1933
f 1837 1853 1839
f 763 755 779
f 778 990 822
f 752 790 771
f 771 790 791
f 772 786 792
f 781 788 782
f 1934 1848 1833
f 1841 1844 1853
f 1812 1849 1826
f 1802 1799 1850
f 1808 1851 1827
f 1852 1843 1828
f 1836 1843 1840
f 685 719 793
f 762 780 777
f 743 804 784
f 1828 1866 1852
f 769 764 794
f 1853 1844 1859
f 720 795 704
f 1838 1932 1844
f 1846 1931 1935
f 657 779 841
f 767 775 783
f 752 785 790
f 764 783 794
f 769 794 796
f 1853 1859 1839
f 642 705 797
f 1812 1818 1849
f 1826 1849 1834
f 786 771 798
f 755 778 779
f 789 772 792
f 771 791 798
f 1932 1855 1844
f 784 805 989
f 770 657 841
f 990 717 799
f 990 799 822
f 766 776 804
f 769 796 785
f 740 789 776
f 660 800 665
f 1932 1830 1854
f 1859 1844 1855
f 1843 1857 1840
f 799 717 801
f 779 778 802
f 790 803 791
f 601 600 837
f 1808 1821 1851
f 1932 1874 1855
f 1932 1854 1874
f 784 804 805
f 790 785 806
f 1834 1849 1856
f 717 773 801
f 778 822 802
f 798 791 807
f 794 783 808
f 796 794 809
f 1847 1834 1856
f 1818 1839 1862
f 804 776 810
f 1843 1852 1857
f 1829 1846 1858
f 780 811 777
f 805 811 780
f 794 808 809
f 790 806 803
f 786 798 792
f 1745 1822 1787
f 779 812 841
f 787 777 813
f 804 814 805
f 815 810 776
f 775 782 816
f 812 826 841
f 666 817 788
f 805 814 811
f 788 991 782
f 1829 1858 1933
f 804 810 818
f 785 796 809
f 1805 1814 1821
f 792 819 789
f 1871 1852 1866
f 779 802 812
f 787 813 820
f 816 783 775
f 817 666 829
f 777 821 813
f 791 803 807
f 1859 1855 1873
f 1935 1931 1847
f 789 815 776
f 822 820 823
f 777 811 821
f 1821 1881 1851
f 841 826 824
f 1934 1860 1848
f 824 829 841
f 613 294 720
f 1821 1814 1881
f 1830 1833 1854
f 816 782 991
f 822 825 802
f 785 809 806
f 822 823 825
f 820 823 787
f 783 816 808
f 642 797 943
f 1815 1840 1886
f 818 814 804
f 829 824 826
f 829 826 817
f 1934 1815 1860
f 1806 1770 1861
f 788 827 991
f 798 819 792
f 798 807 819
f 788 817 827
f 720 294 828
f 799 801 773
f 1859 1873 1862
f 1732 693 1863
f 693 1816 1863
f 826 827 817
f 829 666 854
f 689 1894 688
f 1732 1863 1795
f 1848 1860 1833
f 1849 1818 1864
f 639 845 836
f 799 773 830
f 822 799 993
f 823 820 813
f 1859 1862 1839
f 665 800 831
f 1894 689 999
f 991 827 832
f 1815 1865 1860
f 826 812 827
f 701 685 280
f 773 770 833
f 1866 1802 1850
f 799 830 993
f 823 822 993
f 1833 1860 1867
f 1856 1849 1864
f 854 666 946
f 1799 1827 1850
f 280 685 793
f 718 881 738
f 1935 1847 1936
f 803 806 834
f 816 991 835
f 1874 1854 1869
f 1833 1865 1854
f 1860 1865 1867
f 1846 1935 1858
f 830 773 833
f 1847 1856 1868
f 823 813 992
f 823 992 825
f 716 269 268
f 836 868 837
f 1854 1865 1869
f 814 818 838
f 1867 1865 1833
f 818 810 839
f 716 268 676
f 1770 1787 1870
f 789 840 815
f 841 829 842
f 827 843 842
f 829 854 842
f 795 720 844
f 676 285 718
f 1870 1861 1770
f 269 672 884
f 770 938 833
f 812 802 937
f 819 807 908
f 1866 1850 1871
f 1874 1872 1855
f 812 937 827
f 802 825 941
f 704 795 844
f 845 846 836
f 1847 1868 1936
f 1864 1868 1856
f 845 847 846
f 823 993 992
f 1855 1872 1873
f 704 844 710
f 720 852 844
f 1869 1865 1874
f 642 943 1822
f 1874 1865 1875
f 836 846 848
f 846 849 848
f 847 845 875
f 847 875 846
f 1827 1851 1876
f 1827 1876 1850
f 827 937 843
f 720 867 852
f 1818 1862 1864
f 823 992 787
f 901 850 601
f 849 851 848
f 848 851 836
f 849 846 851
f 816 835 808
f 836 851 875
f 852 867 853
f 852 853 844
f 846 875 851
f 827 854 832
f 1840 1857 1664
f 1840 1664 1886
f 832 855 991
f 710 844 860
f 688 1894 1796
f 1864 1862 1877
f 1864 1877 1878
f 1864 1878 1868
f 810 815 856
f 1879 1875 1865
f 836 875 874
f 836 874 857
f 853 867 858
f 1857 1852 1664
f 827 842 854
f 813 859 992
f 710 860 865
f 720 828 867
f 857 874 861
f 1936 1868 1880
f 836 857 868
f 844 853 862
f 708 707 1011
f 676 268 285
f 844 863 860
f 844 862 863
f 1874 1875 1872
f 1935 1936 1937
f 853 864 862
f 802 941 937
f 803 908 807
f 860 863 865
f 1851 1881 1876
f 863 862 865
f 857 866 868
f 803 834 908
f 1876 1881 1883
f 1878 1877 1868
f 1872 1875 1882
f 1881 1814 1883
f 1815 1884 1865
f 789 819 840
f 867 828 858
f 868 273 837
f 853 858 869
f 870 774 667
f 861 871 857
f 1747 1795 1885
f 861 874 876
f 861 876 871
f 1865 1884 1882
f 1875 1865 1882
f 1858 1935 1937
f 832 854 855
f 831 876 875
f 866 872 868
f 853 869 864
f 862 873 865
f 710 865 884
f 941 825 992
f 1815 1886 1884
f 865 873 884
f 601 837 901
f 862 864 873
f 874 875 876
f 877 806 878
f 877 834 806
f 1876 1887 1850
f 884 873 864
f 1876 1883 1887
f 1882 1888 1872
f 705 787 797
f 871 876 831
f 835 991 994
f 806 809 878
f 707 1885 1011
f 680 701 280
f 814 838 879
f 1872 1888 1873
f 858 880 869
f 868 872 273
f 858 828 880
f 866 900 872
f 866 857 900
f 813 821 859
f 667 738 881
f 1850 1887 1871
f 857 871 900
f 869 884 864
f 1868 1877 1880
f 831 882 871
f 991 855 994
f 883 800 680
f 869 309 884
f 808 885 809
f 1888 1882 1873
f 1877 1862 1880
f 1886 1369 1884
f 1936 1880 1889
f 900 871 882
f 869 880 309
f 814 879 811
f 882 893 900
f 831 893 882
f 884 266 269
f 1886 1664 1369
f 294 894 828
f 1933 1858 1383
f 841 947 770
f 837 273 886
f 810 856 839
f 1937 1383 1858
f 821 811 887
f 680 280 888
f 841 842 947
f 718 285 881
f 1937 1092 1383
f 837 886 901
f 938 770 890
f 830 889 993
f 1852 1871 1396
f 1852 1396 1371
f 840 856 815
f 1873 1882 1910
f 787 992 797
f 830 833 889
f 1380 1887 1883
f 770 947 890
f 273 872 276
f 819 908 840
f 811 879 891
f 1861 1870 1890
f 833 938 896
f 821 887 859
f 818 839 838
f 809 892 878
f 831 800 893
f 828 894 880
f 888 883 680
f 880 298 309
f 1870 1787 1908
f 947 842 902
f 842 854 963
f 834 877 895
f 811 891 887
f 893 558 900
f 884 309 267
f 1787 1028 1908
f 809 885 892
f 266 884 267
f 1871 1887 1396
f 1863 1891 1795
f 1873 1910 1862
f 1889 1892 1936
f 1889 1893 1892
f 1889 1880 1893
f 833 896 889
f 946 963 854
f 808 835 885
f 878 892 877
f 268 269 270
f 892 897 877
f 1863 1816 1896
f 1937 1936 1092
f 1894 1901 1796
f 842 843 898
f 854 842 898
f 854 898 855
f 856 840 899
f 276 872 900
f 886 273 901
f 1895 1933 1402
f 1882 1884 1909
f 1890 1870 1908
f 1891 1863 1896
f 895 951 834
f 1897 1898 1890
f 1890 1898 1861
f 1814 1373 1883
f 1369 1909 1884
f 1890 1908 1897
f 993 949 992
f 842 963 902
f 797 992 903
f 992 859 995
f 855 957 994
f 899 840 908
f 834 951 908
f 850 271 272
f 667 881 870
f 1787 1938 1028
f 859 887 913
f 879 838 904
f 879 904 891
f 1822 1938 1787
f 993 889 949
f 994 925 835
f 892 885 905
f 839 856 932
f 1862 1893 1880
f 932 856 899
f 1402 1933 1383
f 1909 1910 1882
f 843 937 912
f 941 992 995
f 892 905 897
f 273 275 901
f 835 925 906
f 850 901 274
f 850 274 271
f 838 839 904
f 891 907 887
f 895 958 951
f 1861 1898 1917
f 890 947 1899
f 843 912 898
f 995 859 913
f 891 904 907
f 835 906 885
f 910 793 719
f 994 957 923
f 994 923 925
f 885 906 917
f 1816 1913 1896
f 1897 1908 1898
f 877 897 958
f 1900 890 1899
f 890 1900 1901
f 1899 1903 1900
f 908 909 899
f 275 273 276
f 1816 1796 1913
f 1899 947 1903
f 992 949 903
f 898 912 957
f 898 957 855
f 877 958 895
f 885 917 905
f 839 932 904
f 793 910 280
f 887 907 911
f 1898 1908 1902
f 1891 1896 1019
f 1861 1917 999
f 887 911 913
f 1901 938 890
f 912 936 957
f 995 913 914
f 888 280 277
f 870 881 915
f 1796 1900 1901
f 1900 1903 1901
f 1796 1901 1913
f 905 916 897
f 881 954 915
f 917 906 918
f 908 948 909
f 774 870 915
f 719 948 910
f 913 911 919
f 1898 1902 1917
f 901 275 278
f 1862 1910 1920
f 896 938 996
f 881 285 954
f 280 910 920
f 947 902 921
f 774 915 922
f 923 924 925
f 923 966 924
f 995 926 903
f 774 922 927
f 774 928 719
f 922 915 954
f 922 954 929
f 922 929 927
f 774 930 931
f 774 931 928
f 932 899 933
f 937 936 912
f 932 933 287
f 928 931 719
f 774 927 934
f 774 934 930
f 930 934 931
f 931 935 719
f 995 903 949
f 904 932 287
f 931 934 935
f 910 948 920
f 935 934 719
f 902 936 921
f 897 916 962
f 925 924 966
f 927 954 934
f 929 954 927
f 921 936 947
f 957 936 902
f 948 934 909
f 719 934 948
f 957 902 963
f 947 1904 1903
f 941 944 996
f 1901 1914 1913
f 936 937 938
f 1903 1904 1901
f 896 996 889
f 917 918 939
f 899 909 940
f 995 949 941
f 797 942 943
f 889 996 944
f 1795 1007 1885
f 907 945 911
f 937 941 996
f 1936 1892 1092
f 1862 1920 1000
f 1896 1913 998
f 938 1901 1904
f 1011 960 946
f 893 279 558
f 934 954 909
f 1893 1862 1014
f 1664 1852 1371
f 995 914 926
f 947 936 938
f 908 281 948
f 941 949 944
f 940 909 954
f 940 954 899
f 906 925 950
f 908 951 281
f 1795 1891 1019
f 1795 1019 1905
f 923 952 966
f 941 953 996
f 914 913 919
f 899 954 955
f 947 938 1904
f 907 904 287
f 938 937 996
f 957 956 923
f 280 281 277
f 949 889 944
f 1894 1906 1907
f 1902 1908 1917
f 914 971 926
f 280 920 281
f 1894 1907 1901
f 963 956 957
f 951 958 282
f 1901 1907 1914
f 948 281 920
f 899 955 933
f 946 952 963
f 1909 1919 1910
f 903 926 797
f 911 959 919
f 923 956 952
f 997 1896 998
f 1885 1030 1011
f 946 960 952
f 907 287 961
f 275 276 278
f 916 905 939
f 282 958 291
f 1906 1003 1907
f 925 966 950
f 917 939 905
f 911 945 959
f 914 919 971
f 1914 1907 1911
f 907 961 945
f 1914 1911 1003
f 958 897 291
f 959 945 919
f 1907 1912 1911
f 1894 999 1906
f 1911 1912 1003
f 1912 1907 1003
f 954 285 955
f 1913 1914 998
f 951 282 281
f 962 916 291
f 1919 1909 1397
f 1906 1915 1003
f 1003 1915 1916
f 999 1916 1906
f 281 282 277
f 1915 1906 1916
f 1917 1908 1009
f 1917 1010 999
f 999 1010 1016
f 906 950 918
f 880 894 3
f 999 1016 1916
f 933 555 287
f 963 952 956
f 960 1011 964
f 1664 1371 1368
f 1003 998 1914
f 1003 1004 998
f 897 962 291
f 1000 1920 1020
f 1001 1002 1003
f 1002 1003 1918
f 1003 1916 1918
f 291 277 282
f 1003 1005 1004
f 1004 1005 998
f 933 955 555
f 797 971 942
f 926 971 797
f 1896 997 1019
f 952 965 966
f 961 287 289
f 955 283 555
f 901 278 301
f 285 284 283
f 955 285 283
f 1005 1003 1002
f 1005 1002 998
f 1910 1919 1920
f 1893 1014 1006
f 942 967 943
f 888 277 286
f 287 288 289
f 1664 1368 1369
f 1862 1370 1386
f 1862 1000 1370
f 1014 1862 1386
f 1000 1020 1370
f 971 919 968
f 966 965 950
f 919 945 314
f 918 950 969
f 287 290 288
f 287 555 290
f 916 939 296
f 285 268 284
f 967 942 970
f 1887 1374 1396
f 284 268 283
f 1371 1396 1372
f 1369 1397 1909
f 277 291 286
f 883 888 292
f 952 960 330
f 883 319 800
f 998 1002 1357
f 1007 1008 1885
f 960 964 330
f 942 971 970
f 1009 1010 1917
f 1030 1032 1011
f 918 969 939
f 916 305 291
f 555 293 290
f 555 283 293
f 269 266 270
f 800 279 893
f 894 294 360
f 888 556 292
f 276 295 278
f 1908 1028 1012
f 883 292 556
f 1009 1908 1012
f 268 270 557
f 1026 1013 1905
f 1905 1013 1795
f 883 556 319
f 1014 1386 1015
f 1014 1015 1017
f 1032 964 1011
f 296 305 916
f 291 305 297
f 961 559 945
f 880 3 298
f 998 1357 997
f 1918 1916 1016
f 971 968 970
f 1814 1895 1373
f 276 900 299
f 1014 1017 1006
f 1814 1933 1895
f 286 300 888
f 888 300 556
f 278 295 301
f 961 289 559
f 950 972 969
f 293 302 290
f 291 297 286
f 268 557 310
f 1795 1013 1007
f 1893 1006 1018
f 1905 1019 1026
f 1002 1918 1357
f 268 310 283
f 1887 1380 1375
f 1883 1373 1380
f 1020 1920 1045
f 1010 1357 1016
f 1885 1122 1030
f 919 314 968
f 950 965 972
f 305 296 303
f 300 286 297
f 300 297 556
f 952 330 965
f 1920 1919 1043
f 939 969 303
f 556 305 319
f 330 964 340
f 1887 1375 1374
f 1020 1045 1392
f 1822 943 1921
f 964 1032 1027
f 945 559 314
f 939 303 296
f 900 558 304
f 900 304 299
f 1918 1016 1357
f 1892 1893 1355
f 274 901 301
f 1357 1021 997
f 556 306 305
f 556 297 306
f 283 302 293
f 967 973 943
f 1920 1043 1045
f 967 970 973
f 1010 1009 1025
f 997 1022 1023
f 1370 1020 1392
f 1019 997 1023
f 1938 1822 1921
f 1938 1921 1024
f 288 290 307
f 557 270 308
f 309 298 267
f 972 965 974
f 306 297 305
f 283 310 302
f 970 968 973
f 1013 1026 1040
f 557 308 310
f 1009 1012 1356
f 1006 1017 1018
f 1355 1092 1892
f 1025 1357 1010
f 1019 1023 1026
f 1024 1921 1035
f 1032 1033 1027
f 969 311 303
f 800 312 279
f 266 267 313
f 894 360 3
f 274 301 317
f 274 317 271
f 1028 1029 1012
f 968 314 320
f 1374 1375 1376
f 1374 1376 1377
f 1921 943 1034
f 1030 1031 1032
f 1009 1356 1025
f 1376 1375 1378
f 1375 1379 1381
f 1375 1380 1379
f 302 307 290
f 965 975 974
f 1381 1379 1387
f 1375 1381 1382
f 1378 1375 1381
f 1028 1938 1029
f 1383 1384 1402
f 1383 1092 1384
f 270 266 321
f 360 356 3
f 303 315 305
f 1032 1031 1033
f 972 974 325
f 1379 1380 1387
f 975 965 330
f 302 310 316
f 314 559 320
f 1387 1378 1381
f 1034 943 1041
f 1378 1377 1376
f 1921 1034 1035
f 997 1021 1022
f 1018 1017 1036
f 295 317 301
f 302 318 307
f 1033 1031 1038
f 1008 1007 1037
f 319 312 800
f 973 968 320
f 559 289 324
f 1380 1373 1385
f 1007 1013 1037
f 1008 1115 1885
f 1026 1023 1040
f 1885 1115 1122
f 266 313 321
f 288 307 346
f 964 1027 340
f 1374 1377 1388
f 1015 1386 1391
f 302 322 323
f 1919 1666 1043
f 1387 1380 1385
f 1035 1034 1042
f 322 302 316
f 322 316 323
f 288 346 289
f 276 299 295
f 302 323 318
f 1033 1038 1027
f 1893 1018 1355
f 1018 1036 1039
f 559 324 560
f 1377 1378 1388
f 1397 1666 1919
f 1115 1008 1105
f 1031 1030 1046
f 974 335 325
f 1386 1370 1391
f 1017 1015 1406
f 1013 1040 1050
f 1034 1041 1042
f 943 973 326
f 558 279 327
f 558 327 304
f 320 328 973
f 972 325 969
f 316 338 323
f 289 560 324
f 270 321 308
f 289 346 560
f 974 975 341
f 969 329 311
f 330 341 975
f 1043 1044 1045
f 1092 1389 1384
f 1037 1013 1079
f 1371 1372 1390
f 1406 1015 1391
f 1024 1035 1358
f 1031 1046 1047
f 313 267 321
f 298 3 15
f 305 315 334
f 1029 1938 1048
f 331 267 298
f 303 344 315
f 311 344 303
f 319 305 332
f 319 332 333
f 1018 1039 1355
f 1021 1357 1049
f 316 310 338
f 323 307 318
f 323 338 307
f 305 334 332
f 311 329 344
f 1044 1053 1045
f 332 334 333
f 559 560 320
f 1013 1050 1051
f 969 325 344
f 1354 1050 1052
f 1354 1053 1054
f 1039 1036 1068
f 1051 1050 1354
f 1025 1055 1056
f 1053 1044 1054
f 1057 1025 1056
f 1354 1052 1058
f 1059 1060 1056
f 1044 1061 1054
f 1052 1050 1062
f 1056 1060 1057
f 1051 1063 1064
f 1051 1064 1013
f 1354 1058 1065
f 1039 1066 1355
f 1354 1063 1051
f 1044 1043 1067
f 1354 1065 1053
f 1055 1025 1082
f 1025 1356 1082
f 1039 1068 1069
f 1354 1064 1063
f 1056 1055 1070
f 1039 1069 1071
f 1059 1072 1073
f 974 341 335
f 1356 1074 1082
f 1059 1073 1075
f 1059 1075 1060
f 1056 1070 1059
f 1039 1071 1076
f 1044 1077 1061
f 1043 1077 1067
f 1068 1036 1069
f 1072 1039 1073
f 1039 1076 1073
f 1073 1060 1075
f 1076 1071 1073
f 327 279 336
f 1072 1059 1078
f 1039 1078 1066
f 1354 1079 1064
f 1054 1080 1354
f 1052 1062 1058
f 1039 1072 1078
f 1058 1062 1065
f 1065 1045 1053
f 1357 1025 1049
f 1054 1061 1080
f 1074 1356 1081
f 1074 1081 1082
f 1055 1082 1081
f 1055 1081 1070
f 1070 1081 1059
f 336 279 376
f 1057 1049 1025
f 1027 1038 1100
f 1071 1060 1073
f 1021 1049 1083
f 1017 1406 1036
f 1046 1106 1047
f 1042 1041 1084
f 1041 943 1093
f 969 344 329
f 333 312 319
f 298 337 331
f 310 561 338
f 1378 1387 1388
f 1066 1078 1085
f 1022 1021 1086
f 1354 1080 1079
f 1067 1077 1044
f 1392 1391 1370
f 1065 1062 1045
f 1013 1064 1079
f 1023 1087 1040
f 1040 1087 1050
f 1050 1087 1062
f 315 339 334
f 1071 1069 1060
f 1060 1049 1057
f 310 308 561
f 1369 1368 1409
f 1356 1012 1081
f 330 340 341
f 1081 1078 1059
f 1080 1061 1088
f 315 344 339
f 1021 1083 1086
f 328 320 342
f 328 342 973
f 327 336 354
f 1355 1066 1089
f 1085 1089 1066
f 339 344 334
f 1080 1088 1079
f 1008 1037 1105
f 1387 1385 1393
f 1031 1047 1090
f 1038 1031 1102
f 317 347 271
f 1031 1090 1102
f 1083 1049 1086
f 267 331 321
f 320 560 343
f 344 325 345
f 1394 1385 1373
f 1022 1087 1023
f 307 338 346
f 333 334 364
f 304 327 299
f 338 351 346
f 1081 1091 1078
f 1061 1077 1666
f 1091 1081 1012
f 1085 1389 1089
f 320 343 342
f 1022 1086 1087
f 973 342 326
f 1390 1372 1395
f 347 317 348
f 560 349 350
f 1396 1395 1372
f 1085 1078 1091
f 1037 1079 1105
f 1077 1043 1666
f 1092 1355 1389
f 1041 1093 1084
f 1093 943 1094
f 1369 1409 1397
f 1938 1024 1048
f 317 295 348
f 1088 1061 1666
f 560 350 561
f 350 349 561
f 349 560 561
f 1396 1398 1395
f 342 343 362
f 342 362 326
f 1035 1042 1358
f 1396 1374 1398
f 338 561 351
f 560 346 352
f 1085 1095 1389
f 560 561 343
f 560 352 561
f 334 344 364
f 1895 1399 1373
f 325 341 345
f 335 341 325
f 345 341 353
f 1049 1060 1096
f 345 364 344
f 346 351 352
f 354 336 376
f 1374 1388 1420
f 1062 1087 1359
f 1012 1029 1048
f 1012 1048 1091
f 1046 1030 1106
f 279 312 376
f 353 341 364
f 353 364 345
f 271 347 363
f 1048 1024 1104
f 1398 1374 1420
f 352 351 561
f 1086 1049 1096
f 341 365 364
f 1105 1079 1088
f 343 561 362
f 1085 1091 1095
f 1036 1406 1069
f 364 312 333
f 347 348 355
f 356 361 3
f 1095 1091 1389
f 299 327 357
f 1038 1102 1100
f 1093 1094 1084
f 943 466 1094
f 341 340 365
f 308 321 358
f 312 359 376
f 360 361 356
f 561 326 362
f 1391 1392 1128
f 1042 1097 1358
f 1086 1096 1087
f 1355 1089 1389
f 347 355 363
f 1373 1399 1405
f 1047 1106 1090
f 1062 1128 1045
f 1373 1400 1394
f 1069 1098 1060
f 1060 1098 1096
f 1042 1099 1097
f 1042 1084 1099
f 1100 1101 1027
f 1100 1102 1101
f 312 364 365
f 348 295 355
f 1115 1105 1103
f 1024 1358 1104
f 1105 1088 1361
f 1895 1401 1399
f 354 367 327
f 1895 1402 1401
f 1406 1098 1069
f 1104 1358 1108
f 321 366 358
f 354 376 367
f 272 271 368
f 1373 1405 1400
f 1389 1403 1384
f 363 355 369
f 327 367 357
f 271 369 368
f 1392 1045 1128
f 1105 1361 1103
f 464 326 562
f 1385 1394 1400
f 1371 1665 1368
f 1088 1666 1361
f 1062 1359 1128
f 1090 1106 1113
f 1102 1090 1121
f 1027 1101 340
f 943 326 464
f 308 358 475
f 360 700 398
f 363 369 271
f 308 565 561
f 376 359 379
f 1390 1395 1665
f 1084 1094 1116
f 1397 1409 1666
f 1371 1390 1665
f 1399 1408 1405
f 1402 1384 1401
f 358 366 370
f 357 367 371
f 385 372 359
f 359 372 379
f 943 464 466
f 1099 1107 1097
f 1405 1408 1404
f 1398 1420 1395
f 1400 1405 1404
f 1097 1107 1108
f 1099 1084 1107
f 1084 1116 1107
f 1102 1121 1109
f 308 475 565
f 360 398 361
f 1101 1102 1109
f 1097 1108 1358
f 1128 1123 1391
f 372 385 373
f 372 373 379
f 358 374 384
f 358 381 374
f 358 370 381
f 1090 1113 1112
f 1406 1391 1123
f 1368 1665 1407
f 1048 1110 1091
f 370 366 381
f 1090 1112 1121
f 1399 1401 1408
f 326 561 562
f 1111 1103 1361
f 357 371 299
f 373 385 375
f 369 355 16
f 1106 1112 1113
f 1104 1110 1048
f 1109 1114 1101
f 1116 1124 1107
f 1103 1111 1115
f 1030 1122 1106
f 376 377 378
f 1116 1094 1124
f 1395 1420 1668
f 373 375 379
f 379 380 376
f 385 567 375
f 379 375 395
f 374 388 384
f 374 381 409
f 374 409 388
f 376 380 377
f 1109 1121 1114
f 1101 1114 1106
f 312 382 359
f 1407 1667 1368
f 381 383 409
f 1407 1665 1667
f 1401 1384 1408
f 1128 1117 1123
f 358 384 475
f 331 337 321
f 359 382 385
f 1096 1098 1118
f 1359 1087 1119
f 385 382 391
f 375 386 395
f 700 272 406
f 384 387 388
f 388 409 411
f 1096 1119 1087
f 381 366 401
f 1101 1106 340
f 1368 1667 1409
f 385 391 567
f 375 567 386
f 1114 1121 1106
f 379 395 380
f 366 390 401
f 340 1106 1120
f 1121 1112 1106
f 1115 1111 1122
f 272 368 389
f 1406 1123 1098
f 1669 1178 1666
f 366 321 390
f 376 378 367
f 1122 1111 1106
f 369 389 368
f 567 391 422
f 561 565 562
f 377 380 392
f 384 388 475
f 380 395 393
f 1107 1124 1108
f 1389 1091 1403
f 386 394 395
f 404 409 383
f 404 412 409
f 365 340 1120
f 404 399 405
f 1096 1118 1125
f 412 396 409
f 395 394 393
f 394 400 397
f 394 413 400
f 361 398 3
f 1666 1409 1669
f 404 383 399
f 381 399 383
f 381 450 399
f 397 400 407
f 381 401 450
f 1104 1126 1110
f 295 449 355
f 386 403 394
f 413 394 402
f 567 422 403
f 1359 1360 1127
f 394 397 393
f 1359 1360 1128
f 396 412 416
f 399 442 405
f 404 405 425
f 404 425 412
f 397 407 393
f 272 441 406
f 393 407 408
f 1096 1125 1119
f 398 700 426
f 1098 1129 1118
f 1123 1130 1098
f 402 394 403
f 1665 1668 1667
f 393 408 380
f 1665 1395 1668
f 1125 1131 1119
f 1128 1360 1117
f 1125 1118 1132
f 1125 1132 1131
f 409 396 410
f 409 410 411
f 1359 1119 1133
f 1129 1098 1134
f 396 416 410
f 369 16 389
f 412 425 438
f 389 441 272
f 1091 1422 1403
f 413 402 414
f 413 414 400
f 400 414 431
f 400 431 407
f 1119 1131 1132
f 402 403 415
f 388 421 475
f 1118 1360 1132
f 1123 1135 1130
f 1110 1126 1091
f 1118 1129 1360
f 1130 1135 1098
f 1360 1136 1132
f 412 438 416
f 408 407 419
f 1132 1136 1119
f 371 367 417
f 1135 1123 1117
f 1134 1098 1137
f 1134 1137 1360
f 1134 1360 1129
f 1119 1136 1138
f 1098 1360 1137
f 1135 1117 1360
f 1119 1138 1133
f 1135 1360 1098
f 1360 1133 1136
f 403 422 415
f 312 480 382
f 1133 1138 1136
f 367 439 417
f 700 406 418
f 700 418 426
f 407 431 419
f 406 441 418
f 321 337 434
f 365 1120 312
f 408 420 380
f 389 16 428
f 388 411 421
f 1666 1178 1361
f 1126 1104 1139
f 1104 1108 1139
f 391 437 422
f 422 423 415
f 416 424 410
f 402 415 440
f 402 440 414
f 411 410 454
f 425 453 438
f 425 405 453
f 380 420 392
f 401 390 450
f 426 418 427
f 405 442 436
f 389 428 441
f 426 427 398
f 295 299 429
f 421 411 430
f 411 454 430
f 416 438 424
f 414 440 431
f 405 445 453
f 431 432 419
f 419 432 433
f 419 433 408
f 399 450 442
f 377 392 378
f 298 15 337
f 312 1120 480
f 1361 1178 1111
f 321 434 11
f 3 398 1
f 337 435 434
f 417 439 371
f 405 436 445
f 408 433 420
f 434 435 11
f 392 420 456
f 428 16 563
f 437 391 382
f 415 423 451
f 453 424 438
f 436 443 445
f 436 442 443
f 367 452 439
f 410 424 454
f 440 415 451
f 428 563 441
f 1124 1140 1108
f 442 462 443
f 442 444 462
f 1091 1141 1422
f 445 443 462
f 382 480 446
f 454 467 430
f 1124 1094 1140
f 1120 447 480
f 382 446 448
f 382 448 437
f 437 423 422
f 355 449 16
f 442 450 470
f 431 440 459
f 431 459 432
f 440 451 459
f 371 439 452
f 1094 466 1140
f 1091 1126 1141
f 445 462 453
f 429 299 8
f 371 8 299
f 454 424 467
f 441 427 418
f 420 433 456
f 475 421 455
f 451 423 478
f 392 456 378
f 321 11 390
f 3 1 4
f 390 473 450
f 1126 1142 1141
f 442 470 444
f 562 457 458
f 1384 1410 1408
f 453 461 424
f 453 462 461
f 1411 1409 1667
f 1667 1668 1411
f 467 424 462
f 467 462 468
f 459 460 432
f 433 432 456
f 459 451 460
f 461 462 424
f 423 437 478
f 460 463 432
f 468 462 444
f 427 1 398
f 562 565 457
f 444 470 468
f 464 465 466
f 427 441 563
f 421 430 455
f 467 472 430
f 467 468 472
f 460 451 463
f 1404 1469 1400
f 432 463 456
f 463 451 456
f 451 478 456
f 447 1120 469
f 371 452 8
f 437 448 478
f 427 563 1
f 430 474 455
f 430 472 474
f 475 455 474
f 450 473 470
f 468 470 472
f 464 562 471
f 1384 1403 1410
f 1111 1143 1106
f 472 473 474
f 563 2 1
f 474 473 475
f 464 471 465
f 1408 1410 1412
f 448 476 478
f 470 473 472
f 11 435 485
f 1126 1139 1142
f 466 1144 1140
f 456 476 378
f 562 477 471
f 478 476 456
f 1143 1111 1145
f 562 458 477
f 476 446 378
f 1106 1152 1120
f 475 473 565
f 564 367 378
f 1408 1412 1404
f 447 469 492
f 367 564 452
f 8 452 479
f 1410 1403 1412
f 447 492 480
f 1108 1140 1139
f 1409 1411 1669
f 457 565 458
f 1142 1139 1141
f 458 483 477
f 295 429 7
f 458 565 483
f 479 452 484
f 1120 1194 469
f 471 477 465
f 480 481 446
f 446 564 378
f 15 9 337
f 448 446 476
f 465 489 466
f 480 492 494
f 1669 1411 1190
f 1144 466 489
f 1411 1668 1413
f 477 483 482
f 429 8 7
f 1469 1404 1414
f 1140 1149 1139
f 481 480 494
f 565 507 483
f 1403 1415 1412
f 1143 1145 1106
f 1106 1145 1146
f 435 337 485
f 1141 1139 1147
f 1144 489 1140
f 1194 498 469
f 390 11 473
f 295 7 449
f 483 507 482
f 3 4 15
f 1415 1416 1412
f 452 564 484
f 485 337 9
f 1152 1106 1148
f 1111 1178 1145
f 465 477 486
f 484 564 500
f 1387 1393 1388
f 565 487 507
f 1106 1146 1148
f 479 484 500
f 1139 1149 1147
f 1422 1141 1153
f 565 473 495
f 485 488 11
f 1141 1147 1151
f 1147 1149 1150
f 498 492 469
f 1404 1412 1417
f 1147 1150 1151
f 481 497 446
f 1403 1422 1415
f 485 9 488
f 465 486 489
f 481 494 497
f 8 479 500
f 1415 1422 1416
f 1404 1417 1414
f 477 507 486
f 1412 1418 1417
f 1668 1420 1419
f 1417 1418 1414
f 1388 1419 1420
f 1140 489 1149
f 487 490 507
f 9 14 488
f 446 497 491
f 563 5 2
f 1151 1153 1141
f 1668 1419 1413
f 1145 1154 1146
f 1148 1146 1157
f 1148 1157 1152
f 492 493 494
f 482 507 477
f 565 495 487
f 1411 1413 1190
f 487 495 490
f 11 495 473
f 1669 1185 1178
f 14 9 13
f 1151 1150 1153
f 1146 1154 1157
f 488 6 11
f 1150 1149 1155
f 1120 1152 1194
f 1145 1189 1154
f 488 14 6
f 1145 1160 1189
f 1169 1421 1422
f 1153 1150 1155
f 1154 1156 1157
f 1157 1158 1152
f 1194 510 498
f 495 11 506
f 7 8 17
f 1422 1153 1169
f 1145 1178 1160
f 1416 1423 1424
f 1416 1418 1412
f 1416 1422 1423
f 490 496 507
f 8 500 12
f 1425 1419 1388
f 1416 1424 1418
f 1157 1156 1158
f 491 497 502
f 495 501 490
f 492 498 499
f 1422 1429 1423
f 1422 1421 1429
f 492 499 493
f 564 491 500
f 9 15 13
f 1178 1159 1160
f 1154 1189 1156
f 1669 1190 1185
f 1419 1431 1413
f 1393 1426 1388
f 1424 1423 1427
f 1153 1155 1173
f 490 501 496
f 1178 1181 1161
f 1156 1189 1158
f 1163 1164 1189
f 1429 1421 1427
f 1429 1427 1428
f 1178 1162 1159
f 1429 1428 1423
f 1163 1168 1164
f 446 491 564
f 1169 1427 1421
f 1189 1160 1165
f 1166 1160 1167
f 1164 1168 1189
f 1153 1177 1169
f 1162 1170 1159
f 1159 1170 1171
f 1159 1171 1160
f 1427 1172 1424
f 1158 1189 1152
f 1428 1427 1423
f 1178 1185 1183
f 1165 1160 1362
f 1177 1172 1169
f 1160 1166 1362
f 1172 1427 1169
f 1178 1161 1162
f 1153 1173 1174
f 1178 1188 1175
f 1178 1175 1181
f 1153 1174 1177
f 1189 1362 1168
f 1171 1170 1162
f 1168 1176 1189
f 497 494 504
f 495 506 501
f 1174 1173 1177
f 1165 1362 1189
f 1183 1187 1178
f 1178 1187 1188
f 1166 1179 1362
f 1166 1167 1179
f 1160 1171 1180
f 1181 1175 1162
f 1181 1162 1161
f 1189 1184 1192
f 1183 1185 1182
f 1183 1182 1187
f 1179 1167 1362
f 1180 1171 1167
f 1180 1167 1160
f 1189 1176 1184
f 1184 1176 1192
f 1149 1173 1155
f 1185 1190 1182
f 1176 1168 1192
f 497 504 502
f 6 14 10
f 449 7 17
f 1187 1182 1186
f 1175 1188 1182
f 1175 1182 1162
f 1187 1182 1188
f 1189 1192 1152
f 11 10 496
f 1424 1172 1430
f 1182 1190 1432
f 1171 1162 1182
f 1171 1182 1167
f 1190 1413 1431
f 11 6 10
f 4 1 29
f 1149 1191 1173
f 1362 1167 1168
f 1172 1177 1430
f 501 506 496
f 1192 1168 1152
f 491 503 500
f 504 494 493
f 1364 1193 1194
f 491 502 505
f 507 496 508
f 8 12 18
f 8 18 17
f 1195 1177 1173
f 505 503 491
f 506 11 496
f 1152 1168 1364
f 13 10 14
f 1424 1670 1418
f 489 1206 1196
f 1194 1193 510
f 15 4 13
f 502 504 505
f 1177 1195 1430
f 507 508 509
f 486 512 1197
f 489 1196 1149
f 1385 1400 1393
f 507 512 486
f 507 509 512
f 510 499 498
f 1191 1149 1196
f 500 503 21
f 1191 1363 1173
f 486 1197 1206
f 504 493 519
f 509 511 512
f 1424 1430 1436
f 1168 1167 1364
f 496 10 514
f 1194 1152 1364
f 500 21 12
f 489 486 1206
f 1670 1424 1436
f 504 519 505
f 16 5 563
f 1197 512 513
f 1182 1364 1167
f 1432 1200 1182
f 493 499 519
f 1432 1190 1200
f 1400 1445 1393
f 509 508 511
f 499 510 516
f 505 21 503
f 496 514 521
f 1200 1190 1434
f 10 13 4
f 12 21 18
f 1173 1363 1195
f 508 496 511
f 1182 1200 1364
f 511 515 512
f 1431 1419 1433
f 1190 1431 1434
f 1363 1196 1195
f 1191 1196 1363
f 1430 1195 1436
f 1670 1435 1418
f 1206 1197 1204
f 1418 1435 1414
f 512 515 513
f 449 17 20
f 17 18 19
f 10 4 514
f 499 516 517
f 1195 1438 1436
f 1197 513 1204
f 1670 1436 1435
f 1193 516 510
f 499 518 519
f 505 519 518
f 17 19 20
f 1435 1436 1439
f 1206 1204 1198
f 499 517 518
f 1195 1196 1438
f 515 511 520
f 511 496 521
f 521 514 244
f 18 21 19
f 1198 1204 1199
f 1434 1431 1437
f 1364 1200 1193
f 1206 1198 1201
f 516 527 517
f 515 520 513
f 511 521 520
f 21 22 19
f 1436 1438 1439
f 1198 1199 1201
f 1438 1196 1202
f 1435 1439 1440
f 505 518 522
f 1414 1440 1469
f 516 1193 1203
f 513 520 1213
f 1434 1437 1200
f 521 26 520
f 1199 1205 1201
f 1199 1204 1205
f 16 449 20
f 16 20 5
f 1201 1205 1206
f 1206 1205 1207
f 516 1203 1208
f 522 518 38
f 1425 1388 1426
f 1196 1206 1209
f 1439 1438 1441
f 4 244 514
f 518 526 566
f 517 526 518
f 1208 1203 1210
f 1441 1438 1442
f 1206 1207 1209
f 1204 513 1213
f 1203 1193 1210
f 517 527 526
f 1207 1211 1212
f 505 522 61
f 505 61 21
f 1200 1437 1443
f 1200 1443 1447
f 1437 1431 1443
f 1438 1202 1442
f 1204 1213 1205
f 1211 1207 1205
f 1211 1205 1212
f 5 23 2
f 21 61 22
f 1439 1441 1440
f 1431 1451 1443
f 516 1208 527
f 20 24 5
f 1208 1210 1214
f 518 566 38
f 1209 1207 1212
f 1400 1469 1445
f 1414 1435 1440
f 1200 1215 1193
f 19 22 20
f 1210 1216 1214
f 1212 1205 1365
f 1209 1217 1196
f 1193 1216 1210
f 4 29 25
f 29 1 2
f 1431 1433 1451
f 1214 1216 1218
f 520 523 1213
f 1671 1393 1445
f 1215 1228 1193
f 1209 1212 1217
f 1193 1228 1216
f 1208 1214 1218
f 1205 1213 529
f 26 521 244
f 520 26 41
f 1196 1366 1202
f 1365 1205 1225
f 520 40 523
f 1218 1219 1208
f 1205 529 1225
f 1213 523 524
f 520 41 40
f 20 27 24
f 1200 1236 1215
f 20 22 28
f 25 29 30
f 20 28 27
f 1196 1217 1366
f 1393 1671 1444
f 1445 1446 1671
f 1200 1447 1236
f 1208 1219 1230
f 1208 1230 527
f 4 31 244
f 5 24 32
f 1393 1444 1426
f 27 33 24
f 22 61 34
f 244 245 26
f 35 23 5
f 38 566 525
f 24 36 32
f 526 527 1224
f 25 30 37
f 24 33 36
f 566 46 525
f 1425 1426 1448
f 38 525 39
f 566 526 528
f 38 39 522
f 1419 1425 1449
f 1433 1450 1451
f 1440 1470 1469
f 1440 1441 1470
f 1217 1222 1366
f 529 1213 524
f 244 31 245
f 1419 1452 1433
f 522 39 61
f 26 40 41
f 5 32 35
f 28 33 27
f 1365 1220 1212
f 1216 1228 1218
f 25 37 4
f 26 42 40
f 1212 1220 1217
f 31 43 245
f 1451 1450 1453
f 1451 1454 1443
f 1441 1442 1467
f 1442 1202 1467
f 534 46 566
f 1202 1366 1466
f 1236 1447 1487
f 35 32 36
f 523 44 524
f 1448 1426 1455
f 22 45 28
f 1221 1228 1218
f 23 35 145
f 1218 1228 1219
f 1671 1446 1444
f 39 525 46
f 1217 1220 1222
f 29 2 101
f 1425 1448 1449
f 1223 1224 527
f 245 43 248
f 526 1224 528
f 37 30 247
f 1444 1456 1426
f 35 36 145
f 529 531 1225
f 37 247 4
f 28 45 47
f 1469 1457 1445
f 1365 1226 1220
f 1441 1472 1470
f 1466 1366 1227
f 1443 1454 1447
f 1447 1454 1487
f 1228 1215 1229
f 527 1230 1223
f 33 48 246
f 1433 1476 1450
f 1441 1467 1479
f 566 528 534
f 530 46 534
f 1454 1451 1453
f 42 26 245
f 1444 1458 1456
f 1449 1448 1455
f 47 45 49
f 48 33 47
f 1220 1226 1231
f 4 247 31
f 1366 1222 1232
f 1419 1449 1459
f 45 22 50
f 22 51 50
f 22 34 51
f 30 29 52
f 1460 1426 1456
f 28 47 33
f 1466 1467 1202
f 31 89 43
f 1220 1231 1222
f 1219 1233 1230
f 1366 1232 1234
f 40 53 523
f 523 53 44
f 40 54 53
f 1433 1452 1476
f 524 531 529
f 1441 1479 1472
f 245 248 42
f 42 54 40
f 51 34 55
f 51 55 50
f 34 61 56
f 34 56 55
f 1230 1235 1223
f 1225 1226 1365
f 33 246 36
f 1449 1455 1461
f 145 36 246
f 248 43 57
f 1366 1234 1227
f 1236 1237 1215
f 528 532 534
f 1476 1452 1462
f 1419 1463 1452
f 1467 1252 1481
f 246 48 58
f 1419 1464 1500
f 1419 1459 1464
f 48 47 58
f 1449 1461 1459
f 531 1238 1225
f 1446 1445 1457
f 49 45 59
f 31 247 60
f 60 89 31
f 1453 1450 1465
f 61 39 62
f 61 62 63
f 52 29 64
f 52 64 30
f 61 63 56
f 63 62 56
f 1466 1252 1467
f 1222 1239 1240
f 533 531 524
f 532 70 534
f 534 70 530
f 530 70 46
f 528 1224 535
f 1241 1242 1215
f 1468 1457 1469
f 1470 1471 1469
f 43 65 57
f 1230 1243 1235
f 1470 1472 1471
f 1241 1215 1244
f 1215 1237 1244
f 1238 531 1245
f 50 55 45
f 64 29 101
f 528 536 537
f 528 537 532
f 1242 1241 1246
f 1224 1223 1247
f 43 89 66
f 1426 1460 1455
f 1241 1244 1248
f 1230 1233 1243
f 247 89 60
f 45 249 59
f 1487 1454 1473
f 59 249 67
f 1222 1240 1249
f 59 67 49
f 1471 1474 1469
f 1219 1228 1233
f 1222 1249 1232
f 1456 1458 1475
f 57 65 68
f 57 69 248
f 57 68 69
f 1463 1419 1500
f 1450 1476 1477
f 1235 1243 1250
f 1463 1462 1452
f 1460 1475 1455
f 1246 1241 1251
f 1246 1251 1242
f 524 538 533
f 1466 1227 1252
f 2 23 101
f 23 145 101
f 1252 1478 1481
f 1241 1248 1251
f 1479 1467 1480
f 70 71 46
f 532 537 539
f 537 536 539
f 64 101 30
f 1454 1453 1473
f 1481 1482 1467
f 1481 1480 1482
f 1229 1242 1228
f 1242 1251 1253
f 1237 1287 1244
f 1237 1236 1287
f 1223 1250 1254
f 67 249 49
f 1229 1215 1242
f 1227 1234 1292
f 1467 1482 1480
f 1487 1483 1236
f 1252 1480 1478
f 58 47 249
f 1234 1232 1255
f 1478 1480 1484
f 1478 1484 1481
f 1481 1484 1480
f 248 69 72
f 43 73 65
f 70 74 71
f 1223 1235 1250
f 1225 1238 1226
f 532 539 70
f 1469 1474 1468
f 1242 1253 1256
f 42 248 75
f 42 75 54
f 1224 1247 535
f 1251 1248 1253
f 1228 1367 1233
f 45 55 249
f 1231 1239 1222
f 1247 1223 1254
f 1446 1485 1458
f 1240 1239 1249
f 30 101 94
f 58 249 246
f 1444 1446 1458
f 540 74 70
f 70 541 540
f 1456 1475 1460
f 538 524 542
f 528 543 536
f 528 535 543
f 1468 1672 1457
f 1236 1483 1486
f 1249 1257 1232
f 1476 1462 1477
f 1232 1257 1255
f 1450 1477 1465
f 1226 1238 1258
f 55 56 86
f 69 68 72
f 68 65 72
f 1292 1259 1227
f 1483 1487 1488
f 66 89 76
f 89 77 76
f 1248 1244 1253
f 72 90 248
f 47 49 249
f 1446 1457 1485
f 53 96 44
f 524 44 542
f 540 541 74
f 86 56 62
f 1255 1257 1234
f 538 544 533
f 65 73 72
f 46 78 39
f 539 536 541
f 539 541 70
f 536 545 541
f 533 544 531
f 1228 1242 1367
f 30 94 247
f 1243 1260 1250
f 1236 1486 1287
f 1505 1252 1227
f 1486 1483 1488
f 531 544 1245
f 1455 1489 1461
f 1485 1490 1458
f 1485 1457 1490
f 1247 1254 1261
f 1457 1672 1492
f 1672 1468 1491
f 1672 1491 1492
f 75 248 79
f 44 80 542
f 1249 1262 1257
f 536 546 545
f 1487 1473 1512
f 536 543 546
f 1493 1471 1494
f 1471 1472 1494
f 1453 1465 1495
f 1487 1512 1496
f 1231 1263 1239
f 1492 1491 1457
f 1249 1239 1262
f 1292 1264 1259
f 77 89 94
f 1487 1496 1488
f 1238 1245 1265
f 1473 1497 1512
f 1453 1499 1473
f 1261 535 1247
f 55 86 81
f 1453 1495 1498
f 1453 1498 1499
f 1245 1266 1265
f 1495 1465 1498
f 541 551 74
f 1463 1500 1501
f 46 71 78
f 86 62 99
f 1468 1474 1491
f 1226 1263 1231
f 39 82 62
f 39 98 82
f 78 98 39
f 1262 1239 1267
f 44 96 80
f 1254 535 1261
f 1238 1268 1258
f 1496 1512 1488
f 1464 1502 1500
f 248 90 79
f 1474 1471 1503
f 1491 1474 1504
f 1491 1504 1457
f 145 246 83
f 1233 1269 1243
f 1243 1269 1260
f 94 101 84
f 1464 1459 1554
f 1464 1554 1502
f 1234 1257 1292
f 1480 1542 1479
f 1252 1505 1506
f 1459 1507 1554
f 1233 1367 1270
f 1233 1270 1269
f 1477 1462 1508
f 1458 1490 1509
f 1497 1510 1512
f 1252 1506 1480
f 1238 1265 1268
f 78 71 85
f 86 99 87
f 1500 1502 1511
f 71 74 551
f 1226 1271 1263
f 1512 1510 1535
f 1512 1535 1488
f 546 543 545
f 82 98 62
f 545 551 541
f 43 66 73
f 66 76 88
f 535 547 543
f 543 547 545
f 66 88 73
f 1498 1465 1499
f 1474 1547 1513
f 542 93 538
f 1501 1514 1463
f 535 1254 1272
f 1463 1514 1515
f 1463 1515 1516
f 1475 1489 1455
f 94 89 92
f 1260 1269 1273
f 1260 1273 1250
f 1465 1477 1499
f 1462 1463 1673
f 1462 1673 1517
f 1462 1517 1508
f 1463 1516 1673
f 1458 1509 1562
f 1475 1458 1518
f 55 100 249
f 1227 1259 1505
f 1511 1502 1540
f 1501 1519 1514
f 1259 1274 1505
f 1514 1519 1515
f 1479 1542 1520
f 1510 1497 1535
f 1515 1519 1516
f 1259 1275 1274
f 1259 1264 1275
f 1506 1674 1480
f 1502 1554 1521
f 1502 1521 1540
f 1494 1522 1493
f 1494 1472 1522
f 1250 1273 1276
f 1480 1523 1542
f 1474 1525 1526
f 1254 1250 1276
f 1273 1269 1276
f 75 79 90
f 75 90 54
f 1242 1256 1367
f 544 549 1245
f 246 249 83
f 81 100 55
f 1457 1562 1490
f 1503 1546 1524
f 1458 1562 1518
f 1269 1270 1276
f 1471 1545 1503
f 1503 1524 1474
f 86 99 81
f 1500 1511 1501
f 1474 1524 1525
f 1509 1490 1562
f 78 85 98
f 1471 1493 1545
f 1499 1535 1473
f 1474 1526 1547
f 1473 1535 1497
f 547 535 548
f 85 71 91
f 85 91 98
f 535 1272 1298
f 1272 1254 1298
f 77 94 76
f 1516 1519 1673
f 53 54 96
f 544 538 549
f 1263 1277 1297
f 1263 1297 1239
f 1517 1673 1527
f 1459 1461 1507
f 1517 1527 1508
f 1477 1528 1499
f 1244 1287 1253
f 1505 1274 1278
f 1521 1554 1540
f 1505 1278 1529
f 1226 1258 1268
f 89 247 92
f 1472 1520 1522
f 1505 1529 1506
f 1506 1675 1674
f 1506 1529 1675
f 1264 1274 1275
f 1673 1519 1530
f 1673 1531 1532
f 1503 1545 1546
f 1673 1532 1527
f 1673 1533 1531
f 1524 1546 1525
f 1270 1279 1276
f 1488 1534 1535
f 1270 1288 1279
f 1531 1533 1530
f 1253 1288 1256
f 1532 1531 1527
f 1279 1288 1276
f 1367 1288 1270
f 1281 1280 1367
f 1281 1288 1280
f 1288 1367 1256
f 1533 1673 1530
f 81 99 100
f 1287 1288 1253
f 1477 1508 1528
f 1488 1535 1486
f 1281 1367 1288
f 1472 1479 1520
f 71 98 91
f 1268 1271 1226
f 1263 1282 1277
f 62 98 99
f 1519 1501 1536
f 547 548 545
f 1263 1271 1283
f 1263 1283 1282
f 1278 1274 1284
f 1278 1537 1529
f 1268 1285 1271
f 1271 1285 1283
f 1501 1541 1536
f 1674 1538 1480
f 1526 1525 1547
f 1674 1675 1538
f 1518 1562 1475
f 76 94 88
f 1262 1267 1286
f 1262 1286 1257
f 1519 1541 1530
f 1287 1486 1288
f 93 542 80
f 1245 549 1266
f 1486 1535 1288
f 1297 1289 1239
f 54 90 96
f 247 94 92
f 1282 1283 1277
f 1239 1289 1290
f 1519 1536 1541
f 1531 1530 1528
f 1531 1528 1527
f 1511 1540 1501
f 1508 1527 1528
f 1283 1285 1277
f 1254 1276 1298
f 1474 1513 1504
f 1285 1291 1277
f 1285 1268 1291
f 1480 1538 1523
f 1562 1457 1504
f 1278 1284 1537
f 535 1298 550
f 1284 1552 1537
f 1522 1520 1493
f 1257 1286 1267
f 1507 1461 1554
f 535 550 548
f 71 551 98
f 1284 1274 1539
f 1284 1539 1552
f 1501 1540 1541
f 1264 1292 1274
f 1538 1675 1523
f 1268 1265 1295
f 1540 1554 1541
f 1493 1525 1545
f 1537 1675 1529
f 1291 1268 1277
f 1542 1523 1543
f 1265 1266 1295
f 1542 1543 1520
f 1499 1557 1535
f 1239 1290 1293
f 1461 1489 1554
f 1289 1297 1290
f 1266 549 1295
f 93 80 538
f 1528 1557 1499
f 1504 1513 1544
f 1493 1520 1525
f 1562 1504 1544
f 1552 1539 1300
f 1239 1293 1267
f 1268 1295 1277
f 1537 1552 1675
f 1539 1274 1300
f 1293 1290 1294
f 249 100 95
f 545 548 1299
f 1290 1297 1294
f 1545 1525 1546
f 538 1301 549
f 1547 1548 1513
f 73 88 103
f 80 96 1301
f 1267 1293 1257
f 1295 549 1296
f 1675 1553 1523
f 1520 1549 1525
f 551 554 97
f 1288 1535 1557
f 550 1299 548
f 1541 1554 1556
f 1547 1525 1548
f 1541 1558 1530
f 1525 1549 1548
f 1530 1558 1528
f 1274 1292 1300
f 1297 1277 1294
f 1277 1295 1294
f 1288 1306 1276
f 1276 1306 1299
f 1276 1299 1298
f 1298 1299 550
f 545 1299 554
f 545 554 551
f 98 551 97
f 98 97 99
f 99 97 105
f 99 105 100
f 101 145 134
f 90 1301 96
f 80 1301 538
f 88 94 103
f 73 103 72
f 72 102 90
f 1544 1513 1550
f 1523 1553 1543
f 1541 1556 1558
f 102 72 103
f 1528 1558 1557
f 1553 1675 1552
f 1257 1294 1300
f 549 1301 1296
f 90 104 1301
f 90 102 104
f 95 83 249
f 1551 1513 1548
f 1292 1257 1300
f 1296 1301 553
f 1293 1294 1257
f 1552 1676 1553
f 105 95 100
f 1288 1564 1306
f 1520 1543 1549
f 1554 1555 1556
f 1306 1302 1299
f 1288 1557 1564
f 1557 1558 1559
f 1556 1559 1558
f 1513 1551 1550
f 1295 1296 1294
f 94 106 103
f 1552 1300 1676
f 103 107 102
f 1543 1560 1549
f 97 108 109
f 102 110 111
f 1296 553 1294
f 1676 1563 1553
f 1543 1561 1560
f 1299 1302 1305
f 1301 552 553
f 102 111 104
f 1544 1550 1562
f 1553 1563 1543
f 1560 1561 1549
f 1549 1561 1548
f 102 112 110
f 1564 1557 1565
f 104 110 113
f 107 114 102
f 102 114 112
f 103 114 107
f 1301 115 116
f 104 111 110
f 1301 104 115
f 1543 1563 1561
f 1557 1559 1565
f 1551 1548 1566
f 1551 1566 1567
f 1306 1303 1302
f 1561 1568 1548
f 552 1301 125
f 1301 116 125
f 1551 1567 1550
f 97 554 108
f 554 117 108
f 1565 1678 1564
f 83 95 118
f 94 84 122
f 94 122 106
f 105 118 95
f 109 108 117
f 1300 1294 1676
f 116 115 119
f 97 109 120
f 1303 1306 1304
f 1567 1566 1569
f 104 119 121
f 104 121 115
f 1567 1569 1550
f 1475 1562 1577
f 115 121 119
f 106 122 124
f 106 124 123
f 1564 1305 1306
f 1548 1568 1566
f 1302 1303 1305
f 1566 1570 1569
f 1569 1570 1550
f 124 122 123
f 127 1576 1294
f 553 552 127
f 553 127 1294
f 106 114 103
f 1304 1306 1305
f 1565 1677 1678
f 1561 1571 1568
f 1565 1559 1677
f 118 105 97
f 1559 1572 1677
f 104 113 119
f 1299 1305 554
f 116 127 125
f 1303 1304 1305
f 106 123 130
f 1556 1572 1559
f 1561 1563 1573
f 1561 1573 1681
f 1561 1681 1571
f 1562 1570 1577
f 1563 1676 1573
f 117 554 1305
f 114 106 130
f 1571 1681 1568
f 1554 1602 1555
f 1562 1550 1570
f 1573 1676 1681
f 97 120 118
f 117 1305 132
f 109 117 120
f 1574 1568 1681
f 1305 1564 1678
f 125 127 552
f 123 126 130
f 130 126 128
f 112 114 130
f 1574 1575 1568
f 116 119 127
f 1568 1575 1566
f 1294 1576 1676
f 1554 1489 1602
f 126 123 129
f 126 129 128
f 123 122 129
f 118 133 83
f 1575 1570 1566
f 1572 1679 1677
f 1677 1679 1678
f 117 132 120
f 110 112 113
f 119 113 127
f 1575 1574 1570
f 128 129 130
f 1556 1555 1679
f 1556 1679 1572
f 120 250 118
f 1676 1576 1681
f 127 113 1307
f 133 118 250
f 1475 1577 1489
f 1570 1574 1578
f 120 131 250
f 112 130 129
f 1574 1681 1680
f 1307 113 112
f 112 129 144
f 132 131 120
f 1678 1679 1579
f 1574 1680 1578
f 1679 1555 1684
f 1679 1682 1579
f 1678 1580 1305
f 1578 1680 1584
f 1681 1576 1308
f 1570 1581 1577
f 1489 1577 1582
f 1576 127 1307
f 1678 1579 1683
f 1680 1681 1586
f 133 163 83
f 101 156 84
f 1580 132 1305
f 250 251 133
f 1680 1583 1584
f 1586 1681 1595
f 83 163 134
f 1682 1679 1585
f 1680 1589 1583
f 1680 1586 1590
f 1579 1682 1587
f 1681 1308 1595
f 1682 1593 1587
f 1680 1590 1589
f 1682 1585 1593
f 1584 1596 1578
f 1579 1587 1683
f 251 135 133
f 251 136 138
f 139 137 142
f 139 142 144
f 1580 131 132
f 251 138 135
f 251 141 136
f 1590 1588 1589
f 1590 1586 1595
f 1590 1595 1588
f 112 144 1307
f 139 144 129
f 137 139 146
f 1678 1683 1580
f 138 136 140
f 1585 1679 1591
f 1585 1591 1593
f 139 152 146
f 129 122 253
f 137 146 142
f 250 131 251
f 1596 1584 1592
f 1584 1583 1592
f 1583 1589 1592
f 1589 1588 1592
f 1587 1593 1683
f 251 149 141
f 136 141 140
f 142 143 144
f 139 129 152
f 83 134 145
f 146 143 142
f 1576 1307 1308
f 1555 1602 1684
f 1570 1578 1581
f 138 140 135
f 146 147 148
f 146 148 143
f 140 141 149
f 1679 1684 1594
f 1679 1594 1591
f 144 143 150
f 148 147 151
f 148 151 143
f 146 152 147
f 252 133 135
f 147 153 151
f 1588 1595 1592
f 151 153 143
f 1593 1591 1683
f 140 149 135
f 1592 1595 1596
f 143 153 150
f 122 84 154
f 153 147 150
f 152 129 253
f 1578 1596 1597
f 251 131 149
f 133 252 163
f 134 162 101
f 150 147 152
f 1595 1308 1596
f 149 252 135
f 144 150 1307
f 1577 1581 1598
f 1578 1597 1581
f 1683 1594 1580
f 122 154 155
f 84 156 154
f 1683 1591 1594
f 1577 1599 1582
f 1489 1582 1602
f 1581 1597 1600
f 150 253 1307
f 131 252 149
f 101 162 156
f 1597 1596 1308
f 150 152 253
f 253 122 155
f 1580 1309 131
f 1598 1581 1600
f 253 157 1307
f 155 154 158
f 1597 1308 1600
f 1309 1609 131
f 1307 1613 1308
f 1582 1601 1602
f 1582 1599 1601
f 158 157 155
f 252 131 159
f 252 159 160
f 134 161 162
f 157 158 154
f 163 164 134
f 156 165 154
f 252 160 163
f 1577 1603 1599
f 1594 1684 1633
f 156 162 165
f 1602 1623 1684
f 1603 1604 1599
f 134 175 166
f 154 254 157
f 253 155 157
f 165 162 167
f 161 134 166
f 1602 1605 1623
f 134 164 168
f 164 160 168
f 1598 1606 1577
f 154 169 170
f 160 159 171
f 154 170 254
f 164 163 160
f 1309 1580 1607
f 134 168 175
f 162 161 167
f 1602 1601 1605
f 170 255 254
f 1307 157 260
f 1307 259 1321
f 1577 1606 1603
f 170 172 255
f 1600 1608 1598
f 157 173 174
f 1309 1607 1609
f 1607 1580 1630
f 167 256 165
f 1307 1310 1613
f 166 175 161
f 154 165 169
f 1599 1604 1601
f 1310 1307 1321
f 167 161 189
f 1603 1606 1604
f 1580 1610 1630
f 1613 1310 1316
f 1308 1641 1651
f 175 189 161
f 1598 1611 1606
f 157 254 173
f 1580 1594 1610
f 1608 1600 1612
f 131 1609 1311
f 1641 1613 1316
f 1600 1308 1651
f 169 165 170
f 1594 1633 1630
f 1605 1601 1604
f 1606 1611 1604
f 175 168 176
f 1307 260 259
f 1308 1613 1641
f 1598 1608 1611
f 157 174 260
f 177 159 202
f 1614 1615 1604
f 1315 195 131
f 171 159 177
f 1684 1623 1633
f 1605 1616 1623
f 165 256 178
f 254 261 173
f 1604 1611 1614
f 1608 1617 1611
f 131 179 159
f 170 165 172
f 1623 1618 1619
f 1623 1619 1620
f 1311 1315 131
f 1600 1651 1612
f 1623 1620 1633
f 171 177 205
f 1620 1619 1633
f 176 180 175
f 168 160 176
f 1610 1594 1630
f 1609 1607 1313
f 1633 1619 1621
f 176 183 180
f 167 257 256
f 165 181 188
f 1604 1615 1605
f 189 183 182
f 180 183 175
f 1311 1609 1312
f 131 258 179
f 1609 1313 1312
f 202 205 177
f 1617 1608 1612
f 160 171 176
f 261 264 173
f 173 264 184
f 189 182 185
f 254 255 186
f 254 186 187
f 189 257 167
f 189 185 257
f 1623 1626 1618
f 188 172 165
f 189 175 183
f 254 187 261
f 1616 1622 1623
f 165 178 190
f 182 183 185
f 1607 1624 1313
f 1618 1625 1619
f 1618 1621 1625
f 1623 1622 1626
f 1619 1625 1621
f 1605 1647 1616
f 1605 1615 1647
f 256 191 192
f 178 256 190
f 165 190 181
f 1618 1626 1627
f 257 185 191
f 179 258 193
f 159 179 202
f 258 131 194
f 131 195 194
f 1311 1314 1315
f 1315 1353 195
f 1312 1313 1648
f 1316 1325 1317
f 1316 1310 1318
f 174 196 197
f 174 197 260
f 1316 1318 1319
f 1616 1628 1622
f 260 197 198
f 176 199 183
f 174 184 196
f 259 260 262
f 1310 200 1320
f 1321 259 200
f 1321 200 1310
f 1616 1647 1628
f 187 201 261
f 173 184 174
f 1614 1629 1615
f 257 191 256
f 195 1353 263
f 202 179 193
f 1607 1630 1631
f 187 186 203
f 187 203 204
f 195 258 194
f 1621 1632 1633
f 205 206 207
f 1607 1634 1624
f 1311 1312 1322
f 1311 1322 1314
f 1624 1635 1313
f 1312 1648 1323
f 1633 1636 1630
f 185 208 191
f 1317 1325 1324
f 185 183 208
f 1316 1317 1324
f 1316 1324 1641
f 1325 1316 1649
f 1325 1649 1324
f 261 209 264
f 1316 1319 1649
f 1641 1324 1637
f 1612 1638 1617
f 198 197 210
f 197 211 210
f 197 196 211
f 260 198 262
f 259 262 212
f 1633 1632 1639
f 1633 1639 1636
f 1319 1318 1326
f 187 204 213
f 187 213 201
f 1640 1641 1651
f 205 202 206
f 195 214 258
f 195 263 215
f 195 215 214
f 172 188 181
f 214 215 258
f 1636 1639 1642
f 1636 1642 1630
f 255 172 181
f 1634 1607 1631
f 1634 1631 1624
f 186 255 181
f 1624 1631 1643
f 1624 1643 1635
f 191 208 216
f 1628 1644 1645
f 1628 1645 1622
f 206 202 265
f 190 256 181
f 183 216 208
f 201 217 261
f 201 213 217
f 1611 1617 1614
f 1639 1632 1642
f 258 215 263
f 258 263 218
f 1635 1643 1646
f 1312 1327 1322
f 191 219 192
f 192 219 256
f 1313 1635 1646
f 1647 1615 1628
f 1626 1622 1627
f 1313 1646 1648
f 1642 1632 1630
f 261 217 209
f 210 211 196
f 210 196 198
f 1310 1320 1328
f 205 207 220
f 1618 1627 1621
f 1622 1645 1644
f 191 216 219
f 1628 1615 1644
f 183 199 221
f 176 171 222
f 176 222 199
f 1324 1649 1326
f 1320 200 1328
f 171 205 223
f 203 186 224
f 203 224 204
f 264 209 225
f 205 220 223
f 1615 1622 1644
f 207 222 223
f 207 223 220
f 262 226 212
f 193 258 227
f 198 196 262
f 217 213 204
f 1631 1630 1650
f 184 228 229
f 1615 1629 1632
f 1615 1632 1622
f 1622 1632 1627
f 1318 1310 1329
f 1341 259 226
f 184 264 225
f 1319 1326 1649
f 1324 1326 1342
f 1328 200 259
f 1324 1342 1637
f 1648 1330 1331
f 217 204 224
f 217 224 209
f 1614 1617 1629
f 171 223 222
f 1651 1641 1637
f 259 212 226
f 184 265 228
f 216 183 219
f 1314 1332 1315
f 181 225 186
f 224 186 209
f 202 193 265
f 226 230 1341
f 184 229 231
f 184 231 196
f 1318 1329 1326
f 1312 1323 1333
f 1312 1333 1327
f 1323 1648 1331
f 219 222 232
f 219 183 222
f 229 228 231
f 263 233 218
f 232 234 219
f 232 222 234
f 219 234 235
f 1323 1334 1333
f 196 231 262
f 207 234 222
f 235 234 236
f 207 206 265
f 181 256 225
f 235 236 219
f 1627 1632 1621
f 1322 1327 1314
f 1638 1612 1652
f 209 186 225
f 259 1341 1328
f 1638 1652 1653
f 1648 1646 1336
f 1648 1336 1330
f 1338 237 218
f 219 236 256
f 207 238 234
f 1329 1310 1335
f 207 265 238
f 218 237 258
f 193 239 240
f 218 233 1338
f 241 230 226
f 234 225 236
f 265 234 238
f 1643 1650 1654
f 226 262 241
f 225 256 236
f 265 225 234
f 1651 1655 1653
f 1651 1656 1655
f 1643 1654 1657
f 227 228 239
f 193 240 265
f 239 193 227
f 227 242 228
f 199 222 221
f 241 237 1338
f 258 237 227
f 239 228 240
f 243 241 1338
f 1652 1612 1653
f 1330 1336 1331
f 1655 1638 1653
f 1655 1656 1638
f 1643 1631 1650
f 1329 1335 1326
f 1658 1659 1637
f 233 263 1338
f 262 242 241
f 1310 1328 1335
f 265 240 228
f 1323 1331 1334
f 184 225 265
f 1646 1643 1657
f 221 222 183
f 1331 1336 1337
f 241 242 237
f 231 228 262
f 227 237 242
f 1612 1651 1653
f 1658 1637 1660
f 1658 1654 1659
f 241 243 230
f 1654 1660 1657
f 243 1341 230
f 1658 1660 1654
f 1338 1339 1328
f 242 262 228
f 1651 1650 1656
f 1657 1660 1342
f 1657 1342 1336
f 1646 1657 1336
f 1629 1661 1632
f 1328 1340 1338
f 1328 1341 1340
f 1334 1337 1342
f 1334 1331 1337
f 1337 1663 1342
f 1337 1336 1663
f 1654 1650 1659
f 1343 1344 1345
f 1343 1345 1346
f 1342 1344 1334
f 1637 1342 1660
f 1336 1342 1350
f 1343 1334 1344
f 1650 1651 1659
f 1617 1662 1629
f 1345 1342 1346
f 1629 1662 1661
f 1656 1650 1638
f 1338 1340 243
f 1342 1345 1344
f 1340 1341 243
f 1338 1347 1339
f 1338 1327 1347
f 1314 1327 1348
f 1314 1348 1332
f 1346 1342 1349
f 1663 1350 1342
f 1663 1336 1350
f 1637 1659 1651
f 1650 1630 1632
f 1333 1334 1351
f 1333 1351 1327
f 1327 1339 1347
f 1338 263 1327
f 1339 1327 1352
f 1315 1332 1353
f 1662 1650 1661
f 1662 1617 1650
f 1343 1352 1334
f 1352 1328 1339
f 1342 1335 1328
f 1334 1352 1351
f 1650 1617 1638
f 1661 1650 1632
f 1327 1353 1348
f 1353 1327 263
f 1332 1348 1353
f 1342 1328 1349
f 1328 1346 1349
f 1328 1352 1346
f 1352 1327 1351
f 1342 1326 1335
f 1343 1346 1352
f 14521 14533 14507
f 14521 14550 14533
f 14521 14722 14550
f 13944 13988 13987
f 13931 14025 14046
f 13931 14036 14025
f 14071 14077 14073
f 13140 13155 13134
f 13155 13190 13137
f 13155 13434 13190
f 13137 13190 13210
f 10902 10903 10481
f 11178 11179 11182
f 9703 9897 11179
f 9784 9898 10089
f 9784 9841 9898
f 9784 9797 9841
f 9784 9796 9797
f 9784 9904 9796
f 10028 10023 10021
f 7599 7661 7663
f 2995 2576 3645
f 2995 2612 2576
f 2995 2580 2612
f 2995 2621 2580
f 2995 2996 2621
f 2995 2678 2996
f 2995 2582 2678
f 2995 2603 2582
f 2995 3611 3631
f 2995 3649 3611
f 2324 2345 2356
f 2324 2371 2345
f 2324 2544 2371
f 2324 2338 2544
f 2500 2495 2545
f 2500 2514 2495
f 2500 2506 2504
f 2500 2501 2506
f 2500 2493 2518
f 2500 2545 2493
f 2501 2515 2000
f 1998 2022 2036
f 2035 2004 2034
f 2035 2272 2046
f 2025 2037 2036
f 2025 2008 2037
f 2025 2022 2015
f 2938 2914 2920
f 2053 2273 2274
f 2053 2106 2273
f 2053 2105 2106
f 2053 2096 2105
f 2053 2079 2096
f 2026 2089 2067
f 567 403 386
f 12195 11963 11958
f 12668 12669 12241
f 12668 12675 12669
f 12668 12241 12670
f 12668 12255 12675
f 12195 12177 11966
f 12668 12281 12255
f 12668 12670 12249
f 12195 12016 12176
f 12668 12249 12671
f 12195 11966 12188
f 12668 12671 12336
f 12195 12188 12069
f 12195 12062 12016
f 12668 12341 12281
f 12668 12336 12341
f 12195 12069 12076
f 12195 12076 12062
f 7212 6974 6975
f 7212 6975 7211
f 7212 7215 6965
f 7212 6978 7215
f 7212 6964 6974
f 7212 7211 6980
f 7212 6965 6973
f 7212 6988 6979
f 7212 6973 7213
f 7212 6990 6992
f 7212 6986 7029
f 4996 4999 4990
f 4996 4990 5752
f 4996 5823 5012
f 4996 5757 5823
